/** Auto-generated from assets/nav_car_top.png — top-down nav car sprite. */
#include "lvgl/lvgl.h"

static const uint8_t s2_nav_car_img_map[] = {
    0x00,0x00,0x00,0x00,0x00,0x00,0x00,0x00,0x00,0x00,0x00,0x00,0x00,0x00,0x00,0x00,
    0x00,0x00,0x00,0x00,0x00,0x00,0x00,0x00,0x00,0x00,0x00,0x00,0x00,0x00,0x00,0x00,
    0x00,0x00,0x00,0x00,0x00,0x00,0x00,0x00,0x00,0x00,0x00,0x00,0x00,0x00,0x00,0x00,
    0x00,0x00,0x00,0x00,0x00,0x00,0x00,0x00,0x00,0x00,0x00,0x00,0x00,0x00,0x00,0x00,
    0x00,0x00,0x00,0x00,0x00,0x00,0x00,0x00,0x00,0x00,0x00,0x00,0x00,0x00,0x00,0x00,
    0x00,0x00,0x00,0x00,0x00,0x00,0x00,0x00,0x00,0x00,0x00,0x00,0x00,0x00,0x00,0x00,
    0x00,0x00,0x00,0x00,0x00,0x00,0x00,0x00,0x00,0x00,0x00,0x00,0x00,0x00,0x00,0x00,
    0x00,0x00,0x00,0x00,0x00,0x00,0x00,0x00,0x00,0x00,0x00,0x00,0x00,0x00,0x00,0x00,
    0x00,0x00,0x00,0x00,0x00,0x00,0x00,0x00,0x00,0x00,0x00,0x00,0x00,0x00,0x00,0x00,
    0x00,0x00,0x00,0x00,0x00,0x00,0x00,0x00,0x00,0x00,0x00,0x00,0x00,0x00,0x00,0x00,
    0x00,0x00,0x00,0x00,0x00,0x00,0x00,0x00,0x00,0x00,0x00,0x00,0x00,0x00,0x00,0x00,
    0x00,0x00,0x00,0x00,0x00,0x00,0x00,0x00,0x00,0x00,0x00,0x00,0x00,0x00,0x00,0x00,
    0x00,0x00,0x00,0x00,0x00,0x00,0x00,0x00,0x00,0x00,0x00,0x00,0x00,0x00,0x00,0x00,
    0x00,0x00,0x00,0x00,0x00,0x00,0x00,0x00,0x00,0x00,0x00,0x00,0x00,0x00,0x00,0x00,
    0x00,0x00,0x00,0x00,0x00,0x00,0x00,0x00,0x00,0x00,0x00,0x00,0x00,0x00,0x00,0x00,
    0x74,0x58,0x40,0xff,0xad,0xa5,0x9c,0xff,0xc0,0xba,0xb5,0xff,0xc3,0xbe,0xb6,0xff,
    0xc3,0xbf,0xb6,0xff,0xc6,0xc1,0xb8,0xff,0xce,0xc6,0xbe,0xff,0xca,0xc2,0xba,0xff,
    0xbf,0xba,0xb0,0xff,0xa9,0x9a,0x8e,0xff,0x79,0x5e,0x48,0xff,0x00,0x00,0x00,0x00,
    0x00,0x00,0x00,0x00,0x00,0x00,0x00,0x00,0x00,0x00,0x00,0x00,0x00,0x00,0x00,0x00,
    0x00,0x00,0x00,0x00,0x00,0x00,0x00,0x00,0x00,0x00,0x00,0x00,0x00,0x00,0x00,0x00,
    0x00,0x00,0x00,0x00,0x00,0x00,0x00,0x00,0x00,0x00,0x00,0x00,0x00,0x00,0x00,0x00,
    0x00,0x00,0x00,0x00,0x00,0x00,0x00,0x00,0x00,0x00,0x00,0x00,0x00,0x00,0x00,0x00,
    0x00,0x00,0x00,0x00,0x00,0x00,0x00,0x00,0x00,0x00,0x00,0x00,0x00,0x00,0x00,0x00,
    0x00,0x00,0x00,0x00,0x00,0x00,0x00,0x00,0x00,0x00,0x00,0x00,0x00,0x00,0x00,0x00,
    0x00,0x00,0x00,0x00,0x00,0x00,0x00,0x00,0x00,0x00,0x00,0x00,0x00,0x00,0x00,0x00,
    0x00,0x00,0x00,0x00,0x00,0x00,0x00,0x00,0x00,0x00,0x00,0x00,0x00,0x00,0x00,0x00,
    0x00,0x00,0x00,0x00,0x00,0x00,0x00,0x00,0x00,0x00,0x00,0x00,0x00,0x00,0x00,0x00,
    0x00,0x00,0x00,0x00,0x00,0x00,0x00,0x00,0x00,0x00,0x00,0x00,0x00,0x00,0x00,0x00,
    0x00,0x00,0x00,0x00,0x00,0x00,0x00,0x00,0x00,0x00,0x00,0x00,0x00,0x00,0x00,0x00,
    0x00,0x00,0x00,0x00,0x00,0x00,0x00,0x00,0x00,0x00,0x00,0x00,0x00,0x00,0x00,0x00,
    0x00,0x00,0x00,0x00,0x00,0x00,0x00,0x00,0x00,0x00,0x00,0x00,0x00,0x00,0x00,0x00,
    0x00,0x00,0x00,0x00,0x00,0x00,0x00,0x00,0x00,0x00,0x00,0x00,0x00,0x00,0x00,0x00,
    0x00,0x00,0x00,0x00,0x00,0x00,0x00,0x00,0x00,0x00,0x00,0x00,0x00,0x00,0x00,0x00,
    0x00,0x00,0x00,0x00,0x00,0x00,0x00,0x00,0x00,0x00,0x00,0x00,0x00,0x00,0x00,0x00,
    0x00,0x00,0x00,0x00,0x00,0x00,0x00,0x00,0x00,0x00,0x00,0x00,0x00,0x00,0x00,0x00,
    0x00,0x00,0x00,0x00,0x00,0x00,0x00,0x00,0x00,0x00,0x00,0x00,0x00,0x00,0x00,0x00,
    0x00,0x00,0x00,0x00,0x00,0x00,0x00,0x00,0x00,0x00,0x00,0x00,0x00,0x00,0x00,0x00,
    0x00,0x00,0x00,0x00,0x00,0x00,0x00,0x00,0x00,0x00,0x00,0x00,0x00,0x00,0x00,0x00,
    0x00,0x00,0x00,0x00,0x00,0x00,0x00,0x00,0x00,0x00,0x00,0x00,0x00,0x00,0x00,0x00,
    0x00,0x00,0x00,0x00,0x00,0x00,0x00,0x00,0x00,0x00,0x00,0x00,0x00,0x00,0x00,0x00,
    0x00,0x00,0x00,0x00,0x00,0x00,0x00,0x00,0x00,0x00,0x00,0x00,0x00,0x00,0x00,0x00,
    0x00,0x00,0x00,0x00,0x00,0x00,0x00,0x00,0x00,0x00,0x00,0x00,0x00,0x00,0x00,0x00,
    0x00,0x00,0x00,0x00,0x00,0x00,0x00,0x00,0x00,0x00,0x00,0x00,0x00,0x00,0x00,0x00,
    0x00,0x00,0x00,0x00,0x00,0x00,0x00,0x00,0x00,0x00,0x00,0x00,0x00,0x00,0x00,0x00,
    0x83,0x68,0x52,0xff,0x94,0x80,0x6e,0xff,0x98,0x85,0x75,0xff,0x9f,0x90,0x81,0xff,
    0x98,0x89,0x7a,0xff,0xa0,0x94,0x88,0xff,0xb1,0xaa,0xa4,0xff,0xab,0xa2,0x99,0xff,
    0xa2,0x97,0x8e,0xff,0x9e,0x94,0x8a,0xff,0x93,0x89,0x7f,0xff,0x7e,0x75,0x6b,0xff,
    0x7d,0x73,0x6a,0xff,0x77,0x6b,0x61,0xff,0x6c,0x62,0x56,0xff,0x66,0x59,0x4f,0xff,
    0x83,0x78,0x6f,0xff,0x8f,0x85,0x7d,0xff,0x75,0x6b,0x61,0xff,0x81,0x74,0x6b,0xff,
    0x84,0x7b,0x73,0xff,0x8d,0x84,0x7d,0xff,0x84,0x81,0x79,0xff,0x88,0x86,0x7e,0xff,
    0x9c,0x9b,0x95,0xff,0xbb,0xb5,0xad,0xff,0x9a,0x8b,0x7e,0xff,0x97,0x88,0x79,0xff,
    0x9a,0x8a,0x7a,0xff,0x9b,0x89,0x7a,0xff,0x88,0x70,0x5b,0xff,0x00,0x00,0x00,0x00,
    0x00,0x00,0x00,0x00,0x00,0x00,0x00,0x00,0x00,0x00,0x00,0x00,0x00,0x00,0x00,0x00,
    0x00,0x00,0x00,0x00,0x00,0x00,0x00,0x00,0x00,0x00,0x00,0x00,0x00,0x00,0x00,0x00,
    0x00,0x00,0x00,0x00,0x00,0x00,0x00,0x00,0x00,0x00,0x00,0x00,0x00,0x00,0x00,0x00,
    0x00,0x00,0x00,0x00,0x00,0x00,0x00,0x00,0x00,0x00,0x00,0x00,0x00,0x00,0x00,0x00,
    0x00,0x00,0x00,0x00,0x00,0x00,0x00,0x00,0x00,0x00,0x00,0x00,0x00,0x00,0x00,0x00,
    0x00,0x00,0x00,0x00,0x00,0x00,0x00,0x00,0x00,0x00,0x00,0x00,0x00,0x00,0x00,0x00,
    0x00,0x00,0x00,0x00,0x00,0x00,0x00,0x00,0x00,0x00,0x00,0x00,0x00,0x00,0x00,0x00,
    0x00,0x00,0x00,0x00,0x00,0x00,0x00,0x00,0x00,0x00,0x00,0x00,0x00,0x00,0x00,0x00,
    0x00,0x00,0x00,0x00,0x00,0x00,0x00,0x00,0x00,0x00,0x00,0x00,0x00,0x00,0x00,0x00,
    0x00,0x00,0x00,0x00,0x00,0x00,0x00,0x00,0x00,0x00,0x00,0x00,0x00,0x00,0x00,0x00,
    0x00,0x00,0x00,0x00,0x00,0x00,0x00,0x00,0x00,0x00,0x00,0x00,0x00,0x00,0x00,0x00,
    0x00,0x00,0x00,0x00,0x00,0x00,0x00,0x00,0x00,0x00,0x00,0x00,0x00,0x00,0x00,0x00,
    0x00,0x00,0x00,0x00,0x00,0x00,0x00,0x00,0x00,0x00,0x00,0x00,0x00,0x00,0x00,0x00,
    0x00,0x00,0x00,0x00,0x00,0x00,0x00,0x00,0x00,0x00,0x00,0x00,0x00,0x00,0x00,0x00,
    0x00,0x00,0x00,0x00,0x00,0x00,0x00,0x00,0x00,0x00,0x00,0x00,0x00,0x00,0x00,0x00,
    0x00,0x00,0x00,0x00,0x00,0x00,0x00,0x00,0x00,0x00,0x00,0x00,0x00,0x00,0x00,0x00,
    0x00,0x00,0x00,0x00,0x00,0x00,0x00,0x00,0x00,0x00,0x00,0x00,0x00,0x00,0x00,0x00,
    0x00,0x00,0x00,0x00,0x00,0x00,0x00,0x00,0x00,0x00,0x00,0x00,0x00,0x00,0x00,0x00,
    0x00,0x00,0x00,0x00,0x00,0x00,0x00,0x00,0x00,0x00,0x00,0x00,0x00,0x00,0x00,0x00,
    0x00,0x00,0x00,0x00,0x00,0x00,0x00,0x00,0x00,0x00,0x00,0x00,0x00,0x00,0x00,0x00,
    0x00,0x00,0x00,0x00,0x00,0x00,0x00,0x00,0x00,0x00,0x00,0x00,0x00,0x00,0x00,0x00,
    0x00,0x00,0x00,0x00,0x00,0x00,0x00,0x00,0x00,0x00,0x00,0x00,0x00,0x00,0x00,0x00,
    0x00,0x00,0x00,0x00,0x00,0x00,0x00,0x00,0x00,0x00,0x00,0x00,0x00,0x00,0x00,0x00,
    0x8d,0x79,0x68,0xff,0xae,0xa0,0x94,0xff,0xbf,0xb4,0xab,0xff,0xad,0xa6,0x9e,0xff,
    0x9c,0x94,0x8d,0xff,0x89,0x82,0x79,0xff,0x79,0x6f,0x67,0xff,0x70,0x65,0x5e,0xff,
    0x64,0x59,0x51,0xff,0x54,0x4a,0x41,0xff,0x47,0x3c,0x31,0xff,0x45,0x36,0x2b,0xff,
    0x3b,0x2f,0x24,0xff,0x36,0x27,0x1e,0xff,0x30,0x1d,0x14,0xff,0x24,0x18,0x0c,0xff,
    0x24,0x14,0x08,0xff,0x28,0x12,0x06,0xff,0x26,0x13,0x06,0xff,0x26,0x10,0x02,0xff,
    0x27,0x17,0x0c,0xff,0x28,0x18,0x0d,0xff,0x25,0x11,0x05,0xff,0x25,0x14,0x08,0xff,
    0x25,0x17,0x0c,0xff,0x2c,0x1a,0x11,0xff,0x2f,0x1e,0x15,0xff,0x35,0x26,0x1c,0xff,
    0x3b,0x30,0x26,0xff,0x46,0x3e,0x35,0xff,0x57,0x4f,0x48,0xff,0x66,0x5f,0x5a,0xff,
    0x73,0x6f,0x69,0xff,0x87,0x82,0x7b,0xff,0x97,0x94,0x8e,0xff,0xa0,0x9e,0x97,0xff,
    0xae,0xa9,0xa3,0xff,0xb3,0xa9,0xa3,0xff,0xaa,0x9c,0x92,0xff,0xa4,0x94,0x88,0xff,
    0x8a,0x74,0x61,0xff,0x00,0x00,0x00,0x00,0x00,0x00,0x00,0x00,0x00,0x00,0x00,0x00,
    0x00,0x00,0x00,0x00,0x00,0x00,0x00,0x00,0x00,0x00,0x00,0x00,0x00,0x00,0x00,0x00,
    0x00,0x00,0x00,0x00,0x00,0x00,0x00,0x00,0x00,0x00,0x00,0x00,0x00,0x00,0x00,0x00,
    0x00,0x00,0x00,0x00,0x00,0x00,0x00,0x00,0x00,0x00,0x00,0x00,0x00,0x00,0x00,0x00,
    0x00,0x00,0x00,0x00,0x00,0x00,0x00,0x00,0x00,0x00,0x00,0x00,0x00,0x00,0x00,0x00,
    0x00,0x00,0x00,0x00,0x00,0x00,0x00,0x00,0x00,0x00,0x00,0x00,0x00,0x00,0x00,0x00,
    0x00,0x00,0x00,0x00,0x00,0x00,0x00,0x00,0x00,0x00,0x00,0x00,0x00,0x00,0x00,0x00,
    0x00,0x00,0x00,0x00,0x00,0x00,0x00,0x00,0x00,0x00,0x00,0x00,0x00,0x00,0x00,0x00,
    0x00,0x00,0x00,0x00,0x00,0x00,0x00,0x00,0x00,0x00,0x00,0x00,0x00,0x00,0x00,0x00,
    0x00,0x00,0x00,0x00,0x00,0x00,0x00,0x00,0x00,0x00,0x00,0x00,0x00,0x00,0x00,0x00,
    0x00,0x00,0x00,0x00,0x00,0x00,0x00,0x00,0x00,0x00,0x00,0x00,0x00,0x00,0x00,0x00,
    0x00,0x00,0x00,0x00,0x00,0x00,0x00,0x00,0x00,0x00,0x00,0x00,0x00,0x00,0x00,0x00,
    0x00,0x00,0x00,0x00,0x00,0x00,0x00,0x00,0x00,0x00,0x00,0x00,0x00,0x00,0x00,0x00,
    0x00,0x00,0x00,0x00,0x00,0x00,0x00,0x00,0x00,0x00,0x00,0x00,0x00,0x00,0x00,0x00,
    0x00,0x00,0x00,0x00,0x00,0x00,0x00,0x00,0x00,0x00,0x00,0x00,0x00,0x00,0x00,0x00,
    0x00,0x00,0x00,0x00,0x00,0x00,0x00,0x00,0x00,0x00,0x00,0x00,0x00,0x00,0x00,0x00,
    0x00,0x00,0x00,0x00,0x00,0x00,0x00,0x00,0x00,0x00,0x00,0x00,0x00,0x00,0x00,0x00,
    0x00,0x00,0x00,0x00,0x00,0x00,0x00,0x00,0x00,0x00,0x00,0x00,0x00,0x00,0x00,0x00,
    0x00,0x00,0x00,0x00,0x00,0x00,0x00,0x00,0x00,0x00,0x00,0x00,0x00,0x00,0x00,0x00,
    0x00,0x00,0x00,0x00,0x00,0x00,0x00,0x00,0x00,0x00,0x00,0x00,0x00,0x00,0x00,0x00,
    0x00,0x00,0x00,0x00,0x00,0x00,0x00,0x00,0x00,0x00,0x00,0x00,0x00,0x00,0x00,0x00,
    0x00,0x00,0x00,0x00,0xad,0xa8,0xa3,0xff,0x8c,0x88,0x85,0xff,0x75,0x71,0x6c,0xff,
    0x62,0x5a,0x53,0xff,0x57,0x48,0x40,0xff,0x3d,0x29,0x1c,0xff,0x2d,0x18,0x0c,0xff,
    0x24,0x0e,0x01,0xff,0x1d,0x07,0x00,0xff,0x1b,0x06,0x00,0xff,0x19,0x03,0x00,0xff,
    0x1a,0x04,0x00,0xff,0x19,0x05,0x00,0xff,0x18,0x07,0x00,0xff,0x1d,0x06,0x00,0xff,
    0x1d,0x07,0x00,0xff,0x1d,0x08,0x00,0xff,0x23,0x09,0x00,0xff,0x21,0x0c,0x00,0xff,
    0x23,0x0c,0x00,0xff,0x26,0x0e,0x00,0xff,0x26,0x0f,0x00,0xff,0x26,0x10,0x01,0xff,
    0x25,0x0d,0x00,0xff,0x21,0x0d,0x00,0xff,0x25,0x0e,0x01,0xff,0x22,0x0e,0x00,0xff,
    0x20,0x0b,0x00,0xff,0x21,0x09,0x00,0xff,0x1e,0x0a,0x00,0xff,0x1c,0x09,0x00,0xff,
    0x1c,0x06,0x00,0xff,0x17,0x05,0x00,0xff,0x16,0x04,0x00,0xff,0x18,0x01,0x00,0xff,
    0x15,0x03,0x00,0xff,0x17,0x04,0x00,0xff,0x1b,0x06,0x00,0xff,0x20,0x0e,0x03,0xff,
    0x26,0x19,0x0d,0xff,0x39,0x2b,0x1f,0xff,0x4e,0x43,0x3a,0xff,0x65,0x5a,0x54,0xff,
    0x7b,0x73,0x6e,0xff,0x9e,0x97,0x92,0xff,0xac,0x9e,0x98,0xff,0xb8,0xad,0xa3,0xff,
    0x97,0x7f,0x6b,0xff,0x00,0x00,0x00,0x00,0x00,0x00,0x00,0x00,0x00,0x00,0x00,0x00,
    0x00,0x00,0x00,0x00,0x00,0x00,0x00,0x00,0x00,0x00,0x00,0x00,0x00,0x00,0x00,0x00,
    0x00,0x00,0x00,0x00,0x00,0x00,0x00,0x00,0x00,0x00,0x00,0x00,0x00,0x00,0x00,0x00,
    0x00,0x00,0x00,0x00,0x00,0x00,0x00,0x00,0x00,0x00,0x00,0x00,0x00,0x00,0x00,0x00,
    0x00,0x00,0x00,0x00,0x00,0x00,0x00,0x00,0x00,0x00,0x00,0x00,0x00,0x00,0x00,0x00,
    0x00,0x00,0x00,0x00,0x00,0x00,0x00,0x00,0x00,0x00,0x00,0x00,0x00,0x00,0x00,0x00,
    0x00,0x00,0x00,0x00,0x00,0x00,0x00,0x00,0x00,0x00,0x00,0x00,0x00,0x00,0x00,0x00,
    0x00,0x00,0x00,0x00,0x00,0x00,0x00,0x00,0x00,0x00,0x00,0x00,0x00,0x00,0x00,0x00,
    0x00,0x00,0x00,0x00,0x00,0x00,0x00,0x00,0x00,0x00,0x00,0x00,0x00,0x00,0x00,0x00,
    0x00,0x00,0x00,0x00,0x00,0x00,0x00,0x00,0x00,0x00,0x00,0x00,0x00,0x00,0x00,0x00,
    0x00,0x00,0x00,0x00,0x00,0x00,0x00,0x00,0x00,0x00,0x00,0x00,0x00,0x00,0x00,0x00,
    0x00,0x00,0x00,0x00,0x00,0x00,0x00,0x00,0x00,0x00,0x00,0x00,0x00,0x00,0x00,0x00,
    0x00,0x00,0x00,0x00,0x00,0x00,0x00,0x00,0x00,0x00,0x00,0x00,0x00,0x00,0x00,0x00,
    0x00,0x00,0x00,0x00,0x00,0x00,0x00,0x00,0x00,0x00,0x00,0x00,0x00,0x00,0x00,0x00,
    0x00,0x00,0x00,0x00,0x00,0x00,0x00,0x00,0x00,0x00,0x00,0x00,0x00,0x00,0x00,0x00,
    0x00,0x00,0x00,0x00,0x00,0x00,0x00,0x00,0x00,0x00,0x00,0x00,0x00,0x00,0x00,0x00,
    0x00,0x00,0x00,0x00,0x00,0x00,0x00,0x00,0x00,0x00,0x00,0x00,0x00,0x00,0x00,0x00,
    0x00,0x00,0x00,0x00,0x00,0x00,0x00,0x00,0x00,0x00,0x00,0x00,0x00,0x00,0x00,0x00,
    0x00,0x00,0x00,0x00,0x00,0x00,0x00,0x00,0x00,0x00,0x00,0x00,0x00,0x00,0x00,0x00,
    0x00,0x00,0x00,0x00,0x00,0x00,0x00,0x00,0x00,0x00,0x00,0x00,0x95,0x84,0x74,0xff,
    0x7d,0x6e,0x65,0xff,0x47,0x36,0x2c,0xff,0x2a,0x13,0x06,0xff,0x25,0x0b,0x00,0xff,
    0x21,0x0a,0x00,0xff,0x22,0x09,0x00,0xff,0x27,0x0e,0x00,0xff,0x2a,0x11,0x00,0xff,
    0x2a,0x13,0x00,0xff,0x27,0x12,0x01,0xff,0x23,0x11,0x01,0xff,0x26,0x12,0x00,0xff,
    0x27,0x10,0x00,0xff,0x26,0x11,0x00,0xff,0x26,0x10,0x01,0xff,0x25,0x11,0x01,0xff,
    0x28,0x12,0x01,0xff,0x2a,0x13,0x02,0xff,0x2b,0x14,0x04,0xff,0x2d,0x15,0x06,0xff,
    0x2e,0x17,0x06,0xff,0x2f,0x1a,0x07,0xff,0x35,0x1a,0x08,0xff,0x32,0x1a,0x08,0xff,
    0x31,0x1a,0x08,0xff,0x2f,0x19,0x09,0xff,0x30,0x17,0x08,0xff,0x2e,0x16,0x06,0xff,
    0x2d,0x15,0x05,0xff,0x2a,0x15,0x05,0xff,0x29,0x13,0x03,0xff,0x27,0x13,0x02,0xff,
    0x29,0x11,0x01,0xff,0x25,0x11,0x01,0xff,0x25,0x10,0x00,0xff,0x24,0x10,0x00,0xff,
    0x26,0x0f,0x00,0xff,0x25,0x10,0x00,0xff,0x26,0x10,0x00,0xff,0x28,0x0f,0x00,0xff,
    0x21,0x0f,0x00,0xff,0x22,0x0e,0x00,0xff,0x22,0x09,0x00,0xff,0x1d,0x07,0x00,0xff,
    0x1d,0x07,0x00,0xff,0x24,0x0e,0x02,0xff,0x38,0x24,0x19,0xff,0x65,0x5a,0x53,0xff,
    0xaa,0xa4,0x9f,0xff,0xb1,0xa9,0xa2,0xff,0x98,0x87,0x79,0xff,0x00,0x00,0x00,0x00,
    0x00,0x00,0x00,0x00,0x00,0x00,0x00,0x00,0x00,0x00,0x00,0x00,0x00,0x00,0x00,0x00,
    0x00,0x00,0x00,0x00,0x00,0x00,0x00,0x00,0x00,0x00,0x00,0x00,0x00,0x00,0x00,0x00,
    0x00,0x00,0x00,0x00,0x00,0x00,0x00,0x00,0x00,0x00,0x00,0x00,0x00,0x00,0x00,0x00,
    0x00,0x00,0x00,0x00,0x00,0x00,0x00,0x00,0x00,0x00,0x00,0x00,0x00,0x00,0x00,0x00,
    0x00,0x00,0x00,0x00,0x00,0x00,0x00,0x00,0x00,0x00,0x00,0x00,0x00,0x00,0x00,0x00,
    0x00,0x00,0x00,0x00,0x00,0x00,0x00,0x00,0x00,0x00,0x00,0x00,0x00,0x00,0x00,0x00,
    0x00,0x00,0x00,0x00,0x00,0x00,0x00,0x00,0x00,0x00,0x00,0x00,0x00,0x00,0x00,0x00,
    0x00,0x00,0x00,0x00,0x00,0x00,0x00,0x00,0x00,0x00,0x00,0x00,0x00,0x00,0x00,0x00,
    0x00,0x00,0x00,0x00,0x00,0x00,0x00,0x00,0x00,0x00,0x00,0x00,0x00,0x00,0x00,0x00,
    0x00,0x00,0x00,0x00,0x00,0x00,0x00,0x00,0x00,0x00,0x00,0x00,0x00,0x00,0x00,0x00,
    0x00,0x00,0x00,0x00,0x00,0x00,0x00,0x00,0x00,0x00,0x00,0x00,0x00,0x00,0x00,0x00,
    0x00,0x00,0x00,0x00,0x00,0x00,0x00,0x00,0x00,0x00,0x00,0x00,0x00,0x00,0x00,0x00,
    0x00,0x00,0x00,0x00,0x00,0x00,0x00,0x00,0x00,0x00,0x00,0x00,0x00,0x00,0x00,0x00,
    0x00,0x00,0x00,0x00,0x00,0x00,0x00,0x00,0x00,0x00,0x00,0x00,0x00,0x00,0x00,0x00,
    0x00,0x00,0x00,0x00,0x00,0x00,0x00,0x00,0x00,0x00,0x00,0x00,0x00,0x00,0x00,0x00,
    0x00,0x00,0x00,0x00,0x00,0x00,0x00,0x00,0x00,0x00,0x00,0x00,0x00,0x00,0x00,0x00,
    0x00,0x00,0x00,0x00,0x00,0x00,0x00,0x00,0x00,0x00,0x00,0x00,0x00,0x00,0x00,0x00,
    0x00,0x00,0x00,0x00,0x00,0x00,0x00,0x00,0x00,0x00,0x00,0x00,0x00,0x00,0x00,0x00,
    0x88,0x71,0x5d,0xff,0xa7,0x9c,0x92,0xff,0x6f,0x61,0x57,0xff,0x36,0x1f,0x0f,0xff,
    0x27,0x0d,0x00,0xff,0x2b,0x10,0x00,0xff,0x2f,0x15,0x01,0xff,0x2e,0x14,0x01,0xff,
    0x2b,0x12,0x02,0xff,0x29,0x10,0x00,0xff,0x27,0x12,0x00,0xff,0x2a,0x14,0x02,0xff,
    0x33,0x18,0x06,0xff,0x39,0x1f,0x0d,0xff,0x3b,0x26,0x11,0xff,0x41,0x2a,0x17,0xff,
    0x46,0x2e,0x1b,0xff,0x4b,0x32,0x1f,0xff,0x50,0x36,0x22,0xff,0x52,0x39,0x25,0xff,
    0x55,0x3b,0x28,0xff,0x58,0x3d,0x29,0xff,0x58,0x3f,0x2c,0xff,0x5c,0x3f,0x2c,0xff,
    0x5d,0x40,0x2d,0xff,0x5d,0x41,0x2d,0xff,0x5f,0x41,0x2d,0xff,0x5e,0x40,0x2d,0xff,
    0x5c,0x40,0x2d,0xff,0x5a,0x40,0x2c,0xff,0x5b,0x40,0x2a,0xff,0x5a,0x3f,0x2a,0xff,
    0x5b,0x3f,0x2a,0xff,0x5a,0x3f,0x29,0xff,0x58,0x3d,0x28,0xff,0x54,0x3b,0x26,0xff,
    0x53,0x39,0x24,0xff,0x50,0x34,0x20,0xff,0x4d,0x2f,0x1c,0xff,0x43,0x2b,0x18,0xff,
    0x3f,0x26,0x12,0xff,0x39,0x21,0x0e,0xff,0x35,0x1d,0x09,0xff,0x34,0x17,0x05,0xff,
    0x2e,0x16,0x02,0xff,0x2c,0x14,0x01,0xff,0x2d,0x13,0x01,0xff,0x2d,0x14,0x01,0xff,
    0x2c,0x15,0x01,0xff,0x29,0x13,0x00,0xff,0x26,0x10,0x00,0xff,0x1e,0x07,0x00,0xff,
    0x1c,0x08,0x00,0xff,0x50,0x44,0x3b,0xff,0xa3,0x9e,0x98,0xff,0x94,0x92,0x8b,0xff,
    0x97,0x8a,0x7f,0xff,0x77,0x58,0x40,0xff,0x00,0x00,0x00,0x00,0x00,0x00,0x00,0x00,
    0x00,0x00,0x00,0x00,0x00,0x00,0x00,0x00,0x00,0x00,0x00,0x00,0x00,0x00,0x00,0x00,
    0x00,0x00,0x00,0x00,0x00,0x00,0x00,0x00,0x00,0x00,0x00,0x00,0x00,0x00,0x00,0x00,
    0x00,0x00,0x00,0x00,0x00,0x00,0x00,0x00,0x00,0x00,0x00,0x00,0x00,0x00,0x00,0x00,
    0x00,0x00,0x00,0x00,0x00,0x00,0x00,0x00,0x00,0x00,0x00,0x00,0x00,0x00,0x00,0x00,
    0x00,0x00,0x00,0x00,0x00,0x00,0x00,0x00,0x00,0x00,0x00,0x00,0x00,0x00,0x00,0x00,
    0x00,0x00,0x00,0x00,0x00,0x00,0x00,0x00,0x00,0x00,0x00,0x00,0x00,0x00,0x00,0x00,
    0x00,0x00,0x00,0x00,0x00,0x00,0x00,0x00,0x00,0x00,0x00,0x00,0x00,0x00,0x00,0x00,
    0x00,0x00,0x00,0x00,0x00,0x00,0x00,0x00,0x00,0x00,0x00,0x00,0x00,0x00,0x00,0x00,
    0x00,0x00,0x00,0x00,0x00,0x00,0x00,0x00,0x00,0x00,0x00,0x00,0x00,0x00,0x00,0x00,
    0x00,0x00,0x00,0x00,0x00,0x00,0x00,0x00,0x00,0x00,0x00,0x00,0x00,0x00,0x00,0x00,
    0x00,0x00,0x00,0x00,0x00,0x00,0x00,0x00,0x00,0x00,0x00,0x00,0x00,0x00,0x00,0x00,
    0x00,0x00,0x00,0x00,0x00,0x00,0x00,0x00,0x00,0x00,0x00,0x00,0x00,0x00,0x00,0x00,
    0x00,0x00,0x00,0x00,0x00,0x00,0x00,0x00,0x00,0x00,0x00,0x00,0x00,0x00,0x00,0x00,
    0x00,0x00,0x00,0x00,0x00,0x00,0x00,0x00,0x00,0x00,0x00,0x00,0x00,0x00,0x00,0x00,
    0x00,0x00,0x00,0x00,0x00,0x00,0x00,0x00,0x00,0x00,0x00,0x00,0x00,0x00,0x00,0x00,
    0x00,0x00,0x00,0x00,0x00,0x00,0x00,0x00,0x00,0x00,0x00,0x00,0x00,0x00,0x00,0x00,
    0x00,0x00,0x00,0x00,0x00,0x00,0x00,0x00,0x84,0x6e,0x5c,0xff,0x7e,0x75,0x6b,0xff,
    0x5f,0x54,0x4a,0xff,0x4f,0x3d,0x2e,0xff,0x29,0x14,0x01,0xff,0x2f,0x16,0x02,0xff,
    0x31,0x16,0x04,0xff,0x2f,0x11,0x00,0xff,0x2c,0x13,0x02,0xff,0x32,0x1b,0x09,0xff,
    0x40,0x25,0x13,0xff,0x4a,0x2f,0x1d,0xff,0x53,0x39,0x24,0xff,0x5c,0x42,0x2c,0xff,
    0x64,0x49,0x33,0xff,0x66,0x4c,0x37,0xff,0x67,0x4b,0x36,0xff,0x66,0x49,0x35,0xff,
    0x65,0x48,0x34,0xff,0x63,0x47,0x33,0xff,0x61,0x47,0x31,0xff,0x61,0x45,0x30,0xff,
    0x63,0x43,0x2f,0xff,0x60,0x42,0x2e,0xff,0x5c,0x42,0x2d,0xff,0x5b,0x41,0x2d,0xff,
    0x5e,0x40,0x2c,0xff,0x5e,0x3f,0x2b,0xff,0x5b,0x3f,0x2b,0xff,0x5d,0x3e,0x2a,0xff,
    0x5c,0x3e,0x2a,0xff,0x5c,0x3e,0x2a,0xff,0x5d,0x3e,0x2a,0xff,0x5b,0x3f,0x2a,0xff,
    0x5b,0x3f,0x29,0xff,0x5d,0x3f,0x29,0xff,0x5d,0x40,0x2a,0xff,0x5f,0x40,0x2c,0xff,
    0x5e,0x41,0x2c,0xff,0x5e,0x42,0x2d,0xff,0x5f,0x42,0x2e,0xff,0x61,0x43,0x2e,0xff,
    0x61,0x43,0x2e,0xff,0x5d,0x42,0x2d,0xff,0x5b,0x42,0x2c,0xff,0x5a,0x3f,0x29,0xff,
    0x57,0x39,0x24,0xff,0x4e,0x35,0x1f,0xff,0x46,0x2d,0x18,0xff,0x40,0x24,0x11,0xff,
    0x36,0x1c,0x09,0xff,0x31,0x18,0x04,0xff,0x2d,0x14,0x01,0xff,0x2d,0x15,0x02,0xff,
    0x2e,0x16,0x02,0xff,0x25,0x11,0x00,0xff,0x2a,0x15,0x01,0xff,0x30,0x1f,0x0c,0xff,
    0x42,0x39,0x2c,0xff,0x93,0x8f,0x8a,0xff,0x8f,0x78,0x66,0xff,0x00,0x00,0x00,0x00,
    0x00,0x00,0x00,0x00,0x00,0x00,0x00,0x00,0x00,0x00,0x00,0x00,0x00,0x00,0x00,0x00,
    0x00,0x00,0x00,0x00,0x00,0x00,0x00,0x00,0x00,0x00,0x00,0x00,0x00,0x00,0x00,0x00,
    0x00,0x00,0x00,0x00,0x00,0x00,0x00,0x00,0x00,0x00,0x00,0x00,0x00,0x00,0x00,0x00,
    0x00,0x00,0x00,0x00,0x00,0x00,0x00,0x00,0x00,0x00,0x00,0x00,0x00,0x00,0x00,0x00,
    0x00,0x00,0x00,0x00,0x00,0x00,0x00,0x00,0x00,0x00,0x00,0x00,0x00,0x00,0x00,0x00,
    0x00,0x00,0x00,0x00,0x00,0x00,0x00,0x00,0x00,0x00,0x00,0x00,0x00,0x00,0x00,0x00,
    0x00,0x00,0x00,0x00,0x00,0x00,0x00,0x00,0x00,0x00,0x00,0x00,0x00,0x00,0x00,0x00,
    0x00,0x00,0x00,0x00,0x00,0x00,0x00,0x00,0x00,0x00,0x00,0x00,0x00,0x00,0x00,0x00,
    0x00,0x00,0x00,0x00,0x00,0x00,0x00,0x00,0x00,0x00,0x00,0x00,0x00,0x00,0x00,0x00,
    0x00,0x00,0x00,0x00,0x00,0x00,0x00,0x00,0x00,0x00,0x00,0x00,0x00,0x00,0x00,0x00,
    0x00,0x00,0x00,0x00,0x00,0x00,0x00,0x00,0x00,0x00,0x00,0x00,0x00,0x00,0x00,0x00,
    0x00,0x00,0x00,0x00,0x00,0x00,0x00,0x00,0x00,0x00,0x00,0x00,0x00,0x00,0x00,0x00,
    0x00,0x00,0x00,0x00,0x00,0x00,0x00,0x00,0x00,0x00,0x00,0x00,0x00,0x00,0x00,0x00,
    0x00,0x00,0x00,0x00,0x00,0x00,0x00,0x00,0x00,0x00,0x00,0x00,0x00,0x00,0x00,0x00,
    0x00,0x00,0x00,0x00,0x00,0x00,0x00,0x00,0x00,0x00,0x00,0x00,0x00,0x00,0x00,0x00,
    0x00,0x00,0x00,0x00,0x00,0x00,0x00,0x00,0x00,0x00,0x00,0x00,0x00,0x00,0x00,0x00,
    0x00,0x00,0x00,0x00,0x90,0x86,0x7c,0xff,0x62,0x58,0x51,0xff,0x30,0x1e,0x0f,0xff,
    0x28,0x0f,0x00,0xff,0x29,0x14,0x00,0xff,0x2e,0x16,0x01,0xff,0x36,0x1b,0x08,0xff,
    0x40,0x27,0x16,0xff,0x52,0x37,0x24,0xff,0x5d,0x44,0x30,0xff,0x63,0x4c,0x36,0xff,
    0x6c,0x4e,0x38,0xff,0x6a,0x4e,0x39,0xff,0x69,0x4b,0x36,0xff,0x68,0x49,0x33,0xff,
    0x65,0x46,0x2f,0xff,0x62,0x43,0x2d,0xff,0x62,0x42,0x2d,0xff,0x5f,0x40,0x2b,0xff,
    0x5e,0x40,0x2a,0xff,0x5e,0x3f,0x28,0xff,0x5d,0x3e,0x29,0xff,0x5c,0x3e,0x29,0xff,
    0x59,0x3d,0x28,0xff,0x5b,0x3d,0x28,0xff,0x5b,0x3b,0x27,0xff,0x59,0x3c,0x27,0xff,
    0x58,0x3c,0x26,0xff,0x5b,0x3a,0x26,0xff,0x57,0x3b,0x25,0xff,0x59,0x3b,0x24,0xff,
    0x59,0x3a,0x24,0xff,0x57,0x3b,0x24,0xff,0x58,0x3a,0x24,0xff,0x59,0x39,0x23,0xff,
    0x5a,0x3a,0x23,0xff,0x5a,0x3a,0x23,0xff,0x59,0x3b,0x23,0xff,0x58,0x3b,0x25,0xff,
    0x58,0x3a,0x24,0xff,0x58,0x3a,0x24,0xff,0x57,0x39,0x23,0xff,0x57,0x3a,0x24,0xff,
    0x57,0x3a,0x25,0xff,0x57,0x3a,0x25,0xff,0x5a,0x3b,0x26,0xff,0x59,0x3d,0x28,0xff,
    0x5e,0x3e,0x2a,0xff,0x5d,0x41,0x2c,0xff,0x5c,0x43,0x2d,0xff,0x61,0x41,0x2e,0xff,
    0x5c,0x41,0x2c,0xff,0x58,0x3d,0x28,0xff,0x51,0x33,0x20,0xff,0x45,0x28,0x15,0xff,
    0x34,0x1c,0x08,0xff,0x2f,0x15,0x03,0xff,0x33,0x17,0x06,0xff,0x34,0x19,0x05,0xff,
    0x2b,0x12,0x00,0xff,0x31,0x20,0x12,0xff,0x73,0x6d,0x65,0xff,0x8c,0x83,0x78,0xff,
    0x00,0x00,0x00,0x00,0x00,0x00,0x00,0x00,0x00,0x00,0x00,0x00,0x00,0x00,0x00,0x00,
    0x00,0x00,0x00,0x00,0x00,0x00,0x00,0x00,0x00,0x00,0x00,0x00,0x00,0x00,0x00,0x00,
    0x00,0x00,0x00,0x00,0x00,0x00,0x00,0x00,0x00,0x00,0x00,0x00,0x00,0x00,0x00,0x00,
    0x00,0x00,0x00,0x00,0x00,0x00,0x00,0x00,0x00,0x00,0x00,0x00,0x00,0x00,0x00,0x00,
    0x00,0x00,0x00,0x00,0x00,0x00,0x00,0x00,0x00,0x00,0x00,0x00,0x00,0x00,0x00,0x00,
    0x00,0x00,0x00,0x00,0x00,0x00,0x00,0x00,0x00,0x00,0x00,0x00,0x00,0x00,0x00,0x00,
    0x00,0x00,0x00,0x00,0x00,0x00,0x00,0x00,0x00,0x00,0x00,0x00,0x00,0x00,0x00,0x00,
    0x00,0x00,0x00,0x00,0x00,0x00,0x00,0x00,0x00,0x00,0x00,0x00,0x00,0x00,0x00,0x00,
    0x00,0x00,0x00,0x00,0x00,0x00,0x00,0x00,0x00,0x00,0x00,0x00,0x00,0x00,0x00,0x00,
    0x00,0x00,0x00,0x00,0x00,0x00,0x00,0x00,0x00,0x00,0x00,0x00,0x00,0x00,0x00,0x00,
    0x00,0x00,0x00,0x00,0x00,0x00,0x00,0x00,0x00,0x00,0x00,0x00,0x00,0x00,0x00,0x00,
    0x00,0x00,0x00,0x00,0x00,0x00,0x00,0x00,0x00,0x00,0x00,0x00,0x00,0x00,0x00,0x00,
    0x00,0x00,0x00,0x00,0x00,0x00,0x00,0x00,0x00,0x00,0x00,0x00,0x00,0x00,0x00,0x00,
    0x00,0x00,0x00,0x00,0x00,0x00,0x00,0x00,0x00,0x00,0x00,0x00,0x00,0x00,0x00,0x00,
    0x00,0x00,0x00,0x00,0x00,0x00,0x00,0x00,0x00,0x00,0x00,0x00,0x00,0x00,0x00,0x00,
    0x00,0x00,0x00,0x00,0x00,0x00,0x00,0x00,0x00,0x00,0x00,0x00,0x85,0x6c,0x57,0xff,
    0x7c,0x73,0x6b,0xff,0x3e,0x31,0x24,0xff,0x2c,0x14,0x01,0xff,0x33,0x1a,0x06,0xff,
    0x33,0x1a,0x07,0xff,0x2f,0x17,0x02,0xff,0x4c,0x33,0x1f,0xff,0x6a,0x4f,0x3b,0xff,
    0x6f,0x53,0x3e,0xff,0x6c,0x51,0x3b,0xff,0x69,0x4c,0x37,0xff,0x64,0x48,0x32,0xff,
    0x63,0x44,0x2e,0xff,0x63,0x43,0x2d,0xff,0x60,0x41,0x2c,0xff,0x5e,0x41,0x29,0xff,
    0x61,0x40,0x29,0xff,0x5f,0x3f,0x28,0xff,0x5e,0x3f,0x28,0xff,0x61,0x3e,0x26,0xff,
    0x5b,0x3d,0x26,0xff,0x5c,0x3c,0x25,0xff,0x5a,0x3c,0x25,0xff,0x5b,0x3b,0x24,0xff,
    0x58,0x3c,0x24,0xff,0x58,0x3b,0x24,0xff,0x57,0x3a,0x22,0xff,0x5a,0x3a,0x21,0xff,
    0x58,0x3a,0x22,0xff,0x58,0x3a,0x22,0xff,0x57,0x3a,0x21,0xff,0x57,0x39,0x21,0xff,
    0x57,0x39,0x21,0xff,0x59,0x38,0x21,0xff,0x56,0x38,0x20,0xff,0x57,0x39,0x20,0xff,
    0x59,0x38,0x22,0xff,0x55,0x39,0x21,0xff,0x59,0x38,0x21,0xff,0x56,0x37,0x20,0xff,
    0x55,0x38,0x20,0xff,0x56,0x37,0x20,0xff,0x56,0x37,0x20,0xff,0x57,0x38,0x21,0xff,
    0x55,0x38,0x21,0xff,0x55,0x38,0x22,0xff,0x57,0x38,0x23,0xff,0x57,0x38,0x23,0xff,
    0x56,0x38,0x23,0xff,0x56,0x39,0x24,0xff,0x55,0x3a,0x25,0xff,0x57,0x3a,0x26,0xff,
    0x5a,0x3b,0x28,0xff,0x5a,0x3d,0x28,0xff,0x5c,0x40,0x2b,0xff,0x61,0x40,0x2d,0xff,
    0x5a,0x40,0x2a,0xff,0x4c,0x31,0x1d,0xff,0x38,0x1b,0x0a,0xff,0x2b,0x16,0x04,0xff,
    0x34,0x1b,0x08,0xff,0x30,0x16,0x04,0xff,0x2a,0x12,0x01,0xff,0x47,0x3a,0x32,0xff,
    0x72,0x6a,0x67,0xff,0x81,0x72,0x65,0xff,0x00,0x00,0x00,0x00,0x00,0x00,0x00,0x00,
    0x00,0x00,0x00,0x00,0x00,0x00,0x00,0x00,0x00,0x00,0x00,0x00,0x00,0x00,0x00,0x00,
    0x00,0x00,0x00,0x00,0x00,0x00,0x00,0x00,0x00,0x00,0x00,0x00,0x00,0x00,0x00,0x00,
    0x00,0x00,0x00,0x00,0x00,0x00,0x00,0x00,0x00,0x00,0x00,0x00,0x00,0x00,0x00,0x00,
    0x00,0x00,0x00,0x00,0x00,0x00,0x00,0x00,0x00,0x00,0x00,0x00,0x00,0x00,0x00,0x00,
    0x00,0x00,0x00,0x00,0x00,0x00,0x00,0x00,0x00,0x00,0x00,0x00,0x00,0x00,0x00,0x00,
    0x00,0x00,0x00,0x00,0x00,0x00,0x00,0x00,0x00,0x00,0x00,0x00,0x00,0x00,0x00,0x00,
    0x00,0x00,0x00,0x00,0x00,0x00,0x00,0x00,0x00,0x00,0x00,0x00,0x00,0x00,0x00,0x00,
    0x00,0x00,0x00,0x00,0x00,0x00,0x00,0x00,0x00,0x00,0x00,0x00,0x00,0x00,0x00,0x00,
    0x00,0x00,0x00,0x00,0x00,0x00,0x00,0x00,0x00,0x00,0x00,0x00,0x00,0x00,0x00,0x00,
    0x00,0x00,0x00,0x00,0x00,0x00,0x00,0x00,0x00,0x00,0x00,0x00,0x00,0x00,0x00,0x00,
    0x00,0x00,0x00,0x00,0x00,0x00,0x00,0x00,0x00,0x00,0x00,0x00,0x00,0x00,0x00,0x00,
    0x00,0x00,0x00,0x00,0x00,0x00,0x00,0x00,0x00,0x00,0x00,0x00,0x00,0x00,0x00,0x00,
    0x00,0x00,0x00,0x00,0x00,0x00,0x00,0x00,0x00,0x00,0x00,0x00,0x00,0x00,0x00,0x00,
    0x00,0x00,0x00,0x00,0x00,0x00,0x00,0x00,0x00,0x00,0x00,0x00,0x00,0x00,0x00,0x00,
    0x00,0x00,0x00,0x00,0x00,0x00,0x00,0x00,0x8f,0x81,0x73,0xff,0x5e,0x5f,0x5a,0xff,
    0x2f,0x1e,0x12,0xff,0x30,0x18,0x07,0xff,0x34,0x1b,0x08,0xff,0x31,0x18,0x04,0xff,
    0x35,0x1a,0x07,0xff,0x60,0x42,0x2c,0xff,0x76,0x59,0x44,0xff,0x6d,0x53,0x3e,0xff,
    0x66,0x49,0x34,0xff,0x64,0x45,0x30,0xff,0x64,0x44,0x2d,0xff,0x63,0x42,0x2c,0xff,
    0x63,0x41,0x2a,0xff,0x5e,0x40,0x28,0xff,0x5d,0x3e,0x28,0xff,0x5c,0x3e,0x27,0xff,
    0x5e,0x3d,0x25,0xff,0x5d,0x3d,0x24,0xff,0x59,0x3c,0x24,0xff,0x5b,0x3b,0x23,0xff,
    0x5c,0x3a,0x23,0xff,0x59,0x3a,0x22,0xff,0x57,0x3b,0x22,0xff,0x58,0x3a,0x22,0xff,
    0x59,0x39,0x21,0xff,0x59,0x38,0x20,0xff,0x58,0x38,0x1f,0xff,0x57,0x39,0x1f,0xff,
    0x58,0x37,0x1e,0xff,0x57,0x38,0x1f,0xff,0x58,0x37,0x1f,0xff,0x5a,0x37,0x1f,0xff,
    0x58,0x37,0x1f,0xff,0x55,0x36,0x1d,0xff,0x55,0x36,0x1d,0xff,0x54,0x36,0x1d,0xff,
    0x56,0x36,0x1e,0xff,0x52,0x36,0x1d,0xff,0x53,0x36,0x1d,0xff,0x55,0x35,0x1d,0xff,
    0x55,0x35,0x1d,0xff,0x52,0x35,0x1d,0xff,0x52,0x36,0x1d,0xff,0x55,0x35,0x1e,0xff,
    0x57,0x36,0x1f,0xff,0x56,0x36,0x1f,0xff,0x54,0x36,0x20,0xff,0x55,0x36,0x20,0xff,
    0x56,0x37,0x20,0xff,0x56,0x37,0x22,0xff,0x58,0x38,0x23,0xff,0x58,0x38,0x22,0xff,
    0x55,0x38,0x21,0xff,0x57,0x38,0x22,0xff,0x56,0x39,0x23,0xff,0x59,0x39,0x23,0xff,
    0x5b,0x3d,0x27,0xff,0x5b,0x42,0x2b,0xff,0x56,0x3d,0x28,0xff,0x41,0x26,0x10,0xff,
    0x2e,0x16,0x03,0xff,0x32,0x19,0x06,0xff,0x31,0x19,0x05,0xff,0x30,0x14,0x05,0xff,
    0x33,0x1f,0x16,0xff,0x4a,0x44,0x40,0xff,0x7c,0x76,0x6f,0xff,0x72,0x52,0x38,0xff,
    0x00,0x00,0x00,0x00,0x00,0x00,0x00,0x00,0x00,0x00,0x00,0x00,0x00,0x00,0x00,0x00,
    0x00,0x00,0x00,0x00,0x00,0x00,0x00,0x00,0x00,0x00,0x00,0x00,0x00,0x00,0x00,0x00,
    0x00,0x00,0x00,0x00,0x00,0x00,0x00,0x00,0x00,0x00,0x00,0x00,0x00,0x00,0x00,0x00,
    0x00,0x00,0x00,0x00,0x00,0x00,0x00,0x00,0x00,0x00,0x00,0x00,0x00,0x00,0x00,0x00,
    0x00,0x00,0x00,0x00,0x00,0x00,0x00,0x00,0x00,0x00,0x00,0x00,0x00,0x00,0x00,0x00,
    0x00,0x00,0x00,0x00,0x00,0x00,0x00,0x00,0x00,0x00,0x00,0x00,0x00,0x00,0x00,0x00,
    0x00,0x00,0x00,0x00,0x00,0x00,0x00,0x00,0x00,0x00,0x00,0x00,0x00,0x00,0x00,0x00,
    0x00,0x00,0x00,0x00,0x00,0x00,0x00,0x00,0x00,0x00,0x00,0x00,0x00,0x00,0x00,0x00,
    0x00,0x00,0x00,0x00,0x00,0x00,0x00,0x00,0x00,0x00,0x00,0x00,0x00,0x00,0x00,0x00,
    0x00,0x00,0x00,0x00,0x00,0x00,0x00,0x00,0x00,0x00,0x00,0x00,0x00,0x00,0x00,0x00,
    0x00,0x00,0x00,0x00,0x00,0x00,0x00,0x00,0x00,0x00,0x00,0x00,0x00,0x00,0x00,0x00,
    0x00,0x00,0x00,0x00,0x00,0x00,0x00,0x00,0x00,0x00,0x00,0x00,0x00,0x00,0x00,0x00,
    0x00,0x00,0x00,0x00,0x00,0x00,0x00,0x00,0x00,0x00,0x00,0x00,0x00,0x00,0x00,0x00,
    0x00,0x00,0x00,0x00,0x00,0x00,0x00,0x00,0x00,0x00,0x00,0x00,0x00,0x00,0x00,0x00,
    0x00,0x00,0x00,0x00,0x88,0x82,0x77,0xff,0x4d,0x4d,0x48,0xff,0x5b,0x50,0x45,0xff,
    0x37,0x24,0x16,0xff,0x30,0x17,0x05,0xff,0x34,0x17,0x04,0xff,0x39,0x1e,0x08,0xff,
    0x64,0x4a,0x33,0xff,0x73,0x57,0x40,0xff,0x6e,0x52,0x3b,0xff,0x6e,0x51,0x39,0xff,
    0x61,0x46,0x2f,0xff,0x60,0x42,0x2b,0xff,0x5e,0x41,0x29,0xff,0x5b,0x40,0x28,0xff,
    0x5e,0x3e,0x27,0xff,0x5b,0x3d,0x25,0xff,0x5b,0x3c,0x23,0xff,0x5a,0x3b,0x23,0xff,
    0x58,0x3b,0x22,0xff,0x59,0x3a,0x21,0xff,0x5a,0x38,0x20,0xff,0x57,0x39,0x20,0xff,
    0x58,0x39,0x20,0xff,0x58,0x38,0x1f,0xff,0x58,0x37,0x1e,0xff,0x56,0x37,0x1e,0xff,
    0x55,0x37,0x1e,0xff,0x54,0x37,0x1d,0xff,0x56,0x34,0x1c,0xff,0x54,0x36,0x1c,0xff,
    0x54,0x36,0x1c,0xff,0x54,0x35,0x1c,0xff,0x51,0x35,0x1c,0xff,0x54,0x35,0x1d,0xff,
    0x55,0x35,0x1c,0xff,0x53,0x35,0x1c,0xff,0x53,0x33,0x1b,0xff,0x52,0x34,0x1b,0xff,
    0x53,0x34,0x1b,0xff,0x53,0x33,0x1a,0xff,0x54,0x33,0x1a,0xff,0x51,0x34,0x1a,0xff,
    0x53,0x33,0x1a,0xff,0x53,0x32,0x1a,0xff,0x54,0x33,0x1a,0xff,0x52,0x33,0x1b,0xff,
    0x51,0x33,0x1b,0xff,0x52,0x34,0x1b,0xff,0x52,0x34,0x1c,0xff,0x52,0x35,0x1d,0xff,
    0x53,0x36,0x1c,0xff,0x51,0x36,0x1d,0xff,0x50,0x36,0x1d,0xff,0x55,0x35,0x1d,0xff,
    0x54,0x36,0x1e,0xff,0x56,0x37,0x1f,0xff,0x55,0x37,0x20,0xff,0x53,0x37,0x20,0xff,
    0x58,0x39,0x23,0xff,0x5d,0x3d,0x29,0xff,0x58,0x3d,0x27,0xff,0x5d,0x3f,0x28,0xff,
    0x47,0x2a,0x16,0xff,0x2f,0x14,0x02,0xff,0x31,0x19,0x05,0xff,0x2a,0x10,0x00,0xff,
    0x4d,0x3c,0x2f,0xff,0x7d,0x70,0x66,0xff,0x37,0x33,0x2f,0xff,0x74,0x72,0x70,0xff,
    0x7d,0x63,0x4c,0xff,0x00,0x00,0x00,0x00,0x00,0x00,0x00,0x00,0x00,0x00,0x00,0x00,
    0x00,0x00,0x00,0x00,0x00,0x00,0x00,0x00,0x00,0x00,0x00,0x00,0x00,0x00,0x00,0x00,
    0x00,0x00,0x00,0x00,0x00,0x00,0x00,0x00,0x00,0x00,0x00,0x00,0x00,0x00,0x00,0x00,
    0x00,0x00,0x00,0x00,0x00,0x00,0x00,0x00,0x00,0x00,0x00,0x00,0x00,0x00,0x00,0x00,
    0x00,0x00,0x00,0x00,0x00,0x00,0x00,0x00,0x00,0x00,0x00,0x00,0x00,0x00,0x00,0x00,
    0x00,0x00,0x00,0x00,0x00,0x00,0x00,0x00,0x00,0x00,0x00,0x00,0x00,0x00,0x00,0x00,
    0x00,0x00,0x00,0x00,0x00,0x00,0x00,0x00,0x00,0x00,0x00,0x00,0x00,0x00,0x00,0x00,
    0x00,0x00,0x00,0x00,0x00,0x00,0x00,0x00,0x00,0x00,0x00,0x00,0x00,0x00,0x00,0x00,
    0x00,0x00,0x00,0x00,0x00,0x00,0x00,0x00,0x00,0x00,0x00,0x00,0x00,0x00,0x00,0x00,
    0x00,0x00,0x00,0x00,0x00,0x00,0x00,0x00,0x00,0x00,0x00,0x00,0x00,0x00,0x00,0x00,
    0x00,0x00,0x00,0x00,0x00,0x00,0x00,0x00,0x00,0x00,0x00,0x00,0x00,0x00,0x00,0x00,
    0x00,0x00,0x00,0x00,0x00,0x00,0x00,0x00,0x00,0x00,0x00,0x00,0x00,0x00,0x00,0x00,
    0x00,0x00,0x00,0x00,0x00,0x00,0x00,0x00,0x00,0x00,0x00,0x00,0x00,0x00,0x00,0x00,
    0x00,0x00,0x00,0x00,0x00,0x00,0x00,0x00,0x00,0x00,0x00,0x00,0x7c,0x5d,0x45,0xff,
    0x7f,0x7b,0x74,0xff,0x52,0x54,0x51,0xff,0x92,0x8e,0x84,0xff,0x79,0x6b,0x5c,0xff,
    0x2e,0x15,0x08,0xff,0x30,0x16,0x03,0xff,0x3a,0x1f,0x09,0xff,0x68,0x4c,0x34,0xff,
    0x70,0x53,0x3a,0xff,0x6a,0x4b,0x34,0xff,0x73,0x53,0x3c,0xff,0x6b,0x4d,0x35,0xff,
    0x5a,0x3f,0x27,0xff,0x5e,0x3e,0x27,0xff,0x5c,0x3d,0x25,0xff,0x59,0x3c,0x24,0xff,
    0x5a,0x3b,0x23,0xff,0x59,0x3a,0x22,0xff,0x59,0x39,0x20,0xff,0x5a,0x38,0x1f,0xff,
    0x57,0x38,0x1f,0xff,0x56,0x37,0x1e,0xff,0x54,0x37,0x1d,0xff,0x57,0x35,0x1d,0xff,
    0x54,0x35,0x1c,0xff,0x54,0x35,0x1c,0xff,0x54,0x34,0x1b,0xff,0x54,0x34,0x1b,0xff,
    0x54,0x35,0x1b,0xff,0x53,0x34,0x1b,0xff,0x53,0x34,0x1b,0xff,0x52,0x33,0x1a,0xff,
    0x53,0x33,0x1b,0xff,0x55,0x32,0x1b,0xff,0x52,0x33,0x1b,0xff,0x53,0x33,0x1a,0xff,
    0x52,0x33,0x19,0xff,0x50,0x33,0x1a,0xff,0x53,0x32,0x1a,0xff,0x52,0x32,0x1a,0xff,
    0x52,0x32,0x1a,0xff,0x4f,0x33,0x19,0xff,0x52,0x32,0x19,0xff,0x52,0x31,0x19,0xff,
    0x51,0x32,0x19,0xff,0x51,0x32,0x19,0xff,0x51,0x31,0x19,0xff,0x50,0x32,0x19,0xff,
    0x51,0x32,0x19,0xff,0x50,0x32,0x19,0xff,0x50,0x32,0x19,0xff,0x50,0x33,0x1a,0xff,
    0x53,0x32,0x1a,0xff,0x51,0x33,0x1a,0xff,0x51,0x33,0x19,0xff,0x52,0x32,0x1a,0xff,
    0x52,0x33,0x1c,0xff,0x52,0x34,0x1c,0xff,0x55,0x34,0x1d,0xff,0x54,0x34,0x1d,0xff,
    0x55,0x37,0x1f,0xff,0x5a,0x3d,0x26,0xff,0x5a,0x3b,0x25,0xff,0x56,0x37,0x20,0xff,
    0x5c,0x3e,0x26,0xff,0x43,0x2a,0x12,0xff,0x2f,0x15,0x00,0xff,0x30,0x15,0x03,0xff,
    0x38,0x22,0x13,0xff,0x84,0x74,0x69,0xff,0x89,0x80,0x76,0xff,0x5a,0x57,0x51,0xff,
    0x93,0x90,0x8d,0xff,0x7e,0x62,0x4a,0xff,0x00,0x00,0x00,0x00,0x00,0x00,0x00,0x00,
    0x00,0x00,0x00,0x00,0x00,0x00,0x00,0x00,0x00,0x00,0x00,0x00,0x00,0x00,0x00,0x00,
    0x00,0x00,0x00,0x00,0x00,0x00,0x00,0x00,0x00,0x00,0x00,0x00,0x00,0x00,0x00,0x00,
    0x00,0x00,0x00,0x00,0x00,0x00,0x00,0x00,0x00,0x00,0x00,0x00,0x00,0x00,0x00,0x00,
    0x00,0x00,0x00,0x00,0x00,0x00,0x00,0x00,0x00,0x00,0x00,0x00,0x00,0x00,0x00,0x00,
    0x00,0x00,0x00,0x00,0x00,0x00,0x00,0x00,0x00,0x00,0x00,0x00,0x00,0x00,0x00,0x00,
    0x00,0x00,0x00,0x00,0x00,0x00,0x00,0x00,0x00,0x00,0x00,0x00,0x00,0x00,0x00,0x00,
    0x00,0x00,0x00,0x00,0x00,0x00,0x00,0x00,0x00,0x00,0x00,0x00,0x00,0x00,0x00,0x00,
    0x00,0x00,0x00,0x00,0x00,0x00,0x00,0x00,0x00,0x00,0x00,0x00,0x00,0x00,0x00,0x00,
    0x00,0x00,0x00,0x00,0x00,0x00,0x00,0x00,0x00,0x00,0x00,0x00,0x00,0x00,0x00,0x00,
    0x00,0x00,0x00,0x00,0x00,0x00,0x00,0x00,0x00,0x00,0x00,0x00,0x00,0x00,0x00,0x00,
    0x00,0x00,0x00,0x00,0x00,0x00,0x00,0x00,0x00,0x00,0x00,0x00,0x00,0x00,0x00,0x00,
    0x00,0x00,0x00,0x00,0x00,0x00,0x00,0x00,0x00,0x00,0x00,0x00,0x00,0x00,0x00,0x00,
    0x00,0x00,0x00,0x00,0x00,0x00,0x00,0x00,0x7b,0x63,0x4f,0xff,0x7d,0x80,0x7c,0xff,
    0x63,0x61,0x5f,0xff,0xc4,0xc1,0xb9,0xff,0x81,0x7b,0x70,0xff,0x1e,0x09,0x00,0xff,
    0x30,0x14,0x03,0xff,0x3b,0x1c,0x08,0xff,0x65,0x4a,0x31,0xff,0x6f,0x51,0x37,0xff,
    0x61,0x40,0x29,0xff,0x6b,0x4a,0x33,0xff,0x77,0x55,0x3e,0xff,0x66,0x48,0x31,0xff,
    0x55,0x39,0x21,0xff,0x5d,0x3a,0x23,0xff,0x5a,0x39,0x22,0xff,0x58,0x39,0x20,0xff,
    0x57,0x39,0x1f,0xff,0x58,0x38,0x1e,0xff,0x55,0x37,0x1d,0xff,0x54,0x36,0x1c,0xff,
    0x56,0x34,0x1c,0xff,0x54,0x35,0x1c,0xff,0x52,0x35,0x1c,0xff,0x54,0x35,0x1c,0xff,
    0x57,0x33,0x1b,0xff,0x54,0x34,0x1b,0xff,0x51,0x34,0x1b,0xff,0x56,0x33,0x1b,0xff,
    0x54,0x33,0x1b,0xff,0x54,0x32,0x1a,0xff,0x53,0x33,0x1a,0xff,0x51,0x33,0x1a,0xff,
    0x53,0x31,0x19,0xff,0x55,0x31,0x19,0xff,0x54,0x33,0x1a,0xff,0x51,0x33,0x19,0xff,
    0x50,0x32,0x19,0xff,0x52,0x31,0x19,0xff,0x50,0x32,0x18,0xff,0x53,0x32,0x19,0xff,
    0x52,0x31,0x18,0xff,0x50,0x32,0x19,0xff,0x4f,0x31,0x18,0xff,0x53,0x31,0x19,0xff,
    0x54,0x30,0x18,0xff,0x4e,0x31,0x18,0xff,0x50,0x30,0x18,0xff,0x51,0x30,0x17,0xff,
    0x4f,0x31,0x18,0xff,0x51,0x31,0x18,0xff,0x4e,0x31,0x17,0xff,0x4f,0x31,0x18,0xff,
    0x54,0x30,0x19,0xff,0x51,0x31,0x19,0xff,0x51,0x31,0x18,0xff,0x4f,0x31,0x18,0xff,
    0x52,0x31,0x19,0xff,0x4e,0x32,0x19,0xff,0x50,0x32,0x1a,0xff,0x54,0x32,0x1a,0xff,
    0x52,0x34,0x1c,0xff,0x59,0x3c,0x24,0xff,0x5a,0x3d,0x25,0xff,0x55,0x33,0x1c,0xff,
    0x54,0x36,0x1e,0xff,0x5b,0x3f,0x25,0xff,0x45,0x26,0x10,0xff,0x2d,0x14,0x01,0xff,
    0x28,0x11,0x00,0xff,0x21,0x0f,0x02,0xff,0x7e,0x73,0x6a,0xff,0xbb,0xb3,0xae,0xff,
    0x5d,0x59,0x54,0xff,0x82,0x83,0x7e,0xff,0x80,0x63,0x4c,0xff,0x00,0x00,0x00,0x00,
    0x00,0x00,0x00,0x00,0x00,0x00,0x00,0x00,0x00,0x00,0x00,0x00,0x00,0x00,0x00,0x00,
    0x00,0x00,0x00,0x00,0x00,0x00,0x00,0x00,0x00,0x00,0x00,0x00,0x00,0x00,0x00,0x00,
    0x00,0x00,0x00,0x00,0x00,0x00,0x00,0x00,0x00,0x00,0x00,0x00,0x00,0x00,0x00,0x00,
    0x00,0x00,0x00,0x00,0x00,0x00,0x00,0x00,0x00,0x00,0x00,0x00,0x00,0x00,0x00,0x00,
    0x00,0x00,0x00,0x00,0x00,0x00,0x00,0x00,0x00,0x00,0x00,0x00,0x00,0x00,0x00,0x00,
    0x00,0x00,0x00,0x00,0x00,0x00,0x00,0x00,0x00,0x00,0x00,0x00,0x00,0x00,0x00,0x00,
    0x00,0x00,0x00,0x00,0x00,0x00,0x00,0x00,0x00,0x00,0x00,0x00,0x00,0x00,0x00,0x00,
    0x00,0x00,0x00,0x00,0x00,0x00,0x00,0x00,0x00,0x00,0x00,0x00,0x00,0x00,0x00,0x00,
    0x00,0x00,0x00,0x00,0x00,0x00,0x00,0x00,0x00,0x00,0x00,0x00,0x00,0x00,0x00,0x00,
    0x00,0x00,0x00,0x00,0x00,0x00,0x00,0x00,0x00,0x00,0x00,0x00,0x00,0x00,0x00,0x00,
    0x00,0x00,0x00,0x00,0x00,0x00,0x00,0x00,0x00,0x00,0x00,0x00,0x00,0x00,0x00,0x00,
    0x00,0x00,0x00,0x00,0x00,0x00,0x00,0x00,0x00,0x00,0x00,0x00,0x00,0x00,0x00,0x00,
    0x00,0x00,0x00,0x00,0x87,0x79,0x6b,0xff,0x4d,0x4d,0x4a,0xff,0x82,0x7c,0x7a,0xff,
    0xea,0xeb,0xe8,0xff,0x74,0x70,0x67,0xff,0x20,0x08,0x00,0xff,0x35,0x15,0x07,0xff,
    0x30,0x17,0x02,0xff,0x62,0x44,0x2c,0xff,0x70,0x54,0x38,0xff,0x5c,0x3e,0x23,0xff,
    0x5e,0x3a,0x22,0xff,0x6e,0x4b,0x34,0xff,0x77,0x57,0x40,0xff,0x64,0x43,0x2b,0xff,
    0x55,0x36,0x1e,0xff,0x56,0x38,0x1f,0xff,0x56,0x37,0x1e,0xff,0x59,0x36,0x1d,0xff,
    0x56,0x35,0x1d,0xff,0x57,0x34,0x1c,0xff,0x57,0x34,0x1a,0xff,0x54,0x33,0x1b,0xff,
    0x54,0x32,0x1a,0xff,0x52,0x33,0x1a,0xff,0x55,0x33,0x1b,0xff,0x53,0x33,0x1a,0xff,
    0x51,0x32,0x1a,0xff,0x52,0x33,0x19,0xff,0x4f,0x32,0x1a,0xff,0x51,0x32,0x1a,0xff,
    0x51,0x31,0x1a,0xff,0x52,0x32,0x1a,0xff,0x53,0x32,0x19,0xff,0x55,0x32,0x1a,0xff,
    0x50,0x32,0x19,0xff,0x53,0x31,0x19,0xff,0x54,0x31,0x19,0xff,0x54,0x31,0x19,0xff,
    0x51,0x31,0x18,0xff,0x55,0x31,0x18,0xff,0x55,0x32,0x18,0xff,0x54,0x31,0x18,0xff,
    0x53,0x31,0x17,0xff,0x52,0x31,0x17,0xff,0x53,0x31,0x17,0xff,0x4f,0x32,0x18,0xff,
    0x52,0x2f,0x17,0xff,0x4f,0x30,0x17,0xff,0x4e,0x30,0x17,0xff,0x4f,0x30,0x17,0xff,
    0x4f,0x2f,0x17,0xff,0x51,0x2f,0x17,0xff,0x52,0x2f,0x16,0xff,0x4f,0x30,0x17,0xff,
    0x4f,0x30,0x17,0xff,0x4f,0x30,0x17,0xff,0x52,0x30,0x17,0xff,0x4f,0x30,0x17,0xff,
    0x50,0x30,0x17,0xff,0x51,0x2f,0x17,0xff,0x4f,0x30,0x18,0xff,0x51,0x30,0x18,0xff,
    0x50,0x31,0x18,0xff,0x5b,0x38,0x22,0xff,0x5d,0x3f,0x27,0xff,0x4e,0x31,0x19,0xff,
    0x50,0x2f,0x18,0xff,0x53,0x36,0x1d,0xff,0x5b,0x3d,0x25,0xff,0x3e,0x23,0x0b,0xff,
    0x2e,0x15,0x01,0xff,0x2c,0x14,0x03,0xff,0x1b,0x05,0x00,0xff,0x7c,0x75,0x71,0xff,
    0xdb,0xda,0xd6,0xff,0x75,0x73,0x6f,0xff,0x83,0x82,0x7e,0xff,0x81,0x65,0x4f,0xff,
    0x00,0x00,0x00,0x00,0x00,0x00,0x00,0x00,0x00,0x00,0x00,0x00,0x00,0x00,0x00,0x00,
    0x00,0x00,0x00,0x00,0x00,0x00,0x00,0x00,0x00,0x00,0x00,0x00,0x00,0x00,0x00,0x00,
    0x00,0x00,0x00,0x00,0x00,0x00,0x00,0x00,0x00,0x00,0x00,0x00,0x00,0x00,0x00,0x00,
    0x00,0x00,0x00,0x00,0x00,0x00,0x00,0x00,0x00,0x00,0x00,0x00,0x00,0x00,0x00,0x00,
    0x00,0x00,0x00,0x00,0x00,0x00,0x00,0x00,0x00,0x00,0x00,0x00,0x00,0x00,0x00,0x00,
    0x00,0x00,0x00,0x00,0x00,0x00,0x00,0x00,0x00,0x00,0x00,0x00,0x00,0x00,0x00,0x00,
    0x00,0x00,0x00,0x00,0x00,0x00,0x00,0x00,0x00,0x00,0x00,0x00,0x00,0x00,0x00,0x00,
    0x00,0x00,0x00,0x00,0x00,0x00,0x00,0x00,0x00,0x00,0x00,0x00,0x00,0x00,0x00,0x00,
    0x00,0x00,0x00,0x00,0x00,0x00,0x00,0x00,0x00,0x00,0x00,0x00,0x00,0x00,0x00,0x00,
    0x00,0x00,0x00,0x00,0x00,0x00,0x00,0x00,0x00,0x00,0x00,0x00,0x00,0x00,0x00,0x00,
    0x00,0x00,0x00,0x00,0x00,0x00,0x00,0x00,0x00,0x00,0x00,0x00,0x00,0x00,0x00,0x00,
    0x00,0x00,0x00,0x00,0x00,0x00,0x00,0x00,0x00,0x00,0x00,0x00,0x00,0x00,0x00,0x00,
    0x83,0x7a,0x6e,0xff,0x44,0x49,0x46,0xff,0x97,0x94,0x91,0xff,0xfb,0xfe,0xfd,0xff,
    0x77,0x73,0x69,0xff,0x1e,0x09,0x00,0xff,0x32,0x17,0x07,0xff,0x2d,0x12,0x02,0xff,
    0x55,0x37,0x21,0xff,0x76,0x58,0x3a,0xff,0x5f,0x3e,0x23,0xff,0x59,0x36,0x1c,0xff,
    0x5d,0x3a,0x21,0xff,0x73,0x50,0x39,0xff,0x77,0x57,0x40,0xff,0x5c,0x3d,0x24,0xff,
    0x57,0x34,0x1c,0xff,0x56,0x35,0x1c,0xff,0x55,0x35,0x1a,0xff,0x54,0x35,0x1a,0xff,
    0x53,0x34,0x1a,0xff,0x53,0x34,0x1a,0xff,0x52,0x33,0x19,0xff,0x53,0x32,0x19,0xff,
    0x53,0x32,0x19,0xff,0x51,0x33,0x1a,0xff,0x51,0x33,0x1a,0xff,0x54,0x32,0x19,0xff,
    0x52,0x32,0x19,0xff,0x51,0x32,0x19,0xff,0x52,0x31,0x19,0xff,0x51,0x31,0x18,0xff,
    0x51,0x31,0x18,0xff,0x52,0x32,0x19,0xff,0x50,0x32,0x19,0xff,0x55,0x31,0x18,0xff,
    0x54,0x30,0x18,0xff,0x52,0x30,0x18,0xff,0x52,0x30,0x18,0xff,0x52,0x30,0x18,0xff,
    0x53,0x31,0x18,0xff,0x52,0x32,0x17,0xff,0x52,0x31,0x17,0xff,0x53,0x2f,0x17,0xff,
    0x54,0x30,0x17,0xff,0x4f,0x30,0x17,0xff,0x50,0x30,0x17,0xff,0x53,0x30,0x17,0xff,
    0x51,0x2f,0x17,0xff,0x51,0x2f,0x17,0xff,0x51,0x2e,0x16,0xff,0x4e,0x2f,0x16,0xff,
    0x4e,0x2e,0x16,0xff,0x4d,0x2f,0x15,0xff,0x4d,0x2e,0x15,0xff,0x50,0x2e,0x15,0xff,
    0x4f,0x2e,0x15,0xff,0x4d,0x2e,0x15,0xff,0x4d,0x2f,0x15,0xff,0x4e,0x2f,0x16,0xff,
    0x4d,0x2e,0x15,0xff,0x4d,0x2f,0x16,0xff,0x4e,0x30,0x17,0xff,0x51,0x2f,0x17,0xff,
    0x4f,0x2f,0x16,0xff,0x54,0x36,0x1d,0xff,0x63,0x42,0x29,0xff,0x50,0x30,0x18,0xff,
    0x4b,0x2a,0x14,0xff,0x50,0x30,0x18,0xff,0x57,0x38,0x1f,0xff,0x5a,0x3b,0x24,0xff,
    0x38,0x1b,0x07,0xff,0x2b,0x14,0x02,0xff,0x2e,0x15,0x05,0xff,0x16,0x04,0x00,0xff,
    0x8b,0x83,0x7f,0xff,0xfb,0xf9,0xf7,0xff,0x7b,0x7c,0x7b,0xff,0x6f,0x6e,0x6c,0xff,
    0x83,0x67,0x51,0xff,0x00,0x00,0x00,0x00,0x00,0x00,0x00,0x00,0x00,0x00,0x00,0x00,
    0x00,0x00,0x00,0x00,0x00,0x00,0x00,0x00,0x00,0x00,0x00,0x00,0x00,0x00,0x00,0x00,
    0x00,0x00,0x00,0x00,0x00,0x00,0x00,0x00,0x00,0x00,0x00,0x00,0x00,0x00,0x00,0x00,
    0x00,0x00,0x00,0x00,0x00,0x00,0x00,0x00,0x00,0x00,0x00,0x00,0x00,0x00,0x00,0x00,
    0x00,0x00,0x00,0x00,0x00,0x00,0x00,0x00,0x00,0x00,0x00,0x00,0x00,0x00,0x00,0x00,
    0x00,0x00,0x00,0x00,0x00,0x00,0x00,0x00,0x00,0x00,0x00,0x00,0x00,0x00,0x00,0x00,
    0x00,0x00,0x00,0x00,0x00,0x00,0x00,0x00,0x00,0x00,0x00,0x00,0x00,0x00,0x00,0x00,
    0x00,0x00,0x00,0x00,0x00,0x00,0x00,0x00,0x00,0x00,0x00,0x00,0x00,0x00,0x00,0x00,
    0x00,0x00,0x00,0x00,0x00,0x00,0x00,0x00,0x00,0x00,0x00,0x00,0x00,0x00,0x00,0x00,
    0x00,0x00,0x00,0x00,0x00,0x00,0x00,0x00,0x00,0x00,0x00,0x00,0x00,0x00,0x00,0x00,
    0x00,0x00,0x00,0x00,0x00,0x00,0x00,0x00,0x00,0x00,0x00,0x00,0x00,0x00,0x00,0x00,
    0x00,0x00,0x00,0x00,0x00,0x00,0x00,0x00,0x00,0x00,0x00,0x00,0x81,0x75,0x6b,0xff,
    0x48,0x4b,0x49,0xff,0xa9,0xa6,0xa4,0xff,0xff,0xff,0xff,0xff,0x76,0x77,0x6e,0xff,
    0x1e,0x09,0x00,0xff,0x3b,0x1a,0x0a,0xff,0x2e,0x13,0x04,0xff,0x43,0x27,0x12,0xff,
    0x77,0x59,0x3f,0xff,0x65,0x42,0x28,0xff,0x57,0x34,0x1a,0xff,0x55,0x32,0x18,0xff,
    0x5d,0x3b,0x22,0xff,0x76,0x53,0x3c,0xff,0x75,0x55,0x3d,0xff,0x55,0x34,0x1c,0xff,
    0x57,0x33,0x1a,0xff,0x53,0x35,0x1a,0xff,0x56,0x34,0x1a,0xff,0x55,0x34,0x1a,0xff,
    0x54,0x33,0x19,0xff,0x53,0x33,0x19,0xff,0x52,0x31,0x19,0xff,0x51,0x32,0x18,0xff,
    0x53,0x32,0x18,0xff,0x51,0x31,0x18,0xff,0x53,0x32,0x18,0xff,0x53,0x32,0x18,0xff,
    0x53,0x31,0x17,0xff,0x52,0x32,0x18,0xff,0x52,0x32,0x18,0xff,0x52,0x31,0x18,0xff,
    0x53,0x31,0x18,0xff,0x52,0x32,0x18,0xff,0x50,0x32,0x17,0xff,0x57,0x31,0x18,0xff,
    0x54,0x31,0x17,0xff,0x51,0x31,0x16,0xff,0x54,0x30,0x17,0xff,0x52,0x30,0x17,0xff,
    0x53,0x30,0x16,0xff,0x54,0x31,0x17,0xff,0x50,0x31,0x17,0xff,0x51,0x2f,0x17,0xff,
    0x53,0x2f,0x18,0xff,0x50,0x2e,0x17,0xff,0x50,0x2f,0x14,0xff,0x51,0x2f,0x15,0xff,
    0x51,0x2f,0x16,0xff,0x4f,0x2e,0x14,0xff,0x50,0x2e,0x15,0xff,0x4f,0x2e,0x15,0xff,
    0x4f,0x2d,0x14,0xff,0x4c,0x2e,0x14,0xff,0x4d,0x2e,0x15,0xff,0x50,0x2d,0x15,0xff,
    0x4c,0x2e,0x14,0xff,0x4e,0x2e,0x14,0xff,0x4f,0x2c,0x14,0xff,0x4c,0x2d,0x15,0xff,
    0x4d,0x2d,0x15,0xff,0x4d,0x2e,0x14,0xff,0x4d,0x2e,0x16,0xff,0x51,0x2e,0x16,0xff,
    0x4e,0x2d,0x15,0xff,0x52,0x31,0x19,0xff,0x63,0x43,0x2a,0xff,0x53,0x34,0x1b,0xff,
    0x47,0x27,0x10,0xff,0x4d,0x2d,0x14,0xff,0x51,0x30,0x17,0xff,0x5b,0x39,0x23,0xff,
    0x52,0x33,0x1d,0xff,0x2c,0x16,0x01,0xff,0x2e,0x14,0x02,0xff,0x30,0x16,0x07,0xff,
    0x18,0x09,0x00,0xff,0x96,0x8d,0x88,0xff,0xff,0xff,0xff,0xff,0x8f,0x8d,0x8b,0xff,
    0x7d,0x7b,0x7b,0xff,0x82,0x66,0x4f,0xff,0x00,0x00,0x00,0x00,0x00,0x00,0x00,0x00,
    0x00,0x00,0x00,0x00,0x00,0x00,0x00,0x00,0x00,0x00,0x00,0x00,0x00,0x00,0x00,0x00,
    0x00,0x00,0x00,0x00,0x00,0x00,0x00,0x00,0x00,0x00,0x00,0x00,0x00,0x00,0x00,0x00,
    0x00,0x00,0x00,0x00,0x00,0x00,0x00,0x00,0x00,0x00,0x00,0x00,0x00,0x00,0x00,0x00,
    0x00,0x00,0x00,0x00,0x00,0x00,0x00,0x00,0x00,0x00,0x00,0x00,0x00,0x00,0x00,0x00,
    0x00,0x00,0x00,0x00,0x00,0x00,0x00,0x00,0x00,0x00,0x00,0x00,0x00,0x00,0x00,0x00,
    0x00,0x00,0x00,0x00,0x00,0x00,0x00,0x00,0x00,0x00,0x00,0x00,0x00,0x00,0x00,0x00,
    0x00,0x00,0x00,0x00,0x00,0x00,0x00,0x00,0x00,0x00,0x00,0x00,0x00,0x00,0x00,0x00,
    0x00,0x00,0x00,0x00,0x00,0x00,0x00,0x00,0x00,0x00,0x00,0x00,0x00,0x00,0x00,0x00,
    0x00,0x00,0x00,0x00,0x00,0x00,0x00,0x00,0x00,0x00,0x00,0x00,0x00,0x00,0x00,0x00,
    0x00,0x00,0x00,0x00,0x00,0x00,0x00,0x00,0x00,0x00,0x00,0x00,0x00,0x00,0x00,0x00,
    0x00,0x00,0x00,0x00,0x00,0x00,0x00,0x00,0x83,0x75,0x68,0xff,0x40,0x3e,0x3c,0xff,
    0xb4,0xb3,0xae,0xff,0xff,0xff,0xff,0xff,0x83,0x7f,0x7d,0xff,0x26,0x0f,0x00,0xff,
    0x52,0x32,0x20,0xff,0x32,0x13,0x05,0xff,0x38,0x1b,0x08,0xff,0x6e,0x54,0x39,0xff,
    0x6d,0x4d,0x32,0xff,0x55,0x32,0x18,0xff,0x57,0x30,0x17,0xff,0x50,0x2e,0x14,0xff,
    0x5e,0x3c,0x24,0xff,0x7d,0x56,0x40,0xff,0x70,0x4d,0x35,0xff,0x50,0x2f,0x16,0xff,
    0x57,0x34,0x19,0xff,0x55,0x34,0x1a,0xff,0x54,0x33,0x1a,0xff,0x54,0x32,0x18,0xff,
    0x52,0x32,0x18,0xff,0x55,0x30,0x17,0xff,0x56,0x30,0x18,0xff,0x52,0x30,0x17,0xff,
    0x51,0x31,0x16,0xff,0x51,0x30,0x17,0xff,0x50,0x31,0x17,0xff,0x50,0x31,0x17,0xff,
    0x52,0x31,0x17,0xff,0x54,0x31,0x17,0xff,0x53,0x30,0x17,0xff,0x51,0x30,0x18,0xff,
    0x54,0x30,0x18,0xff,0x54,0x2f,0x17,0xff,0x51,0x30,0x16,0xff,0x54,0x30,0x15,0xff,
    0x55,0x30,0x16,0xff,0x52,0x30,0x16,0xff,0x54,0x30,0x17,0xff,0x53,0x30,0x16,0xff,
    0x53,0x2f,0x15,0xff,0x55,0x2f,0x16,0xff,0x51,0x2f,0x16,0xff,0x50,0x2f,0x16,0xff,
    0x50,0x2e,0x16,0xff,0x50,0x2e,0x15,0xff,0x4d,0x2f,0x14,0xff,0x4f,0x2f,0x14,0xff,
    0x4f,0x2e,0x14,0xff,0x51,0x2d,0x13,0xff,0x4e,0x2e,0x14,0xff,0x4f,0x2e,0x14,0xff,
    0x52,0x2d,0x13,0xff,0x4f,0x2d,0x13,0xff,0x4e,0x2d,0x14,0xff,0x50,0x2c,0x14,0xff,
    0x4e,0x2c,0x13,0xff,0x4e,0x2d,0x13,0xff,0x4f,0x2c,0x13,0xff,0x4d,0x2d,0x13,0xff,
    0x51,0x2c,0x13,0xff,0x51,0x2d,0x13,0xff,0x4e,0x2d,0x14,0xff,0x4e,0x2d,0x15,0xff,
    0x4e,0x2c,0x14,0xff,0x4e,0x2e,0x15,0xff,0x5f,0x42,0x28,0xff,0x59,0x3b,0x21,0xff,
    0x48,0x26,0x0d,0xff,0x4d,0x29,0x11,0xff,0x4e,0x2d,0x14,0xff,0x55,0x2f,0x18,0xff,
    0x5c,0x3a,0x22,0xff,0x44,0x27,0x0f,0xff,0x30,0x13,0x00,0xff,0x35,0x19,0x04,0xff,
    0x34,0x1b,0x0a,0xff,0x20,0x0c,0x03,0xff,0xa0,0x9c,0x97,0xff,0xff,0xff,0xff,0xff,
    0x8e,0x8a,0x8b,0xff,0x83,0x82,0x7f,0xff,0x73,0x4f,0x33,0xff,0x00,0x00,0x00,0x00,
    0x00,0x00,0x00,0x00,0x00,0x00,0x00,0x00,0x00,0x00,0x00,0x00,0x00,0x00,0x00,0x00,
    0x00,0x00,0x00,0x00,0x00,0x00,0x00,0x00,0x00,0x00,0x00,0x00,0x00,0x00,0x00,0x00,
    0x00,0x00,0x00,0x00,0x00,0x00,0x00,0x00,0x00,0x00,0x00,0x00,0x00,0x00,0x00,0x00,
    0x00,0x00,0x00,0x00,0x00,0x00,0x00,0x00,0x00,0x00,0x00,0x00,0x00,0x00,0x00,0x00,
    0x00,0x00,0x00,0x00,0x00,0x00,0x00,0x00,0x00,0x00,0x00,0x00,0x00,0x00,0x00,0x00,
    0x00,0x00,0x00,0x00,0x00,0x00,0x00,0x00,0x00,0x00,0x00,0x00,0x00,0x00,0x00,0x00,
    0x00,0x00,0x00,0x00,0x00,0x00,0x00,0x00,0x00,0x00,0x00,0x00,0x00,0x00,0x00,0x00,
    0x00,0x00,0x00,0x00,0x00,0x00,0x00,0x00,0x00,0x00,0x00,0x00,0x00,0x00,0x00,0x00,
    0x00,0x00,0x00,0x00,0x00,0x00,0x00,0x00,0x00,0x00,0x00,0x00,0x00,0x00,0x00,0x00,
    0x00,0x00,0x00,0x00,0x00,0x00,0x00,0x00,0x00,0x00,0x00,0x00,0x00,0x00,0x00,0x00,
    0x00,0x00,0x00,0x00,0x85,0x6e,0x5c,0xff,0x58,0x58,0x54,0xff,0xa6,0xa3,0x9e,0xff,
    0xff,0xff,0xff,0xff,0x97,0x9a,0x94,0xff,0x1b,0x0b,0x00,0xff,0x70,0x57,0x3f,0xff,
    0x51,0x32,0x1e,0xff,0x2f,0x0e,0x00,0xff,0x66,0x44,0x2c,0xff,0x7a,0x5a,0x3c,0xff,
    0x53,0x34,0x17,0xff,0x4c,0x2f,0x15,0xff,0x52,0x2e,0x14,0xff,0x4e,0x2c,0x12,0xff,
    0x60,0x40,0x27,0xff,0x7b,0x58,0x40,0xff,0x63,0x43,0x2b,0xff,0x50,0x2d,0x13,0xff,
    0x54,0x33,0x18,0xff,0x54,0x33,0x19,0xff,0x54,0x33,0x19,0xff,0x53,0x32,0x18,0xff,
    0x50,0x32,0x17,0xff,0x52,0x31,0x17,0xff,0x50,0x31,0x18,0xff,0x51,0x31,0x17,0xff,
    0x51,0x31,0x17,0xff,0x53,0x31,0x16,0xff,0x53,0x30,0x16,0xff,0x51,0x31,0x16,0xff,
    0x4f,0x31,0x17,0xff,0x50,0x31,0x17,0xff,0x53,0x31,0x16,0xff,0x50,0x31,0x16,0xff,
    0x53,0x30,0x16,0xff,0x51,0x30,0x16,0xff,0x53,0x30,0x15,0xff,0x55,0x30,0x14,0xff,
    0x53,0x30,0x14,0xff,0x55,0x30,0x13,0xff,0x55,0x30,0x14,0xff,0x51,0x2f,0x15,0xff,
    0x50,0x30,0x15,0xff,0x51,0x30,0x14,0xff,0x4e,0x30,0x14,0xff,0x50,0x2f,0x14,0xff,
    0x4f,0x2e,0x14,0xff,0x53,0x2d,0x13,0xff,0x50,0x2e,0x14,0xff,0x4e,0x2e,0x13,0xff,
    0x4b,0x2e,0x13,0xff,0x50,0x2d,0x13,0xff,0x4d,0x2d,0x12,0xff,0x4c,0x2d,0x13,0xff,
    0x4d,0x2c,0x12,0xff,0x4c,0x2d,0x13,0xff,0x4d,0x2d,0x13,0xff,0x4d,0x2d,0x14,0xff,
    0x4f,0x2c,0x13,0xff,0x4e,0x2d,0x12,0xff,0x4e,0x2d,0x12,0xff,0x4b,0x2e,0x12,0xff,
    0x4e,0x2d,0x12,0xff,0x4b,0x2d,0x12,0xff,0x4c,0x2d,0x13,0xff,0x4d,0x2c,0x13,0xff,
    0x4f,0x2c,0x12,0xff,0x50,0x2c,0x12,0xff,0x5d,0x3d,0x24,0xff,0x5b,0x3f,0x25,0xff,
    0x45,0x28,0x0e,0xff,0x4a,0x28,0x10,0xff,0x4b,0x2a,0x12,0xff,0x50,0x2b,0x14,0xff,
    0x50,0x30,0x18,0xff,0x55,0x35,0x1d,0xff,0x3a,0x1d,0x08,0xff,0x2d,0x13,0x00,0xff,
    0x4a,0x29,0x15,0xff,0x41,0x23,0x12,0xff,0x1e,0x0f,0x08,0xff,0xbb,0xb9,0xb5,0xff,
    0xfc,0xfc,0xfb,0xff,0x87,0x86,0x85,0xff,0x7f,0x78,0x6e,0xff,0x00,0x00,0x00,0x00,
    0x00,0x00,0x00,0x00,0x00,0x00,0x00,0x00,0x00,0x00,0x00,0x00,0x00,0x00,0x00,0x00,
    0x00,0x00,0x00,0x00,0x00,0x00,0x00,0x00,0x00,0x00,0x00,0x00,0x00,0x00,0x00,0x00,
    0x00,0x00,0x00,0x00,0x00,0x00,0x00,0x00,0x00,0x00,0x00,0x00,0x00,0x00,0x00,0x00,
    0x00,0x00,0x00,0x00,0x00,0x00,0x00,0x00,0x00,0x00,0x00,0x00,0x00,0x00,0x00,0x00,
    0x00,0x00,0x00,0x00,0x00,0x00,0x00,0x00,0x00,0x00,0x00,0x00,0x00,0x00,0x00,0x00,
    0x00,0x00,0x00,0x00,0x00,0x00,0x00,0x00,0x00,0x00,0x00,0x00,0x00,0x00,0x00,0x00,
    0x00,0x00,0x00,0x00,0x00,0x00,0x00,0x00,0x00,0x00,0x00,0x00,0x00,0x00,0x00,0x00,
    0x00,0x00,0x00,0x00,0x00,0x00,0x00,0x00,0x00,0x00,0x00,0x00,0x00,0x00,0x00,0x00,
    0x00,0x00,0x00,0x00,0x00,0x00,0x00,0x00,0x00,0x00,0x00,0x00,0x00,0x00,0x00,0x00,
    0x00,0x00,0x00,0x00,0x00,0x00,0x00,0x00,0x00,0x00,0x00,0x00,0x00,0x00,0x00,0x00,
    0x00,0x00,0x00,0x00,0x6e,0x6d,0x6a,0xff,0x95,0x91,0x8a,0xff,0xff,0xff,0xff,0xff,
    0xbe,0xbd,0xbd,0xff,0x15,0x0b,0x05,0xff,0x74,0x54,0x39,0xff,0x8b,0x67,0x4a,0xff,
    0x35,0x14,0x02,0xff,0x4e,0x32,0x1b,0xff,0x7e,0x5d,0x44,0xff,0x5c,0x3a,0x20,0xff,
    0x4f,0x2d,0x12,0xff,0x4d,0x2d,0x13,0xff,0x4e,0x2b,0x12,0xff,0x4d,0x2c,0x12,0xff,
    0x67,0x45,0x2d,0xff,0x79,0x57,0x3f,0xff,0x5b,0x38,0x21,0xff,0x4e,0x2e,0x13,0xff,
    0x52,0x33,0x17,0xff,0x55,0x32,0x18,0xff,0x52,0x31,0x17,0xff,0x52,0x31,0x17,0xff,
    0x52,0x31,0x17,0xff,0x52,0x31,0x17,0xff,0x52,0x31,0x17,0xff,0x4f,0x30,0x16,0xff,
    0x51,0x30,0x16,0xff,0x52,0x30,0x16,0xff,0x52,0x30,0x16,0xff,0x51,0x31,0x16,0xff,
    0x50,0x30,0x16,0xff,0x52,0x31,0x16,0xff,0x54,0x30,0x16,0xff,0x54,0x30,0x15,0xff,
    0x52,0x30,0x15,0xff,0x53,0x30,0x16,0xff,0x53,0x30,0x15,0xff,0x52,0x30,0x13,0xff,
    0x54,0x30,0x14,0xff,0x56,0x2f,0x13,0xff,0x52,0x30,0x13,0xff,0x51,0x30,0x13,0xff,
    0x51,0x30,0x13,0xff,0x55,0x2f,0x12,0xff,0x52,0x2f,0x12,0xff,0x51,0x2f,0x13,0xff,
    0x4e,0x2d,0x13,0xff,0x50,0x2c,0x12,0xff,0x4e,0x2d,0x11,0xff,0x4d,0x2c,0x12,0xff,
    0x4b,0x2c,0x12,0xff,0x4e,0x2c,0x11,0xff,0x4c,0x2c,0x12,0xff,0x4c,0x2c,0x12,0xff,
    0x4e,0x2c,0x12,0xff,0x4f,0x2c,0x13,0xff,0x4d,0x2d,0x13,0xff,0x4c,0x2e,0x13,0xff,
    0x50,0x2c,0x12,0xff,0x4e,0x2d,0x12,0xff,0x4c,0x2c,0x12,0xff,0x4d,0x2d,0x12,0xff,
    0x4d,0x2d,0x12,0xff,0x4e,0x2d,0x12,0xff,0x4c,0x2d,0x12,0xff,0x4d,0x2c,0x12,0xff,
    0x4e,0x2d,0x12,0xff,0x4d,0x2b,0x11,0xff,0x59,0x38,0x1e,0xff,0x60,0x42,0x27,0xff,
    0x49,0x29,0x10,0xff,0x47,0x25,0x0d,0xff,0x4b,0x28,0x10,0xff,0x4d,0x2a,0x11,0xff,
    0x4c,0x2a,0x12,0xff,0x52,0x31,0x19,0xff,0x4a,0x2e,0x17,0xff,0x32,0x16,0x05,0xff,
    0x3a,0x1b,0x07,0xff,0x67,0x4a,0x30,0xff,0x32,0x19,0x0b,0xff,0x34,0x25,0x21,0xff,
    0xde,0xdd,0xdb,0xff,0xea,0xe6,0xe2,0xff,0x77,0x76,0x74,0xff,0x81,0x71,0x62,0xff,
    0x00,0x00,0x00,0x00,0x00,0x00,0x00,0x00,0x00,0x00,0x00,0x00,0x00,0x00,0x00,0x00,
    0x00,0x00,0x00,0x00,0x00,0x00,0x00,0x00,0x00,0x00,0x00,0x00,0x00,0x00,0x00,0x00,
    0x00,0x00,0x00,0x00,0x00,0x00,0x00,0x00,0x00,0x00,0x00,0x00,0x00,0x00,0x00,0x00,
    0x00,0x00,0x00,0x00,0x00,0x00,0x00,0x00,0x00,0x00,0x00,0x00,0x00,0x00,0x00,0x00,
    0x00,0x00,0x00,0x00,0x00,0x00,0x00,0x00,0x00,0x00,0x00,0x00,0x00,0x00,0x00,0x00,
    0x00,0x00,0x00,0x00,0x00,0x00,0x00,0x00,0x00,0x00,0x00,0x00,0x00,0x00,0x00,0x00,
    0x00,0x00,0x00,0x00,0x00,0x00,0x00,0x00,0x00,0x00,0x00,0x00,0x00,0x00,0x00,0x00,
    0x00,0x00,0x00,0x00,0x00,0x00,0x00,0x00,0x00,0x00,0x00,0x00,0x00,0x00,0x00,0x00,
    0x00,0x00,0x00,0x00,0x00,0x00,0x00,0x00,0x00,0x00,0x00,0x00,0x00,0x00,0x00,0x00,
    0x00,0x00,0x00,0x00,0x00,0x00,0x00,0x00,0x00,0x00,0x00,0x00,0x00,0x00,0x00,0x00,
    0x7e,0x7e,0x7b,0xff,0x6b,0x6a,0x63,0xff,0xf6,0xf7,0xf4,0xff,0xe6,0xe9,0xe7,0xff,
    0x3a,0x2f,0x2b,0xff,0x55,0x3a,0x29,0xff,0xa0,0x7f,0x5e,0xff,0x58,0x34,0x1b,0xff,
    0x41,0x21,0x0e,0xff,0x78,0x5a,0x40,0xff,0x68,0x49,0x2b,0xff,0x4b,0x2a,0x10,0xff,
    0x4f,0x2c,0x13,0xff,0x4d,0x2b,0x11,0xff,0x4b,0x2a,0x0f,0xff,0x50,0x2f,0x14,0xff,
    0x6e,0x4a,0x31,0xff,0x73,0x54,0x3b,0xff,0x56,0x31,0x18,0xff,0x50,0x2e,0x14,0xff,
    0x50,0x30,0x16,0xff,0x53,0x30,0x16,0xff,0x53,0x30,0x16,0xff,0x52,0x30,0x15,0xff,
    0x54,0x2f,0x15,0xff,0x50,0x30,0x15,0xff,0x54,0x2f,0x16,0xff,0x52,0x2f,0x15,0xff,
    0x51,0x2f,0x14,0xff,0x51,0x2f,0x15,0xff,0x53,0x30,0x15,0xff,0x53,0x30,0x15,0xff,
    0x54,0x2f,0x13,0xff,0x54,0x2f,0x14,0xff,0x53,0x30,0x14,0xff,0x56,0x30,0x14,0xff,
    0x50,0x30,0x14,0xff,0x51,0x30,0x13,0xff,0x54,0x30,0x13,0xff,0x51,0x31,0x13,0xff,
    0x52,0x30,0x12,0xff,0x54,0x30,0x13,0xff,0x51,0x30,0x13,0xff,0x53,0x2f,0x13,0xff,
    0x51,0x2f,0x12,0xff,0x51,0x2e,0x12,0xff,0x53,0x2d,0x12,0xff,0x50,0x2e,0x11,0xff,
    0x4e,0x2d,0x13,0xff,0x50,0x2d,0x12,0xff,0x4f,0x2c,0x10,0xff,0x4f,0x2c,0x12,0xff,
    0x4c,0x2b,0x11,0xff,0x4c,0x2b,0x11,0xff,0x4d,0x2b,0x11,0xff,0x4d,0x2c,0x11,0xff,
    0x4b,0x2c,0x12,0xff,0x50,0x2c,0x12,0xff,0x4d,0x2c,0x12,0xff,0x4c,0x2d,0x12,0xff,
    0x4f,0x2c,0x13,0xff,0x4f,0x2c,0x12,0xff,0x4d,0x2d,0x12,0xff,0x4e,0x2c,0x12,0xff,
    0x4b,0x2d,0x12,0xff,0x4f,0x2d,0x13,0xff,0x4c,0x2c,0x12,0xff,0x4d,0x2c,0x12,0xff,
    0x4f,0x2d,0x12,0xff,0x4b,0x2b,0x0f,0xff,0x55,0x32,0x18,0xff,0x65,0x42,0x28,0xff,
    0x4d,0x2d,0x13,0xff,0x43,0x24,0x0b,0xff,0x4b,0x27,0x0e,0xff,0x48,0x29,0x0e,0xff,
    0x4d,0x2a,0x10,0xff,0x4e,0x29,0x11,0xff,0x50,0x34,0x1b,0xff,0x3f,0x25,0x0f,0xff,
    0x2f,0x14,0x00,0xff,0x56,0x38,0x1f,0xff,0x73,0x55,0x3c,0xff,0x21,0x0a,0x00,0xff,
    0x56,0x4e,0x48,0xff,0xf1,0xf4,0xef,0xff,0xd9,0xd4,0xd2,0xff,0x8f,0x8f,0x8d,0xff,
    0x7e,0x66,0x51,0xff,0x00,0x00,0x00,0x00,0x00,0x00,0x00,0x00,0x00,0x00,0x00,0x00,
    0x00,0x00,0x00,0x00,0x00,0x00,0x00,0x00,0x00,0x00,0x00,0x00,0x00,0x00,0x00,0x00,
    0x00,0x00,0x00,0x00,0x00,0x00,0x00,0x00,0x00,0x00,0x00,0x00,0x00,0x00,0x00,0x00,
    0x00,0x00,0x00,0x00,0x00,0x00,0x00,0x00,0x00,0x00,0x00,0x00,0x00,0x00,0x00,0x00,
    0x00,0x00,0x00,0x00,0x00,0x00,0x00,0x00,0x00,0x00,0x00,0x00,0x00,0x00,0x00,0x00,
    0x00,0x00,0x00,0x00,0x00,0x00,0x00,0x00,0x00,0x00,0x00,0x00,0x00,0x00,0x00,0x00,
    0x00,0x00,0x00,0x00,0x00,0x00,0x00,0x00,0x00,0x00,0x00,0x00,0x00,0x00,0x00,0x00,
    0x00,0x00,0x00,0x00,0x00,0x00,0x00,0x00,0x00,0x00,0x00,0x00,0x00,0x00,0x00,0x00,
    0x00,0x00,0x00,0x00,0x00,0x00,0x00,0x00,0x00,0x00,0x00,0x00,0x00,0x00,0x00,0x00,
    0x00,0x00,0x00,0x00,0x00,0x00,0x00,0x00,0x00,0x00,0x00,0x00,0x8c,0x81,0x78,0xff,
    0x55,0x52,0x4d,0xff,0xd2,0xcf,0xc8,0xff,0xfd,0xff,0xff,0xff,0x65,0x5e,0x5c,0xff,
    0x37,0x24,0x13,0xff,0xa0,0x7f,0x60,0xff,0x7f,0x5b,0x42,0xff,0x42,0x1f,0x08,0xff,
    0x67,0x45,0x2d,0xff,0x7c,0x58,0x42,0xff,0x4e,0x2f,0x13,0xff,0x4c,0x2b,0x0e,0xff,
    0x4b,0x2b,0x0f,0xff,0x4d,0x2b,0x0e,0xff,0x47,0x29,0x0d,0xff,0x50,0x32,0x16,0xff,
    0x73,0x4f,0x35,0xff,0x70,0x4d,0x35,0xff,0x50,0x2c,0x11,0xff,0x52,0x2f,0x12,0xff,
    0x52,0x2f,0x14,0xff,0x51,0x2f,0x14,0xff,0x52,0x30,0x15,0xff,0x52,0x31,0x14,0xff,
    0x53,0x31,0x13,0xff,0x53,0x30,0x14,0xff,0x53,0x30,0x16,0xff,0x54,0x2f,0x15,0xff,
    0x52,0x2f,0x14,0xff,0x51,0x2f,0x13,0xff,0x53,0x31,0x14,0xff,0x54,0x31,0x13,0xff,
    0x56,0x30,0x13,0xff,0x55,0x30,0x14,0xff,0x52,0x30,0x14,0xff,0x53,0x30,0x14,0xff,
    0x56,0x30,0x13,0xff,0x54,0x2f,0x13,0xff,0x56,0x2f,0x13,0xff,0x54,0x31,0x13,0xff,
    0x53,0x30,0x13,0xff,0x52,0x30,0x13,0xff,0x53,0x2f,0x13,0xff,0x51,0x2f,0x12,0xff,
    0x54,0x2e,0x12,0xff,0x52,0x2e,0x11,0xff,0x53,0x2d,0x11,0xff,0x51,0x2d,0x11,0xff,
    0x50,0x2d,0x11,0xff,0x4e,0x2d,0x11,0xff,0x4f,0x2c,0x11,0xff,0x4d,0x2b,0x10,0xff,
    0x4f,0x2a,0x11,0xff,0x4b,0x2a,0x0f,0xff,0x4d,0x2b,0x10,0xff,0x4f,0x2b,0x11,0xff,
    0x4d,0x2b,0x11,0xff,0x4f,0x2b,0x11,0xff,0x4e,0x2c,0x11,0xff,0x4e,0x2c,0x11,0xff,
    0x4e,0x2c,0x12,0xff,0x4f,0x2c,0x12,0xff,0x4d,0x2d,0x12,0xff,0x4e,0x2c,0x12,0xff,
    0x4f,0x2c,0x11,0xff,0x4e,0x2d,0x13,0xff,0x4f,0x2c,0x12,0xff,0x4d,0x2b,0x11,0xff,
    0x4e,0x2c,0x11,0xff,0x4c,0x2b,0x0f,0xff,0x51,0x2e,0x15,0xff,0x64,0x42,0x28,0xff,
    0x52,0x32,0x18,0xff,0x41,0x24,0x0a,0xff,0x48,0x27,0x0d,0xff,0x4b,0x28,0x0c,0xff,
    0x4b,0x28,0x0e,0xff,0x4d,0x28,0x0d,0xff,0x4e,0x2d,0x14,0xff,0x50,0x33,0x1a,0xff,
    0x37,0x1b,0x07,0xff,0x3f,0x20,0x0a,0xff,0x79,0x56,0x3e,0xff,0x67,0x4a,0x34,0xff,
    0x19,0x05,0x00,0xff,0x8e,0x84,0x81,0xff,0xff,0xff,0xff,0xff,0x94,0x92,0x8f,0xff,
    0x8b,0x88,0x82,0xff,0x70,0x4d,0x31,0xff,0x00,0x00,0x00,0x00,0x00,0x00,0x00,0x00,
    0x00,0x00,0x00,0x00,0x00,0x00,0x00,0x00,0x00,0x00,0x00,0x00,0x00,0x00,0x00,0x00,
    0x00,0x00,0x00,0x00,0x00,0x00,0x00,0x00,0x00,0x00,0x00,0x00,0x00,0x00,0x00,0x00,
    0x00,0x00,0x00,0x00,0x00,0x00,0x00,0x00,0x00,0x00,0x00,0x00,0x00,0x00,0x00,0x00,
    0x00,0x00,0x00,0x00,0x00,0x00,0x00,0x00,0x00,0x00,0x00,0x00,0x00,0x00,0x00,0x00,
    0x00,0x00,0x00,0x00,0x00,0x00,0x00,0x00,0x00,0x00,0x00,0x00,0x00,0x00,0x00,0x00,
    0x00,0x00,0x00,0x00,0x00,0x00,0x00,0x00,0x00,0x00,0x00,0x00,0x00,0x00,0x00,0x00,
    0x00,0x00,0x00,0x00,0x00,0x00,0x00,0x00,0x00,0x00,0x00,0x00,0x00,0x00,0x00,0x00,
    0x00,0x00,0x00,0x00,0x00,0x00,0x00,0x00,0x00,0x00,0x00,0x00,0x00,0x00,0x00,0x00,
    0x00,0x00,0x00,0x00,0x00,0x00,0x00,0x00,0x83,0x6a,0x57,0xff,0x61,0x5e,0x5c,0xff,
    0xa7,0xa1,0x99,0xff,0xfe,0xfe,0xfc,0xff,0xa9,0xa9,0xa6,0xff,0x26,0x16,0x0b,0xff,
    0x90,0x74,0x5b,0xff,0x9b,0x78,0x5a,0xff,0x5c,0x39,0x21,0xff,0x4e,0x2b,0x15,0xff,
    0x81,0x5e,0x42,0xff,0x64,0x40,0x26,0xff,0x47,0x28,0x0c,0xff,0x4d,0x2c,0x0f,0xff,
    0x4a,0x2a,0x0e,0xff,0x4d,0x2a,0x0f,0xff,0x49,0x27,0x0c,0xff,0x57,0x35,0x19,0xff,
    0x75,0x53,0x38,0xff,0x69,0x44,0x2c,0xff,0x4c,0x2a,0x0f,0xff,0x52,0x2f,0x12,0xff,
    0x55,0x2f,0x12,0xff,0x52,0x30,0x13,0xff,0x53,0x30,0x14,0xff,0x55,0x30,0x14,0xff,
    0x51,0x31,0x13,0xff,0x52,0x30,0x13,0xff,0x51,0x30,0x14,0xff,0x53,0x30,0x14,0xff,
    0x53,0x30,0x14,0xff,0x55,0x30,0x13,0xff,0x54,0x30,0x13,0xff,0x54,0x31,0x13,0xff,
    0x54,0x2f,0x13,0xff,0x53,0x30,0x14,0xff,0x55,0x2f,0x14,0xff,0x54,0x30,0x14,0xff,
    0x55,0x31,0x13,0xff,0x57,0x30,0x14,0xff,0x54,0x30,0x13,0xff,0x55,0x2f,0x12,0xff,
    0x55,0x30,0x12,0xff,0x53,0x30,0x13,0xff,0x57,0x2f,0x13,0xff,0x53,0x2f,0x13,0xff,
    0x53,0x2f,0x13,0xff,0x52,0x2f,0x12,0xff,0x53,0x2e,0x12,0xff,0x52,0x2d,0x11,0xff,
    0x51,0x2c,0x10,0xff,0x4e,0x2d,0x10,0xff,0x4f,0x2c,0x0f,0xff,0x4c,0x2a,0x10,0xff,
    0x4f,0x2b,0x10,0xff,0x4f,0x2c,0x0f,0xff,0x50,0x2b,0x0f,0xff,0x4b,0x2b,0x10,0xff,
    0x4e,0x2b,0x11,0xff,0x4e,0x2b,0x11,0xff,0x4f,0x2b,0x11,0xff,0x53,0x2c,0x10,0xff,
    0x4e,0x2c,0x11,0xff,0x4f,0x2c,0x12,0xff,0x52,0x2c,0x11,0xff,0x4d,0x2d,0x10,0xff,
    0x4e,0x2d,0x10,0xff,0x4e,0x2c,0x12,0xff,0x50,0x2b,0x12,0xff,0x4e,0x2b,0x10,0xff,
    0x4f,0x2c,0x10,0xff,0x4d,0x2b,0x0f,0xff,0x4d,0x2b,0x11,0xff,0x62,0x3f,0x25,0xff,
    0x59,0x37,0x1e,0xff,0x46,0x23,0x0a,0xff,0x47,0x27,0x0c,0xff,0x4b,0x27,0x0d,0xff,
    0x4c,0x27,0x0d,0xff,0x4c,0x27,0x0e,0xff,0x4c,0x26,0x0d,0xff,0x55,0x33,0x1a,0xff,
    0x48,0x2b,0x14,0xff,0x36,0x1a,0x04,0xff,0x5c,0x3c,0x25,0xff,0x88,0x63,0x49,0xff,
    0x4c,0x32,0x21,0xff,0x20,0x11,0x0b,0xff,0xca,0xc6,0xc2,0xff,0xea,0xe6,0xe5,0xff,
    0x96,0x96,0x93,0xff,0x96,0x88,0x7c,0xff,0x5b,0x33,0x14,0xff,0x00,0x00,0x00,0x00,
    0x00,0x00,0x00,0x00,0x00,0x00,0x00,0x00,0x00,0x00,0x00,0x00,0x00,0x00,0x00,0x00,
    0x00,0x00,0x00,0x00,0x00,0x00,0x00,0x00,0x00,0x00,0x00,0x00,0x00,0x00,0x00,0x00,
    0x00,0x00,0x00,0x00,0x00,0x00,0x00,0x00,0x00,0x00,0x00,0x00,0x00,0x00,0x00,0x00,
    0x00,0x00,0x00,0x00,0x00,0x00,0x00,0x00,0x00,0x00,0x00,0x00,0x00,0x00,0x00,0x00,
    0x00,0x00,0x00,0x00,0x00,0x00,0x00,0x00,0x00,0x00,0x00,0x00,0x00,0x00,0x00,0x00,
    0x00,0x00,0x00,0x00,0x00,0x00,0x00,0x00,0x00,0x00,0x00,0x00,0x00,0x00,0x00,0x00,
    0x00,0x00,0x00,0x00,0x00,0x00,0x00,0x00,0x00,0x00,0x00,0x00,0x00,0x00,0x00,0x00,
    0x00,0x00,0x00,0x00,0x00,0x00,0x00,0x00,0x00,0x00,0x00,0x00,0x00,0x00,0x00,0x00,
    0x00,0x00,0x00,0x00,0x00,0x00,0x00,0x00,0x93,0x8a,0x85,0xff,0x63,0x62,0x5b,0xff,
    0xf4,0xf1,0xeb,0xff,0xd5,0xd5,0xcf,0xff,0x37,0x2c,0x26,0xff,0x75,0x5c,0x49,0xff,
    0xa4,0x84,0x68,0xff,0x85,0x62,0x46,0xff,0x4a,0x27,0x0f,0xff,0x71,0x4b,0x35,0xff,
    0x7f,0x5a,0x3f,0xff,0x4d,0x2b,0x0f,0xff,0x4a,0x2b,0x0d,0xff,0x4b,0x2a,0x0d,0xff,
    0x4b,0x2a,0x0d,0xff,0x4c,0x2a,0x0e,0xff,0x49,0x28,0x0c,0xff,0x5c,0x3b,0x1d,0xff,
    0x78,0x54,0x38,0xff,0x61,0x3c,0x23,0xff,0x4c,0x2a,0x10,0xff,0x53,0x2f,0x12,0xff,
    0x56,0x30,0x13,0xff,0x55,0x2f,0x13,0xff,0x54,0x2f,0x13,0xff,0x53,0x2f,0x13,0xff,
    0x53,0x2f,0x13,0xff,0x53,0x2f,0x13,0xff,0x53,0x30,0x13,0xff,0x52,0x30,0x13,0xff,
    0x53,0x30,0x13,0xff,0x54,0x30,0x13,0xff,0x55,0x30,0x13,0xff,0x54,0x30,0x13,0xff,
    0x54,0x2f,0x13,0xff,0x53,0x31,0x13,0xff,0x54,0x30,0x13,0xff,0x55,0x30,0x13,0xff,
    0x54,0x30,0x12,0xff,0x56,0x31,0x12,0xff,0x53,0x31,0x13,0xff,0x55,0x30,0x12,0xff,
    0x54,0x2f,0x11,0xff,0x54,0x2f,0x13,0xff,0x53,0x2f,0x12,0xff,0x52,0x2f,0x12,0xff,
    0x53,0x2e,0x11,0xff,0x51,0x2e,0x11,0xff,0x51,0x2e,0x11,0xff,0x51,0x2d,0x11,0xff,
    0x50,0x2d,0x10,0xff,0x4f,0x2c,0x10,0xff,0x4e,0x2c,0x10,0xff,0x4d,0x2b,0x11,0xff,
    0x4e,0x2c,0x0f,0xff,0x4f,0x2c,0x0f,0xff,0x4e,0x2b,0x0f,0xff,0x4d,0x2b,0x0f,0xff,
    0x4f,0x2b,0x0f,0xff,0x4c,0x2c,0x0e,0xff,0x4e,0x2c,0x0f,0xff,0x51,0x2c,0x10,0xff,
    0x4e,0x2d,0x10,0xff,0x4d,0x2b,0x11,0xff,0x4f,0x2b,0x11,0xff,0x4e,0x2c,0x10,0xff,
    0x4d,0x2b,0x0e,0xff,0x4e,0x2b,0x0f,0xff,0x4e,0x2a,0x11,0xff,0x4e,0x2b,0x11,0xff,
    0x4e,0x2a,0x10,0xff,0x4d,0x2a,0x10,0xff,0x4c,0x29,0x0f,0xff,0x5e,0x3c,0x21,0xff,
    0x5e,0x3b,0x22,0xff,0x46,0x24,0x0c,0xff,0x48,0x26,0x0c,0xff,0x49,0x27,0x0d,0xff,
    0x49,0x26,0x0c,0xff,0x48,0x27,0x0c,0xff,0x4c,0x25,0x0a,0xff,0x4f,0x2b,0x11,0xff,
    0x56,0x37,0x1f,0xff,0x3e,0x1f,0x09,0xff,0x44,0x29,0x13,0xff,0x78,0x58,0x3b,0xff,
    0x83,0x60,0x46,0xff,0x28,0x12,0x08,0xff,0x51,0x46,0x41,0xff,0xfa,0xf7,0xf4,0xff,
    0xcd,0xc9,0xc5,0xff,0x8c,0x8a,0x88,0xff,0x80,0x64,0x4e,0xff,0x00,0x00,0x00,0x00,
    0x00,0x00,0x00,0x00,0x00,0x00,0x00,0x00,0x00,0x00,0x00,0x00,0x00,0x00,0x00,0x00,
    0x00,0x00,0x00,0x00,0x00,0x00,0x00,0x00,0x00,0x00,0x00,0x00,0x00,0x00,0x00,0x00,
    0x00,0x00,0x00,0x00,0x00,0x00,0x00,0x00,0x00,0x00,0x00,0x00,0x00,0x00,0x00,0x00,
    0x00,0x00,0x00,0x00,0x00,0x00,0x00,0x00,0x00,0x00,0x00,0x00,0x00,0x00,0x00,0x00,
    0x00,0x00,0x00,0x00,0x00,0x00,0x00,0x00,0x00,0x00,0x00,0x00,0x00,0x00,0x00,0x00,
    0x00,0x00,0x00,0x00,0x00,0x00,0x00,0x00,0x00,0x00,0x00,0x00,0x00,0x00,0x00,0x00,
    0x00,0x00,0x00,0x00,0x00,0x00,0x00,0x00,0x00,0x00,0x00,0x00,0x00,0x00,0x00,0x00,
    0x00,0x00,0x00,0x00,0x00,0x00,0x00,0x00,0x00,0x00,0x00,0x00,0x00,0x00,0x00,0x00,
    0x00,0x00,0x00,0x00,0x8c,0x77,0x65,0xff,0x77,0x75,0x74,0xff,0xa6,0xa5,0x9e,0xff,
    0xff,0xff,0xfe,0xff,0x89,0x87,0x84,0xff,0x4c,0x38,0x2a,0xff,0xa5,0x8a,0x70,0xff,
    0x98,0x75,0x5a,0xff,0x67,0x45,0x28,0xff,0x54,0x31,0x17,0xff,0x8d,0x65,0x4b,0xff,
    0x63,0x42,0x25,0xff,0x45,0x26,0x0a,0xff,0x4c,0x2a,0x10,0xff,0x4a,0x29,0x0d,0xff,
    0x4d,0x29,0x0c,0xff,0x4b,0x2a,0x0d,0xff,0x49,0x29,0x0c,0xff,0x60,0x40,0x23,0xff,
    0x76,0x52,0x36,0xff,0x59,0x34,0x1b,0xff,0x4d,0x2c,0x10,0xff,0x50,0x2f,0x12,0xff,
    0x52,0x30,0x13,0xff,0x56,0x2f,0x13,0xff,0x52,0x2f,0x11,0xff,0x51,0x2f,0x12,0xff,
    0x56,0x2f,0x13,0xff,0x53,0x2f,0x13,0xff,0x55,0x2f,0x13,0xff,0x53,0x2f,0x13,0xff,
    0x52,0x30,0x13,0xff,0x53,0x30,0x12,0xff,0x52,0x30,0x12,0xff,0x54,0x31,0x12,0xff,
    0x55,0x30,0x13,0xff,0x53,0x31,0x14,0xff,0x53,0x31,0x13,0xff,0x55,0x31,0x13,0xff,
    0x56,0x31,0x14,0xff,0x55,0x30,0x13,0xff,0x53,0x31,0x13,0xff,0x52,0x31,0x13,0xff,
    0x54,0x30,0x12,0xff,0x56,0x2f,0x12,0xff,0x51,0x30,0x12,0xff,0x54,0x2f,0x12,0xff,
    0x54,0x2f,0x11,0xff,0x52,0x2e,0x11,0xff,0x52,0x2e,0x11,0xff,0x4f,0x2d,0x10,0xff,
    0x4d,0x2d,0x10,0xff,0x4f,0x2d,0x10,0xff,0x4d,0x2c,0x10,0xff,0x50,0x2c,0x10,0xff,
    0x4f,0x2c,0x0f,0xff,0x4d,0x2c,0x0f,0xff,0x4d,0x2c,0x0f,0xff,0x4f,0x2b,0x0f,0xff,
    0x50,0x2c,0x0f,0xff,0x4c,0x2c,0x0f,0xff,0x4a,0x2c,0x0f,0xff,0x4e,0x2c,0x0f,0xff,
    0x52,0x2c,0x0f,0xff,0x4f,0x2d,0x10,0xff,0x4d,0x2c,0x10,0xff,0x51,0x2b,0x11,0xff,
    0x4d,0x2b,0x10,0xff,0x4f,0x2b,0x0f,0xff,0x4d,0x2b,0x10,0xff,0x4b,0x2b,0x10,0xff,
    0x4c,0x2b,0x0f,0xff,0x4c,0x2b,0x0f,0xff,0x4b,0x29,0x0d,0xff,0x5a,0x37,0x1c,0xff,
    0x5f,0x3f,0x25,0xff,0x46,0x27,0x0d,0xff,0x47,0x26,0x0c,0xff,0x4b,0x26,0x0d,0xff,
    0x49,0x27,0x0b,0xff,0x48,0x26,0x0a,0xff,0x4a,0x27,0x0b,0xff,0x4b,0x25,0x0c,0xff,
    0x59,0x37,0x1d,0xff,0x4d,0x30,0x1a,0xff,0x3d,0x1e,0x0a,0xff,0x63,0x46,0x2c,0xff,
    0x84,0x61,0x45,0xff,0x6c,0x4d,0x3a,0xff,0x13,0x06,0x00,0xff,0xa0,0x9c,0x96,0xff,
    0xfd,0xfa,0xf6,0xff,0x9e,0x9b,0x99,0xff,0x93,0x88,0x7f,0xff,0x60,0x3a,0x1c,0xff,
    0x00,0x00,0x00,0x00,0x00,0x00,0x00,0x00,0x00,0x00,0x00,0x00,0x00,0x00,0x00,0x00,
    0x00,0x00,0x00,0x00,0x00,0x00,0x00,0x00,0x00,0x00,0x00,0x00,0x00,0x00,0x00,0x00,
    0x00,0x00,0x00,0x00,0x00,0x00,0x00,0x00,0x00,0x00,0x00,0x00,0x00,0x00,0x00,0x00,
    0x00,0x00,0x00,0x00,0x00,0x00,0x00,0x00,0x00,0x00,0x00,0x00,0x00,0x00,0x00,0x00,
    0x00,0x00,0x00,0x00,0x00,0x00,0x00,0x00,0x00,0x00,0x00,0x00,0x00,0x00,0x00,0x00,
    0x00,0x00,0x00,0x00,0x00,0x00,0x00,0x00,0x00,0x00,0x00,0x00,0x00,0x00,0x00,0x00,
    0x00,0x00,0x00,0x00,0x00,0x00,0x00,0x00,0x00,0x00,0x00,0x00,0x00,0x00,0x00,0x00,
    0x00,0x00,0x00,0x00,0x00,0x00,0x00,0x00,0x00,0x00,0x00,0x00,0x00,0x00,0x00,0x00,
    0x00,0x00,0x00,0x00,0x8f,0x8b,0x85,0xff,0x6f,0x6d,0x68,0xff,0xf1,0xf0,0xea,0xff,
    0xc2,0xc0,0xb9,0xff,0x32,0x2a,0x21,0xff,0x97,0x7e,0x65,0xff,0x9c,0x7d,0x61,0xff,
    0x8b,0x66,0x4b,0xff,0x56,0x2d,0x16,0xff,0x74,0x4e,0x34,0xff,0x89,0x64,0x47,0xff,
    0x51,0x2c,0x0f,0xff,0x4c,0x29,0x0c,0xff,0x4c,0x29,0x0f,0xff,0x4e,0x29,0x0d,0xff,
    0x4c,0x29,0x0c,0xff,0x4d,0x29,0x0d,0xff,0x50,0x2a,0x0e,0xff,0x69,0x44,0x27,0xff,
    0x70,0x4e,0x32,0xff,0x51,0x31,0x15,0xff,0x51,0x2d,0x10,0xff,0x55,0x2e,0x12,0xff,
    0x52,0x2f,0x13,0xff,0x54,0x2f,0x13,0xff,0x54,0x2f,0x13,0xff,0x50,0x2f,0x12,0xff,
    0x54,0x2f,0x12,0xff,0x53,0x2f,0x12,0xff,0x53,0x2f,0x13,0xff,0x53,0x2f,0x12,0xff,
    0x56,0x2f,0x13,0xff,0x54,0x30,0x12,0xff,0x55,0x30,0x12,0xff,0x57,0x31,0x13,0xff,
    0x55,0x31,0x14,0xff,0x58,0x30,0x15,0xff,0x56,0x31,0x13,0xff,0x55,0x31,0x13,0xff,
    0x52,0x31,0x13,0xff,0x54,0x31,0x12,0xff,0x56,0x30,0x13,0xff,0x56,0x30,0x12,0xff,
    0x52,0x31,0x12,0xff,0x55,0x30,0x12,0xff,0x52,0x30,0x12,0xff,0x54,0x30,0x12,0xff,
    0x56,0x30,0x12,0xff,0x53,0x2e,0x11,0xff,0x52,0x2d,0x12,0xff,0x54,0x2d,0x11,0xff,
    0x52,0x2c,0x10,0xff,0x51,0x2c,0x10,0xff,0x52,0x2c,0x10,0xff,0x4f,0x2c,0x0f,0xff,
    0x52,0x2c,0x10,0xff,0x53,0x2c,0x11,0xff,0x51,0x2c,0x0f,0xff,0x4f,0x2c,0x10,0xff,
    0x4e,0x2c,0x0f,0xff,0x50,0x2c,0x0f,0xff,0x52,0x2c,0x0f,0xff,0x4e,0x2c,0x0f,0xff,
    0x4f,0x2c,0x0f,0xff,0x4e,0x2d,0x10,0xff,0x4b,0x2c,0x0f,0xff,0x4e,0x2b,0x11,0xff,
    0x4e,0x2b,0x10,0xff,0x4d,0x2c,0x0f,0xff,0x4f,0x2a,0x10,0xff,0x50,0x29,0x10,0xff,
    0x4d,0x2b,0x0f,0xff,0x50,0x2b,0x0f,0xff,0x4d,0x29,0x0c,0xff,0x55,0x33,0x17,0xff,
    0x66,0x40,0x26,0xff,0x4d,0x2a,0x10,0xff,0x49,0x26,0x0c,0xff,0x48,0x28,0x0b,0xff,
    0x49,0x27,0x0a,0xff,0x4c,0x26,0x0a,0xff,0x4d,0x27,0x0b,0xff,0x49,0x26,0x0a,0xff,
    0x51,0x2d,0x12,0xff,0x5a,0x3f,0x26,0xff,0x3f,0x23,0x0d,0xff,0x51,0x33,0x1b,0xff,
    0x77,0x54,0x3a,0xff,0x85,0x65,0x49,0xff,0x47,0x2d,0x1e,0xff,0x3e,0x30,0x2a,0xff,
    0xe8,0xe2,0xdf,0xff,0xca,0xc5,0xc2,0xff,0x90,0x8c,0x8a,0xff,0x7e,0x60,0x48,0xff,
    0x00,0x00,0x00,0x00,0x00,0x00,0x00,0x00,0x00,0x00,0x00,0x00,0x00,0x00,0x00,0x00,
    0x00,0x00,0x00,0x00,0x00,0x00,0x00,0x00,0x00,0x00,0x00,0x00,0x00,0x00,0x00,0x00,
    0x00,0x00,0x00,0x00,0x00,0x00,0x00,0x00,0x00,0x00,0x00,0x00,0x00,0x00,0x00,0x00,
    0x00,0x00,0x00,0x00,0x00,0x00,0x00,0x00,0x00,0x00,0x00,0x00,0x00,0x00,0x00,0x00,
    0x00,0x00,0x00,0x00,0x00,0x00,0x00,0x00,0x00,0x00,0x00,0x00,0x00,0x00,0x00,0x00,
    0x00,0x00,0x00,0x00,0x00,0x00,0x00,0x00,0x00,0x00,0x00,0x00,0x00,0x00,0x00,0x00,
    0x00,0x00,0x00,0x00,0x00,0x00,0x00,0x00,0x00,0x00,0x00,0x00,0x00,0x00,0x00,0x00,
    0x00,0x00,0x00,0x00,0x00,0x00,0x00,0x00,0x00,0x00,0x00,0x00,0x00,0x00,0x00,0x00,
    0xa2,0x90,0x81,0xff,0x74,0x6e,0x6b,0xff,0x9d,0x9a,0x94,0xff,0xf8,0xfa,0xf2,0xff,
    0x61,0x58,0x51,0xff,0x68,0x52,0x44,0xff,0xa5,0x87,0x6c,0xff,0x95,0x75,0x57,0xff,
    0x76,0x50,0x34,0xff,0x59,0x31,0x1a,0xff,0x8f,0x67,0x4b,0xff,0x70,0x4d,0x30,0xff,
    0x49,0x24,0x08,0xff,0x51,0x2b,0x0e,0xff,0x4b,0x2b,0x0e,0xff,0x4d,0x2a,0x0d,0xff,
    0x4e,0x2a,0x0d,0xff,0x4b,0x2a,0x0d,0xff,0x53,0x2e,0x11,0xff,0x6c,0x48,0x2a,0xff,
    0x6d,0x49,0x2d,0xff,0x51,0x2d,0x12,0xff,0x53,0x2f,0x11,0xff,0x52,0x2f,0x13,0xff,
    0x55,0x2f,0x13,0xff,0x54,0x2f,0x13,0xff,0x54,0x2f,0x13,0xff,0x54,0x2f,0x13,0xff,
    0x54,0x2f,0x13,0xff,0x55,0x2f,0x13,0xff,0x54,0x2f,0x13,0xff,0x51,0x30,0x13,0xff,
    0x56,0x2f,0x13,0xff,0x53,0x30,0x13,0xff,0x52,0x30,0x13,0xff,0x58,0x30,0x14,0xff,
    0x53,0x31,0x14,0xff,0x54,0x31,0x15,0xff,0x55,0x31,0x14,0xff,0x58,0x31,0x14,0xff,
    0x55,0x31,0x12,0xff,0x55,0x30,0x13,0xff,0x54,0x31,0x14,0xff,0x57,0x30,0x13,0xff,
    0x55,0x30,0x13,0xff,0x55,0x31,0x13,0xff,0x56,0x30,0x12,0xff,0x57,0x30,0x14,0xff,
    0x56,0x30,0x14,0xff,0x54,0x2e,0x11,0xff,0x50,0x2f,0x11,0xff,0x52,0x2e,0x11,0xff,
    0x53,0x2c,0x10,0xff,0x4e,0x2d,0x10,0xff,0x51,0x2d,0x0f,0xff,0x51,0x2c,0x0e,0xff,
    0x4f,0x2d,0x0f,0xff,0x50,0x2c,0x0f,0xff,0x50,0x2c,0x10,0xff,0x53,0x2c,0x10,0xff,
    0x51,0x2b,0x10,0xff,0x50,0x2c,0x0f,0xff,0x50,0x2c,0x0f,0xff,0x51,0x2c,0x0f,0xff,
    0x50,0x2c,0x10,0xff,0x50,0x2c,0x0f,0xff,0x50,0x2c,0x0f,0xff,0x4f,0x2b,0x10,0xff,
    0x50,0x2b,0x0f,0xff,0x4e,0x2c,0x0f,0xff,0x4b,0x2b,0x10,0xff,0x50,0x29,0x10,0xff,
    0x4d,0x2b,0x0f,0xff,0x4d,0x2b,0x0e,0xff,0x4f,0x29,0x0c,0xff,0x50,0x2f,0x13,0xff,
    0x63,0x41,0x27,0xff,0x50,0x2e,0x15,0xff,0x4b,0x26,0x0b,0xff,0x4b,0x28,0x0b,0xff,
    0x4a,0x27,0x0a,0xff,0x48,0x27,0x0a,0xff,0x4d,0x27,0x0b,0xff,0x4c,0x26,0x0a,0xff,
    0x4c,0x27,0x0c,0xff,0x5f,0x3e,0x23,0xff,0x50,0x32,0x19,0xff,0x43,0x25,0x0d,0xff,
    0x6d,0x4b,0x32,0xff,0x79,0x59,0x3e,0xff,0x7d,0x5b,0x49,0xff,0x28,0x12,0x0c,0xff,
    0x92,0x8d,0x88,0xff,0xeb,0xe5,0xe4,0xff,0x9b,0x95,0x94,0xff,0xa1,0x96,0x8a,0xff,
    0x00,0x00,0x00,0x00,0x00,0x00,0x00,0x00,0x00,0x00,0x00,0x00,0x00,0x00,0x00,0x00,
    0x00,0x00,0x00,0x00,0x00,0x00,0x00,0x00,0x00,0x00,0x00,0x00,0x00,0x00,0x00,0x00,
    0x00,0x00,0x00,0x00,0x00,0x00,0x00,0x00,0x00,0x00,0x00,0x00,0x00,0x00,0x00,0x00,
    0x00,0x00,0x00,0x00,0x00,0x00,0x00,0x00,0x00,0x00,0x00,0x00,0x00,0x00,0x00,0x00,
    0x00,0x00,0x00,0x00,0x00,0x00,0x00,0x00,0x00,0x00,0x00,0x00,0x00,0x00,0x00,0x00,
    0x00,0x00,0x00,0x00,0x00,0x00,0x00,0x00,0x00,0x00,0x00,0x00,0x00,0x00,0x00,0x00,
    0x00,0x00,0x00,0x00,0x00,0x00,0x00,0x00,0x00,0x00,0x00,0x00,0x00,0x00,0x00,0x00,
    0x00,0x00,0x00,0x00,0x00,0x00,0x00,0x00,0x00,0x00,0x00,0x00,0x6c,0x4c,0x31,0xff,
    0xaf,0xa5,0x9c,0xff,0x64,0x59,0x50,0xff,0xcc,0xce,0xc8,0xff,0xc1,0xbb,0xb5,0xff,
    0x47,0x37,0x28,0xff,0xa2,0x85,0x6b,0xff,0x9b,0x77,0x5d,0xff,0x91,0x6f,0x51,0xff,
    0x64,0x3d,0x21,0xff,0x6e,0x45,0x2c,0xff,0x90,0x6d,0x4f,0xff,0x58,0x35,0x17,0xff,
    0x4b,0x28,0x0b,0xff,0x50,0x2a,0x0e,0xff,0x4c,0x2a,0x0e,0xff,0x4a,0x2a,0x0d,0xff,
    0x4d,0x2a,0x0d,0xff,0x4f,0x2a,0x0c,0xff,0x54,0x32,0x14,0xff,0x6d,0x4b,0x2d,0xff,
    0x64,0x42,0x25,0xff,0x51,0x2c,0x10,0xff,0x55,0x2f,0x13,0xff,0x54,0x30,0x12,0xff,
    0x53,0x30,0x12,0xff,0x55,0x2f,0x13,0xff,0x55,0x2f,0x13,0xff,0x55,0x30,0x12,0xff,
    0x57,0x30,0x13,0xff,0x53,0x30,0x14,0xff,0x54,0x30,0x14,0xff,0x54,0x2f,0x13,0xff,
    0x55,0x30,0x12,0xff,0x54,0x30,0x13,0xff,0x53,0x31,0x13,0xff,0x54,0x31,0x14,0xff,
    0x57,0x31,0x14,0xff,0x55,0x31,0x15,0xff,0x55,0x31,0x15,0xff,0x54,0x32,0x14,0xff,
    0x56,0x31,0x13,0xff,0x56,0x31,0x13,0xff,0x57,0x30,0x13,0xff,0x53,0x30,0x13,0xff,
    0x55,0x30,0x12,0xff,0x56,0x31,0x13,0xff,0x54,0x30,0x12,0xff,0x57,0x30,0x13,0xff,
    0x56,0x2f,0x13,0xff,0x52,0x2f,0x12,0xff,0x52,0x2f,0x12,0xff,0x53,0x2e,0x10,0xff,
    0x52,0x2d,0x10,0xff,0x51,0x2d,0x11,0xff,0x50,0x2e,0x11,0xff,0x52,0x2d,0x0f,0xff,
    0x53,0x2d,0x0f,0xff,0x4f,0x2d,0x0e,0xff,0x4f,0x2d,0x10,0xff,0x50,0x2d,0x0f,0xff,
    0x52,0x2c,0x0f,0xff,0x51,0x2c,0x10,0xff,0x50,0x2d,0x10,0xff,0x51,0x2c,0x10,0xff,
    0x51,0x2b,0x0f,0xff,0x52,0x2b,0x10,0xff,0x51,0x2b,0x0f,0xff,0x53,0x2b,0x0f,0xff,
    0x4f,0x2c,0x0f,0xff,0x4f,0x2c,0x0f,0xff,0x4d,0x2a,0x10,0xff,0x4e,0x2a,0x11,0xff,
    0x4d,0x2a,0x10,0xff,0x4c,0x2b,0x0f,0xff,0x4d,0x2a,0x0e,0xff,0x52,0x2c,0x10,0xff,
    0x62,0x3f,0x22,0xff,0x55,0x32,0x18,0xff,0x46,0x26,0x0c,0xff,0x4b,0x27,0x0b,0xff,
    0x4a,0x27,0x0a,0xff,0x4c,0x27,0x0b,0xff,0x4a,0x27,0x0b,0xff,0x4d,0x28,0x0b,0xff,
    0x4a,0x25,0x09,0xff,0x55,0x34,0x17,0xff,0x5f,0x3e,0x24,0xff,0x42,0x22,0x0b,0xff,
    0x5b,0x3b,0x23,0xff,0x73,0x52,0x38,0xff,0x81,0x5f,0x47,0xff,0x55,0x3d,0x2d,0xff,
    0x36,0x2e,0x2a,0xff,0xdc,0xd5,0xd5,0xff,0x9a,0x93,0x8e,0xff,0x9b,0x96,0x90,0xff,
    0x73,0x56,0x3f,0xff,0x00,0x00,0x00,0x00,0x00,0x00,0x00,0x00,0x00,0x00,0x00,0x00,
    0x00,0x00,0x00,0x00,0x00,0x00,0x00,0x00,0x00,0x00,0x00,0x00,0x00,0x00,0x00,0x00,
    0x00,0x00,0x00,0x00,0x00,0x00,0x00,0x00,0x00,0x00,0x00,0x00,0x00,0x00,0x00,0x00,
    0x00,0x00,0x00,0x00,0x00,0x00,0x00,0x00,0x00,0x00,0x00,0x00,0x00,0x00,0x00,0x00,
    0x00,0x00,0x00,0x00,0x00,0x00,0x00,0x00,0x00,0x00,0x00,0x00,0x00,0x00,0x00,0x00,
    0x00,0x00,0x00,0x00,0x00,0x00,0x00,0x00,0x00,0x00,0x00,0x00,0x00,0x00,0x00,0x00,
    0x00,0x00,0x00,0x00,0x00,0x00,0x00,0x00,0x00,0x00,0x00,0x00,0x00,0x00,0x00,0x00,
    0x00,0x00,0x00,0x00,0x00,0x00,0x00,0x00,0x00,0x00,0x00,0x00,0x77,0x62,0x4f,0xff,
    0x92,0x89,0x81,0xff,0x69,0x61,0x57,0xff,0xd8,0xe1,0xd9,0xff,0x7d,0x75,0x6e,0xff,
    0x7c,0x62,0x4d,0xff,0xa2,0x83,0x63,0xff,0x96,0x73,0x57,0xff,0x82,0x62,0x44,0xff,
    0x60,0x39,0x1d,0xff,0x88,0x5f,0x44,0xff,0x82,0x60,0x41,0xff,0x4c,0x28,0x0a,0xff,
    0x4c,0x2b,0x0c,0xff,0x4d,0x2b,0x0d,0xff,0x4d,0x2a,0x0d,0xff,0x4f,0x2a,0x0d,0xff,
    0x4c,0x2b,0x0d,0xff,0x4e,0x2a,0x0c,0xff,0x5a,0x35,0x17,0xff,0x72,0x4b,0x2d,0xff,
    0x5f,0x3b,0x1e,0xff,0x4e,0x2c,0x10,0xff,0x52,0x30,0x13,0xff,0x54,0x30,0x12,0xff,
    0x53,0x30,0x12,0xff,0x54,0x30,0x12,0xff,0x51,0x31,0x12,0xff,0x51,0x31,0x14,0xff,
    0x55,0x30,0x14,0xff,0x54,0x30,0x14,0xff,0x54,0x31,0x14,0xff,0x54,0x30,0x14,0xff,
    0x52,0x31,0x12,0xff,0x54,0x30,0x12,0xff,0x57,0x30,0x13,0xff,0x55,0x30,0x13,0xff,
    0x54,0x30,0x14,0xff,0x56,0x30,0x14,0xff,0x58,0x31,0x15,0xff,0x55,0x31,0x13,0xff,
    0x55,0x32,0x14,0xff,0x54,0x32,0x14,0xff,0x57,0x31,0x13,0xff,0x55,0x31,0x13,0xff,
    0x56,0x31,0x13,0xff,0x56,0x31,0x13,0xff,0x50,0x31,0x12,0xff,0x54,0x30,0x13,0xff,
    0x55,0x30,0x13,0xff,0x52,0x2f,0x11,0xff,0x53,0x2e,0x10,0xff,0x50,0x2f,0x10,0xff,
    0x51,0x2e,0x11,0xff,0x52,0x2c,0x11,0xff,0x54,0x2d,0x11,0xff,0x4f,0x2e,0x0f,0xff,
    0x51,0x2d,0x10,0xff,0x53,0x2c,0x10,0xff,0x53,0x2d,0x11,0xff,0x51,0x2d,0x10,0xff,
    0x4f,0x2d,0x10,0xff,0x4e,0x2d,0x10,0xff,0x50,0x2d,0x10,0xff,0x50,0x2c,0x10,0xff,
    0x51,0x2c,0x10,0xff,0x4e,0x2d,0x10,0xff,0x4d,0x2d,0x10,0xff,0x51,0x2b,0x0f,0xff,
    0x50,0x2b,0x0f,0xff,0x50,0x2b,0x0f,0xff,0x4e,0x2c,0x0f,0xff,0x4b,0x2b,0x10,0xff,
    0x4d,0x2b,0x0f,0xff,0x51,0x2b,0x0f,0xff,0x4f,0x2b,0x0e,0xff,0x4d,0x2a,0x0e,0xff,
    0x60,0x3b,0x1f,0xff,0x5c,0x36,0x1a,0xff,0x49,0x27,0x0b,0xff,0x4a,0x28,0x0b,0xff,
    0x47,0x28,0x0b,0xff,0x4b,0x28,0x0b,0xff,0x4c,0x28,0x0b,0xff,0x4d,0x28,0x0a,0xff,
    0x4a,0x27,0x09,0xff,0x4a,0x2c,0x0e,0xff,0x61,0x42,0x29,0xff,0x4b,0x2c,0x14,0xff,
    0x4d,0x2c,0x14,0xff,0x70,0x4e,0x34,0xff,0x73,0x55,0x37,0xff,0x82,0x62,0x49,0xff,
    0x31,0x1f,0x19,0xff,0xa1,0x9e,0x9a,0xff,0xa8,0xa2,0x9b,0xff,0x85,0x7c,0x77,0xff,
    0x79,0x68,0x5c,0xff,0x00,0x00,0x00,0x00,0x00,0x00,0x00,0x00,0x00,0x00,0x00,0x00,
    0x00,0x00,0x00,0x00,0x00,0x00,0x00,0x00,0x00,0x00,0x00,0x00,0x00,0x00,0x00,0x00,
    0x00,0x00,0x00,0x00,0x00,0x00,0x00,0x00,0x00,0x00,0x00,0x00,0x00,0x00,0x00,0x00,
    0x00,0x00,0x00,0x00,0x00,0x00,0x00,0x00,0x00,0x00,0x00,0x00,0x00,0x00,0x00,0x00,
    0x00,0x00,0x00,0x00,0x00,0x00,0x00,0x00,0x00,0x00,0x00,0x00,0x00,0x00,0x00,0x00,
    0x00,0x00,0x00,0x00,0x00,0x00,0x00,0x00,0x00,0x00,0x00,0x00,0x00,0x00,0x00,0x00,
    0x00,0x00,0x00,0x00,0x00,0x00,0x00,0x00,0x00,0x00,0x00,0x00,0x00,0x00,0x00,0x00,
    0x00,0x00,0x00,0x00,0x00,0x00,0x00,0x00,0x00,0x00,0x00,0x00,0x74,0x6a,0x5b,0xff,
    0x72,0x64,0x59,0xff,0x90,0x86,0x7d,0xff,0xa6,0xa1,0x9a,0xff,0x65,0x4e,0x3d,0xff,
    0xa2,0x83,0x68,0xff,0x98,0x76,0x59,0xff,0x99,0x71,0x55,0xff,0x7a,0x54,0x33,0xff,
    0x6b,0x44,0x26,0xff,0x95,0x6e,0x54,0xff,0x6b,0x48,0x2b,0xff,0x4a,0x26,0x08,0xff,
    0x50,0x2c,0x0e,0xff,0x50,0x2b,0x0d,0xff,0x4c,0x2b,0x0d,0xff,0x4e,0x2c,0x0d,0xff,
    0x51,0x2b,0x0d,0xff,0x50,0x2a,0x0d,0xff,0x5d,0x38,0x19,0xff,0x6f,0x4a,0x2c,0xff,
    0x5a,0x34,0x19,0xff,0x50,0x2c,0x0f,0xff,0x55,0x2f,0x13,0xff,0x54,0x30,0x12,0xff,
    0x53,0x31,0x13,0xff,0x58,0x30,0x13,0xff,0x55,0x30,0x12,0xff,0x54,0x31,0x13,0xff,
    0x54,0x30,0x13,0xff,0x52,0x30,0x14,0xff,0x52,0x31,0x14,0xff,0x56,0x31,0x14,0xff,
    0x56,0x31,0x13,0xff,0x54,0x31,0x13,0xff,0x52,0x32,0x14,0xff,0x56,0x31,0x15,0xff,
    0x58,0x30,0x14,0xff,0x56,0x30,0x13,0xff,0x54,0x31,0x14,0xff,0x56,0x31,0x14,0xff,
    0x55,0x32,0x14,0xff,0x56,0x31,0x13,0xff,0x56,0x31,0x13,0xff,0x53,0x31,0x13,0xff,
    0x56,0x31,0x13,0xff,0x57,0x2f,0x12,0xff,0x53,0x30,0x12,0xff,0x55,0x30,0x12,0xff,
    0x54,0x30,0x12,0xff,0x52,0x2f,0x11,0xff,0x54,0x2e,0x11,0xff,0x53,0x2e,0x11,0xff,
    0x53,0x2d,0x11,0xff,0x4f,0x2d,0x11,0xff,0x51,0x2e,0x10,0xff,0x53,0x2c,0x0f,0xff,
    0x51,0x2d,0x0f,0xff,0x51,0x2d,0x10,0xff,0x51,0x2d,0x10,0xff,0x51,0x2c,0x10,0xff,
    0x51,0x2c,0x10,0xff,0x51,0x2d,0x10,0xff,0x51,0x2d,0x11,0xff,0x50,0x2d,0x10,0xff,
    0x53,0x2b,0x10,0xff,0x51,0x2c,0x0f,0xff,0x51,0x2c,0x10,0xff,0x50,0x2c,0x10,0xff,
    0x50,0x2c,0x10,0xff,0x50,0x2c,0x0f,0xff,0x52,0x2c,0x0f,0xff,0x50,0x2b,0x0f,0xff,
    0x4e,0x2b,0x0f,0xff,0x4e,0x2c,0x0f,0xff,0x51,0x2b,0x0f,0xff,0x4f,0x2a,0x0e,0xff,
    0x5c,0x37,0x1b,0xff,0x5d,0x3a,0x1e,0xff,0x4b,0x27,0x0b,0xff,0x4c,0x29,0x0b,0xff,
    0x4c,0x28,0x0b,0xff,0x4b,0x28,0x0c,0xff,0x4b,0x28,0x0c,0xff,0x4e,0x28,0x0c,0xff,
    0x50,0x27,0x0c,0xff,0x4b,0x26,0x0a,0xff,0x60,0x3d,0x24,0xff,0x57,0x38,0x1e,0xff,
    0x44,0x26,0x0c,0xff,0x66,0x43,0x2b,0xff,0x73,0x50,0x36,0xff,0x7e,0x5f,0x45,0xff,
    0x5e,0x43,0x33,0xff,0x41,0x36,0x30,0xff,0xa0,0x98,0x93,0xff,0x7d,0x71,0x6b,0xff,
    0x5b,0x51,0x4a,0xff,0x79,0x5a,0x41,0xff,0x00,0x00,0x00,0x00,0x00,0x00,0x00,0x00,
    0x00,0x00,0x00,0x00,0x00,0x00,0x00,0x00,0x00,0x00,0x00,0x00,0x00,0x00,0x00,0x00,
    0x00,0x00,0x00,0x00,0x00,0x00,0x00,0x00,0x00,0x00,0x00,0x00,0x00,0x00,0x00,0x00,
    0x00,0x00,0x00,0x00,0x00,0x00,0x00,0x00,0x00,0x00,0x00,0x00,0x00,0x00,0x00,0x00,
    0x00,0x00,0x00,0x00,0x00,0x00,0x00,0x00,0x00,0x00,0x00,0x00,0x00,0x00,0x00,0x00,
    0x00,0x00,0x00,0x00,0x00,0x00,0x00,0x00,0x00,0x00,0x00,0x00,0x00,0x00,0x00,0x00,
    0x00,0x00,0x00,0x00,0x00,0x00,0x00,0x00,0x00,0x00,0x00,0x00,0x00,0x00,0x00,0x00,
    0x00,0x00,0x00,0x00,0x00,0x00,0x00,0x00,0x00,0x00,0x00,0x00,0x66,0x5c,0x50,0xff,
    0x59,0x46,0x3b,0xff,0xc4,0xbe,0xb7,0xff,0x59,0x50,0x43,0xff,0x8c,0x6b,0x54,0xff,
    0x9f,0x7f,0x64,0xff,0x95,0x72,0x57,0xff,0x93,0x6c,0x4f,0xff,0x71,0x47,0x2a,0xff,
    0x7b,0x54,0x36,0xff,0x92,0x6f,0x52,0xff,0x5a,0x32,0x16,0xff,0x4b,0x29,0x0b,0xff,
    0x4f,0x2b,0x0e,0xff,0x50,0x2b,0x0d,0xff,0x4f,0x2b,0x0d,0xff,0x4f,0x2c,0x0e,0xff,
    0x50,0x2c,0x0e,0xff,0x54,0x2b,0x0d,0xff,0x60,0x3c,0x1b,0xff,0x6d,0x48,0x28,0xff,
    0x58,0x31,0x14,0xff,0x51,0x2d,0x10,0xff,0x53,0x2f,0x11,0xff,0x54,0x30,0x13,0xff,
    0x54,0x31,0x13,0xff,0x56,0x30,0x13,0xff,0x55,0x30,0x12,0xff,0x55,0x30,0x13,0xff,
    0x52,0x31,0x13,0xff,0x56,0x30,0x13,0xff,0x55,0x31,0x13,0xff,0x53,0x31,0x13,0xff,
    0x57,0x31,0x14,0xff,0x55,0x31,0x13,0xff,0x54,0x31,0x13,0xff,0x54,0x31,0x13,0xff,
    0x58,0x30,0x14,0xff,0x57,0x31,0x13,0xff,0x54,0x31,0x14,0xff,0x59,0x31,0x14,0xff,
    0x55,0x32,0x14,0xff,0x57,0x31,0x13,0xff,0x58,0x32,0x14,0xff,0x55,0x32,0x14,0xff,
    0x56,0x31,0x13,0xff,0x57,0x31,0x12,0xff,0x55,0x31,0x13,0xff,0x54,0x30,0x13,0xff,
    0x54,0x30,0x12,0xff,0x55,0x2f,0x11,0xff,0x50,0x2f,0x11,0xff,0x53,0x2d,0x11,0xff,
    0x53,0x2d,0x11,0xff,0x51,0x2c,0x10,0xff,0x50,0x2d,0x0f,0xff,0x51,0x2e,0x0f,0xff,
    0x54,0x2d,0x0f,0xff,0x4f,0x2e,0x0f,0xff,0x51,0x2d,0x0f,0xff,0x52,0x2c,0x10,0xff,
    0x4f,0x2d,0x10,0xff,0x52,0x2d,0x11,0xff,0x52,0x2d,0x11,0xff,0x4f,0x2e,0x11,0xff,
    0x53,0x2c,0x10,0xff,0x51,0x2c,0x10,0xff,0x51,0x2c,0x10,0xff,0x4f,0x2d,0x10,0xff,
    0x52,0x2c,0x10,0xff,0x50,0x2c,0x0f,0xff,0x4e,0x2c,0x0f,0xff,0x52,0x2c,0x10,0xff,
    0x51,0x2c,0x0f,0xff,0x51,0x2c,0x0f,0xff,0x4f,0x2c,0x0f,0xff,0x50,0x29,0x0d,0xff,
    0x58,0x33,0x16,0xff,0x60,0x3c,0x20,0xff,0x50,0x2a,0x0e,0xff,0x4c,0x29,0x0c,0xff,
    0x4d,0x28,0x0c,0xff,0x4d,0x28,0x0c,0xff,0x4c,0x29,0x0c,0xff,0x4d,0x28,0x0b,0xff,
    0x4e,0x28,0x0a,0xff,0x4b,0x26,0x08,0xff,0x56,0x36,0x1a,0xff,0x5e,0x40,0x27,0xff,
    0x49,0x28,0x0e,0xff,0x57,0x39,0x20,0xff,0x71,0x50,0x35,0xff,0x75,0x54,0x3b,0xff,
    0x81,0x60,0x4a,0xff,0x33,0x21,0x14,0xff,0x99,0x91,0x8b,0xff,0x73,0x68,0x60,0xff,
    0x3e,0x2e,0x24,0xff,0x8c,0x78,0x67,0xff,0x00,0x00,0x00,0x00,0x00,0x00,0x00,0x00,
    0x00,0x00,0x00,0x00,0x00,0x00,0x00,0x00,0x00,0x00,0x00,0x00,0x00,0x00,0x00,0x00,
    0x00,0x00,0x00,0x00,0x00,0x00,0x00,0x00,0x00,0x00,0x00,0x00,0x00,0x00,0x00,0x00,
    0x00,0x00,0x00,0x00,0x00,0x00,0x00,0x00,0x00,0x00,0x00,0x00,0x00,0x00,0x00,0x00,
    0x00,0x00,0x00,0x00,0x00,0x00,0x00,0x00,0x00,0x00,0x00,0x00,0x00,0x00,0x00,0x00,
    0x00,0x00,0x00,0x00,0x00,0x00,0x00,0x00,0x00,0x00,0x00,0x00,0x00,0x00,0x00,0x00,
    0x00,0x00,0x00,0x00,0x00,0x00,0x00,0x00,0x00,0x00,0x00,0x00,0x00,0x00,0x00,0x00,
    0x00,0x00,0x00,0x00,0x00,0x00,0x00,0x00,0x00,0x00,0x00,0x00,0x5c,0x4f,0x41,0xff,
    0x3e,0x2b,0x1c,0xff,0x70,0x67,0x5f,0xff,0x68,0x55,0x42,0xff,0xa4,0x84,0x68,0xff,
    0x96,0x76,0x5c,0xff,0x92,0x72,0x55,0xff,0x87,0x62,0x44,0xff,0x6c,0x42,0x26,0xff,
    0x8e,0x65,0x49,0xff,0x84,0x61,0x44,0xff,0x4d,0x26,0x0a,0xff,0x53,0x2b,0x0e,0xff,
    0x50,0x2c,0x0e,0xff,0x51,0x2c,0x0e,0xff,0x4f,0x2c,0x0e,0xff,0x52,0x2c,0x0f,0xff,
    0x51,0x2d,0x0f,0xff,0x54,0x2e,0x0f,0xff,0x65,0x3f,0x1e,0xff,0x69,0x45,0x25,0xff,
    0x53,0x2e,0x12,0xff,0x54,0x2e,0x12,0xff,0x54,0x30,0x12,0xff,0x56,0x30,0x13,0xff,
    0x55,0x32,0x13,0xff,0x54,0x31,0x13,0xff,0x55,0x31,0x13,0xff,0x57,0x30,0x14,0xff,
    0x55,0x31,0x13,0xff,0x57,0x31,0x13,0xff,0x58,0x31,0x14,0xff,0x57,0x30,0x15,0xff,
    0x58,0x30,0x14,0xff,0x56,0x30,0x14,0xff,0x57,0x31,0x13,0xff,0x56,0x31,0x13,0xff,
    0x56,0x31,0x14,0xff,0x58,0x31,0x13,0xff,0x56,0x31,0x14,0xff,0x57,0x31,0x14,0xff,
    0x58,0x31,0x14,0xff,0x59,0x32,0x14,0xff,0x59,0x32,0x14,0xff,0x58,0x31,0x14,0xff,
    0x55,0x31,0x13,0xff,0x57,0x31,0x13,0xff,0x57,0x31,0x13,0xff,0x58,0x31,0x13,0xff,
    0x56,0x30,0x13,0xff,0x55,0x2e,0x12,0xff,0x53,0x2e,0x10,0xff,0x52,0x2e,0x10,0xff,
    0x52,0x2d,0x11,0xff,0x51,0x2d,0x10,0xff,0x53,0x2d,0x0f,0xff,0x50,0x2e,0x10,0xff,
    0x52,0x2e,0x10,0xff,0x50,0x2d,0x0f,0xff,0x4f,0x2e,0x0f,0xff,0x53,0x2d,0x11,0xff,
    0x52,0x2d,0x10,0xff,0x51,0x2d,0x11,0xff,0x53,0x2c,0x10,0xff,0x51,0x2d,0x11,0xff,
    0x51,0x2d,0x11,0xff,0x51,0x2c,0x10,0xff,0x53,0x2c,0x10,0xff,0x51,0x2c,0x10,0xff,
    0x52,0x2c,0x10,0xff,0x53,0x2c,0x10,0xff,0x51,0x2c,0x10,0xff,0x52,0x2d,0x10,0xff,
    0x51,0x2d,0x0f,0xff,0x52,0x2c,0x0f,0xff,0x51,0x2c,0x0f,0xff,0x4e,0x2b,0x0e,0xff,
    0x57,0x31,0x15,0xff,0x61,0x3d,0x21,0xff,0x51,0x2c,0x10,0xff,0x4d,0x28,0x0c,0xff,
    0x4e,0x28,0x0c,0xff,0x4d,0x28,0x0c,0xff,0x4e,0x28,0x0c,0xff,0x4b,0x29,0x0c,0xff,
    0x4e,0x29,0x0b,0xff,0x4f,0x27,0x09,0xff,0x51,0x2d,0x11,0xff,0x64,0x44,0x2b,0xff,
    0x51,0x2e,0x16,0xff,0x50,0x2e,0x16,0xff,0x6d,0x4d,0x32,0xff,0x72,0x55,0x3a,0xff,
    0x7f,0x5e,0x45,0xff,0x65,0x4b,0x38,0xff,0x76,0x69,0x5f,0xff,0x45,0x39,0x31,0xff,
    0x37,0x1c,0x0e,0xff,0x7d,0x6f,0x63,0xff,0x66,0x41,0x24,0xff,0x00,0x00,0x00,0x00,
    0x00,0x00,0x00,0x00,0x00,0x00,0x00,0x00,0x00,0x00,0x00,0x00,0x00,0x00,0x00,0x00,
    0x00,0x00,0x00,0x00,0x00,0x00,0x00,0x00,0x00,0x00,0x00,0x00,0x00,0x00,0x00,0x00,
    0x00,0x00,0x00,0x00,0x00,0x00,0x00,0x00,0x00,0x00,0x00,0x00,0x00,0x00,0x00,0x00,
    0x00,0x00,0x00,0x00,0x00,0x00,0x00,0x00,0x00,0x00,0x00,0x00,0x00,0x00,0x00,0x00,
    0x00,0x00,0x00,0x00,0x00,0x00,0x00,0x00,0x00,0x00,0x00,0x00,0x00,0x00,0x00,0x00,
    0x00,0x00,0x00,0x00,0x00,0x00,0x00,0x00,0x00,0x00,0x00,0x00,0x00,0x00,0x00,0x00,
    0x00,0x00,0x00,0x00,0x00,0x00,0x00,0x00,0x87,0x76,0x66,0xff,0x4d,0x38,0x26,0xff,
    0x31,0x1b,0x0a,0xff,0x2e,0x1d,0x0e,0xff,0x98,0x79,0x63,0xff,0xa0,0x7d,0x63,0xff,
    0x98,0x76,0x59,0xff,0x93,0x6f,0x50,0xff,0x7b,0x56,0x38,0xff,0x6f,0x47,0x2a,0xff,
    0x99,0x73,0x57,0xff,0x6f,0x4d,0x2f,0xff,0x47,0x25,0x07,0xff,0x51,0x2d,0x0f,0xff,
    0x51,0x2c,0x0e,0xff,0x53,0x2c,0x0f,0xff,0x50,0x2c,0x0e,0xff,0x52,0x2b,0x0e,0xff,
    0x56,0x2c,0x0f,0xff,0x57,0x30,0x12,0xff,0x69,0x41,0x20,0xff,0x68,0x40,0x20,0xff,
    0x50,0x2d,0x10,0xff,0x54,0x2f,0x12,0xff,0x54,0x32,0x14,0xff,0x55,0x31,0x13,0xff,
    0x57,0x30,0x13,0xff,0x54,0x31,0x12,0xff,0x55,0x31,0x13,0xff,0x55,0x31,0x13,0xff,
    0x57,0x32,0x14,0xff,0x56,0x32,0x14,0xff,0x55,0x31,0x15,0xff,0x57,0x31,0x15,0xff,
    0x5a,0x31,0x15,0xff,0x58,0x31,0x15,0xff,0x56,0x32,0x15,0xff,0x59,0x31,0x14,0xff,
    0x58,0x32,0x14,0xff,0x57,0x31,0x13,0xff,0x58,0x31,0x13,0xff,0x58,0x31,0x13,0xff,
    0x57,0x32,0x14,0xff,0x57,0x32,0x14,0xff,0x55,0x32,0x13,0xff,0x57,0x31,0x14,0xff,
    0x56,0x31,0x13,0xff,0x56,0x31,0x13,0xff,0x57,0x31,0x13,0xff,0x56,0x31,0x13,0xff,
    0x55,0x30,0x14,0xff,0x51,0x2e,0x12,0xff,0x50,0x2e,0x10,0xff,0x53,0x2e,0x10,0xff,
    0x54,0x2e,0x10,0xff,0x50,0x2f,0x10,0xff,0x51,0x2d,0x0f,0xff,0x53,0x2c,0x0f,0xff,
    0x51,0x2d,0x0f,0xff,0x51,0x2d,0x0f,0xff,0x53,0x2d,0x0f,0xff,0x53,0x2e,0x11,0xff,
    0x52,0x2d,0x10,0xff,0x4d,0x2d,0x10,0xff,0x4e,0x2d,0x0f,0xff,0x53,0x2d,0x10,0xff,
    0x51,0x2d,0x10,0xff,0x52,0x2c,0x10,0xff,0x50,0x2e,0x11,0xff,0x50,0x2d,0x10,0xff,
    0x50,0x2d,0x10,0xff,0x4f,0x2e,0x11,0xff,0x50,0x2d,0x10,0xff,0x53,0x2d,0x10,0xff,
    0x51,0x2c,0x10,0xff,0x4f,0x2c,0x10,0xff,0x53,0x2c,0x0f,0xff,0x51,0x2c,0x0e,0xff,
    0x53,0x2f,0x12,0xff,0x63,0x3b,0x20,0xff,0x54,0x2e,0x11,0xff,0x4c,0x28,0x0c,0xff,
    0x4e,0x2a,0x0e,0xff,0x4a,0x2a,0x0c,0xff,0x4e,0x29,0x0c,0xff,0x4e,0x2a,0x0c,0xff,
    0x4e,0x29,0x0b,0xff,0x50,0x28,0x0b,0xff,0x4a,0x27,0x0a,0xff,0x63,0x42,0x28,0xff,
    0x59,0x39,0x20,0xff,0x46,0x27,0x0f,0xff,0x67,0x46,0x2c,0xff,0x79,0x56,0x3c,0xff,
    0x7c,0x57,0x3e,0xff,0x85,0x62,0x4a,0xff,0x57,0x40,0x2d,0xff,0x26,0x15,0x0b,0xff,
    0x32,0x1c,0x0a,0xff,0x5c,0x52,0x47,0xff,0x79,0x5d,0x47,0xff,0x00,0x00,0x00,0x00,
    0x00,0x00,0x00,0x00,0x00,0x00,0x00,0x00,0x00,0x00,0x00,0x00,0x00,0x00,0x00,0x00,
    0x00,0x00,0x00,0x00,0x00,0x00,0x00,0x00,0x00,0x00,0x00,0x00,0x00,0x00,0x00,0x00,
    0x00,0x00,0x00,0x00,0x00,0x00,0x00,0x00,0x00,0x00,0x00,0x00,0x00,0x00,0x00,0x00,
    0x00,0x00,0x00,0x00,0x00,0x00,0x00,0x00,0x00,0x00,0x00,0x00,0x00,0x00,0x00,0x00,
    0x00,0x00,0x00,0x00,0x00,0x00,0x00,0x00,0x00,0x00,0x00,0x00,0x00,0x00,0x00,0x00,
    0x00,0x00,0x00,0x00,0x00,0x00,0x00,0x00,0x00,0x00,0x00,0x00,0x00,0x00,0x00,0x00,
    0x00,0x00,0x00,0x00,0x00,0x00,0x00,0x00,0x7c,0x70,0x61,0xff,0x41,0x2a,0x15,0xff,
    0x2b,0x16,0x05,0xff,0x5f,0x46,0x31,0xff,0xa9,0x86,0x6d,0xff,0x97,0x77,0x5d,0xff,
    0x9a,0x74,0x58,0xff,0x90,0x69,0x4c,0xff,0x70,0x49,0x2c,0xff,0x7b,0x51,0x35,0xff,
    0x9d,0x78,0x5b,0xff,0x5d,0x39,0x1d,0xff,0x4f,0x26,0x09,0xff,0x52,0x2d,0x0f,0xff,
    0x52,0x2c,0x0f,0xff,0x53,0x2c,0x0f,0xff,0x53,0x2c,0x0e,0xff,0x51,0x2c,0x0f,0xff,
    0x53,0x2c,0x0f,0xff,0x59,0x30,0x13,0xff,0x6c,0x43,0x22,0xff,0x63,0x3c,0x1d,0xff,
    0x52,0x2e,0x10,0xff,0x56,0x30,0x12,0xff,0x57,0x31,0x13,0xff,0x57,0x31,0x13,0xff,
    0x59,0x30,0x13,0xff,0x55,0x30,0x13,0xff,0x58,0x32,0x14,0xff,0x59,0x32,0x14,0xff,
    0x59,0x32,0x16,0xff,0x59,0x31,0x15,0xff,0x58,0x30,0x14,0xff,0x56,0x32,0x13,0xff,
    0x59,0x32,0x14,0xff,0x58,0x31,0x15,0xff,0x58,0x31,0x15,0xff,0x57,0x32,0x15,0xff,
    0x58,0x31,0x14,0xff,0x5a,0x31,0x14,0xff,0x59,0x31,0x13,0xff,0x57,0x31,0x13,0xff,
    0x59,0x31,0x14,0xff,0x59,0x31,0x14,0xff,0x55,0x32,0x13,0xff,0x58,0x31,0x13,0xff,
    0x57,0x31,0x13,0xff,0x56,0x32,0x13,0xff,0x59,0x31,0x14,0xff,0x58,0x30,0x14,0xff,
    0x56,0x2f,0x13,0xff,0x55,0x2e,0x12,0xff,0x51,0x2e,0x12,0xff,0x54,0x2e,0x11,0xff,
    0x55,0x2e,0x11,0xff,0x53,0x2e,0x10,0xff,0x50,0x2d,0x0f,0xff,0x51,0x2d,0x10,0xff,
    0x52,0x2c,0x10,0xff,0x54,0x2d,0x10,0xff,0x54,0x2e,0x10,0xff,0x54,0x2d,0x11,0xff,
    0x54,0x2d,0x11,0xff,0x51,0x2d,0x11,0xff,0x51,0x2d,0x10,0xff,0x54,0x2d,0x11,0xff,
    0x50,0x2d,0x11,0xff,0x52,0x2d,0x11,0xff,0x52,0x2d,0x11,0xff,0x52,0x2d,0x11,0xff,
    0x54,0x2d,0x11,0xff,0x52,0x2c,0x11,0xff,0x50,0x2d,0x11,0xff,0x52,0x2c,0x10,0xff,
    0x51,0x2c,0x10,0xff,0x51,0x2d,0x10,0xff,0x51,0x2d,0x10,0xff,0x50,0x2b,0x0f,0xff,
    0x52,0x2d,0x10,0xff,0x60,0x39,0x1e,0xff,0x55,0x30,0x14,0xff,0x4d,0x28,0x0c,0xff,
    0x4f,0x29,0x0c,0xff,0x4c,0x29,0x0c,0xff,0x50,0x28,0x0c,0xff,0x4e,0x29,0x0b,0xff,
    0x4e,0x29,0x0b,0xff,0x51,0x29,0x0b,0xff,0x4b,0x24,0x07,0xff,0x5d,0x3a,0x1e,0xff,
    0x66,0x44,0x2a,0xff,0x47,0x28,0x0f,0xff,0x5d,0x3c,0x23,0xff,0x78,0x56,0x3d,0xff,
    0x79,0x57,0x3f,0xff,0x7e,0x5d,0x44,0xff,0x7a,0x5c,0x44,0xff,0x44,0x2c,0x1c,0xff,
    0x2d,0x16,0x06,0xff,0x42,0x31,0x23,0xff,0x7c,0x6a,0x59,0xff,0x00,0x00,0x00,0x00,
    0x00,0x00,0x00,0x00,0x00,0x00,0x00,0x00,0x00,0x00,0x00,0x00,0x00,0x00,0x00,0x00,
    0x00,0x00,0x00,0x00,0x00,0x00,0x00,0x00,0x00,0x00,0x00,0x00,0x00,0x00,0x00,0x00,
    0x00,0x00,0x00,0x00,0x00,0x00,0x00,0x00,0x00,0x00,0x00,0x00,0x00,0x00,0x00,0x00,
    0x00,0x00,0x00,0x00,0x00,0x00,0x00,0x00,0x00,0x00,0x00,0x00,0x00,0x00,0x00,0x00,
    0x00,0x00,0x00,0x00,0x00,0x00,0x00,0x00,0x00,0x00,0x00,0x00,0x00,0x00,0x00,0x00,
    0x00,0x00,0x00,0x00,0x00,0x00,0x00,0x00,0x00,0x00,0x00,0x00,0x00,0x00,0x00,0x00,
    0x00,0x00,0x00,0x00,0x00,0x00,0x00,0x00,0x6a,0x5b,0x4d,0xff,0x3a,0x20,0x0a,0xff,
    0x2d,0x19,0x07,0xff,0x7c,0x60,0x48,0xff,0xa5,0x82,0x67,0xff,0x9a,0x77,0x5c,0xff,
    0x97,0x71,0x56,0xff,0x89,0x62,0x45,0xff,0x6a,0x41,0x25,0xff,0x8b,0x62,0x46,0xff,
    0x96,0x71,0x55,0xff,0x4e,0x2a,0x0f,0xff,0x53,0x2a,0x0d,0xff,0x54,0x2d,0x0f,0xff,
    0x53,0x2d,0x0f,0xff,0x52,0x2d,0x0f,0xff,0x54,0x2c,0x0e,0xff,0x51,0x2d,0x0f,0xff,
    0x55,0x2d,0x10,0xff,0x5a,0x32,0x15,0xff,0x6e,0x43,0x22,0xff,0x5e,0x38,0x1a,0xff,
    0x51,0x2e,0x10,0xff,0x56,0x30,0x13,0xff,0x57,0x30,0x13,0xff,0x57,0x31,0x13,0xff,
    0x58,0x31,0x13,0xff,0x58,0x32,0x14,0xff,0x58,0x32,0x14,0xff,0x59,0x31,0x14,0xff,
    0x57,0x31,0x15,0xff,0x5a,0x31,0x15,0xff,0x5a,0x32,0x14,0xff,0x58,0x32,0x14,0xff,
    0x57,0x31,0x14,0xff,0x58,0x31,0x15,0xff,0x57,0x31,0x15,0xff,0x57,0x32,0x14,0xff,
    0x57,0x31,0x14,0xff,0x5a,0x31,0x14,0xff,0x5b,0x31,0x13,0xff,0x55,0x31,0x13,0xff,
    0x58,0x30,0x13,0xff,0x58,0x30,0x13,0xff,0x57,0x32,0x14,0xff,0x56,0x31,0x13,0xff,
    0x57,0x31,0x13,0xff,0x58,0x31,0x14,0xff,0x59,0x31,0x14,0xff,0x55,0x30,0x14,0xff,
    0x53,0x2f,0x12,0xff,0x54,0x2e,0x10,0xff,0x53,0x2e,0x11,0xff,0x54,0x2e,0x12,0xff,
    0x54,0x2e,0x12,0xff,0x55,0x2d,0x11,0xff,0x52,0x2e,0x10,0xff,0x51,0x2d,0x10,0xff,
    0x51,0x2d,0x10,0xff,0x56,0x2d,0x11,0xff,0x54,0x2d,0x11,0xff,0x51,0x2d,0x10,0xff,
    0x54,0x2d,0x10,0xff,0x52,0x2d,0x10,0xff,0x51,0x2d,0x11,0xff,0x52,0x2d,0x10,0xff,
    0x52,0x2d,0x11,0xff,0x51,0x2c,0x10,0xff,0x50,0x2d,0x0f,0xff,0x50,0x2d,0x10,0xff,
    0x54,0x2d,0x11,0xff,0x52,0x2c,0x10,0xff,0x52,0x2d,0x10,0xff,0x50,0x2d,0x10,0xff,
    0x52,0x2c,0x10,0xff,0x51,0x2d,0x10,0xff,0x50,0x2d,0x10,0xff,0x50,0x2c,0x10,0xff,
    0x51,0x2b,0x0f,0xff,0x5f,0x37,0x1b,0xff,0x56,0x33,0x17,0xff,0x4d,0x28,0x0c,0xff,
    0x4f,0x29,0x0c,0xff,0x4f,0x28,0x0c,0xff,0x50,0x29,0x0c,0xff,0x50,0x29,0x0c,0xff,
    0x4f,0x29,0x0b,0xff,0x51,0x29,0x0b,0xff,0x4b,0x25,0x08,0xff,0x52,0x30,0x14,0xff,
    0x6d,0x4a,0x30,0xff,0x50,0x2d,0x16,0xff,0x53,0x31,0x1a,0xff,0x75,0x54,0x3b,0xff,
    0x7a,0x59,0x3f,0xff,0x79,0x5b,0x41,0xff,0x82,0x64,0x49,0xff,0x53,0x3c,0x26,0xff,
    0x30,0x16,0x06,0xff,0x33,0x1d,0x0a,0xff,0x6f,0x61,0x54,0xff,0x63,0x3d,0x20,0xff,
    0x00,0x00,0x00,0x00,0x00,0x00,0x00,0x00,0x00,0x00,0x00,0x00,0x00,0x00,0x00,0x00,
    0x00,0x00,0x00,0x00,0x00,0x00,0x00,0x00,0x00,0x00,0x00,0x00,0x00,0x00,0x00,0x00,
    0x00,0x00,0x00,0x00,0x00,0x00,0x00,0x00,0x00,0x00,0x00,0x00,0x00,0x00,0x00,0x00,
    0x00,0x00,0x00,0x00,0x00,0x00,0x00,0x00,0x00,0x00,0x00,0x00,0x00,0x00,0x00,0x00,
    0x00,0x00,0x00,0x00,0x00,0x00,0x00,0x00,0x00,0x00,0x00,0x00,0x00,0x00,0x00,0x00,
    0x00,0x00,0x00,0x00,0x00,0x00,0x00,0x00,0x00,0x00,0x00,0x00,0x00,0x00,0x00,0x00,
    0x00,0x00,0x00,0x00,0x00,0x00,0x00,0x00,0x54,0x41,0x30,0xff,0x3b,0x1d,0x09,0xff,
    0x3b,0x1e,0x0c,0xff,0x90,0x70,0x57,0xff,0x9e,0x7e,0x63,0xff,0x99,0x77,0x5b,0xff,
    0x97,0x71,0x54,0xff,0x7f,0x59,0x3b,0xff,0x6c,0x42,0x25,0xff,0x98,0x72,0x54,0xff,
    0x85,0x61,0x43,0xff,0x4b,0x25,0x07,0xff,0x53,0x2c,0x0f,0xff,0x4f,0x2d,0x0f,0xff,
    0x53,0x2c,0x0f,0xff,0x53,0x2c,0x0f,0xff,0x56,0x2c,0x0f,0xff,0x54,0x2d,0x0f,0xff,
    0x53,0x2d,0x0f,0xff,0x59,0x35,0x16,0xff,0x6c,0x42,0x22,0xff,0x5b,0x36,0x16,0xff,
    0x52,0x2f,0x11,0xff,0x54,0x30,0x13,0xff,0x55,0x31,0x13,0xff,0x58,0x31,0x13,0xff,
    0x57,0x31,0x14,0xff,0x59,0x31,0x14,0xff,0x58,0x32,0x14,0xff,0x57,0x31,0x14,0xff,
    0x57,0x32,0x15,0xff,0x59,0x32,0x14,0xff,0x56,0x32,0x14,0xff,0x56,0x32,0x14,0xff,
    0x58,0x31,0x14,0xff,0x59,0x31,0x14,0xff,0x5a,0x31,0x14,0xff,0x57,0x32,0x14,0xff,
    0x55,0x32,0x14,0xff,0x56,0x31,0x14,0xff,0x59,0x31,0x14,0xff,0x56,0x32,0x14,0xff,
    0x56,0x31,0x13,0xff,0x55,0x31,0x13,0xff,0x57,0x32,0x14,0xff,0x55,0x30,0x13,0xff,
    0x56,0x31,0x14,0xff,0x58,0x2f,0x14,0xff,0x56,0x30,0x14,0xff,0x54,0x30,0x13,0xff,
    0x53,0x2f,0x12,0xff,0x52,0x2e,0x10,0xff,0x50,0x2f,0x11,0xff,0x54,0x2e,0x12,0xff,
    0x55,0x2e,0x12,0xff,0x57,0x2d,0x11,0xff,0x53,0x2e,0x10,0xff,0x52,0x2f,0x10,0xff,
    0x4e,0x2f,0x10,0xff,0x53,0x2d,0x10,0xff,0x54,0x2d,0x11,0xff,0x51,0x2e,0x0f,0xff,
    0x52,0x2d,0x10,0xff,0x51,0x2e,0x0e,0xff,0x52,0x2d,0x0f,0xff,0x51,0x2c,0x10,0xff,
    0x52,0x2c,0x10,0xff,0x4f,0x2d,0x10,0xff,0x4f,0x2d,0x0f,0xff,0x50,0x2d,0x10,0xff,
    0x52,0x2d,0x11,0xff,0x4e,0x2d,0x10,0xff,0x4f,0x2d,0x10,0xff,0x52,0x2d,0x10,0xff,
    0x53,0x2c,0x10,0xff,0x54,0x2c,0x11,0xff,0x51,0x2d,0x11,0xff,0x4d,0x2d,0x10,0xff,
    0x4e,0x2b,0x0e,0xff,0x5a,0x34,0x17,0xff,0x59,0x35,0x18,0xff,0x4e,0x28,0x0c,0xff,
    0x4d,0x28,0x0c,0xff,0x4f,0x28,0x0c,0xff,0x4f,0x29,0x0b,0xff,0x4f,0x29,0x0b,0xff,
    0x50,0x28,0x0b,0xff,0x4f,0x28,0x0b,0xff,0x4c,0x27,0x09,0xff,0x4c,0x29,0x0c,0xff,
    0x6c,0x4c,0x31,0xff,0x56,0x38,0x1f,0xff,0x4b,0x29,0x12,0xff,0x71,0x4e,0x35,0xff,
    0x7f,0x58,0x3f,0xff,0x7a,0x59,0x40,0xff,0x84,0x65,0x4b,0xff,0x5e,0x47,0x31,0xff,
    0x2f,0x18,0x05,0xff,0x2d,0x17,0x03,0xff,0x5c,0x52,0x46,0xff,0x6e,0x4c,0x31,0xff,
    0x00,0x00,0x00,0x00,0x00,0x00,0x00,0x00,0x00,0x00,0x00,0x00,0x00,0x00,0x00,0x00,
    0x00,0x00,0x00,0x00,0x00,0x00,0x00,0x00,0x00,0x00,0x00,0x00,0x00,0x00,0x00,0x00,
    0x00,0x00,0x00,0x00,0x00,0x00,0x00,0x00,0x00,0x00,0x00,0x00,0x00,0x00,0x00,0x00,
    0x00,0x00,0x00,0x00,0x00,0x00,0x00,0x00,0x00,0x00,0x00,0x00,0x00,0x00,0x00,0x00,
    0x00,0x00,0x00,0x00,0x00,0x00,0x00,0x00,0x00,0x00,0x00,0x00,0x00,0x00,0x00,0x00,
    0x00,0x00,0x00,0x00,0x00,0x00,0x00,0x00,0x00,0x00,0x00,0x00,0x00,0x00,0x00,0x00,
    0x00,0x00,0x00,0x00,0x85,0x77,0x66,0xff,0x48,0x32,0x1f,0xff,0x39,0x1e,0x08,0xff,
    0x46,0x2b,0x14,0xff,0x99,0x7a,0x5e,0xff,0x9b,0x79,0x5f,0xff,0x98,0x76,0x59,0xff,
    0x93,0x70,0x52,0xff,0x74,0x4f,0x32,0xff,0x72,0x49,0x2c,0xff,0xa1,0x7b,0x5e,0xff,
    0x6f,0x4a,0x2e,0xff,0x4a,0x24,0x08,0xff,0x55,0x2d,0x10,0xff,0x53,0x2d,0x0f,0xff,
    0x52,0x2c,0x0f,0xff,0x51,0x2d,0x0f,0xff,0x52,0x2c,0x0f,0xff,0x53,0x2c,0x0f,0xff,
    0x56,0x2d,0x10,0xff,0x5d,0x36,0x17,0xff,0x68,0x40,0x20,0xff,0x59,0x33,0x13,0xff,
    0x54,0x30,0x12,0xff,0x54,0x31,0x13,0xff,0x57,0x31,0x13,0xff,0x55,0x31,0x13,0xff,
    0x54,0x32,0x14,0xff,0x57,0x31,0x13,0xff,0x57,0x32,0x14,0xff,0x58,0x32,0x15,0xff,
    0x58,0x32,0x15,0xff,0x57,0x33,0x15,0xff,0x5a,0x32,0x15,0xff,0x58,0x33,0x15,0xff,
    0x57,0x32,0x14,0xff,0x56,0x32,0x14,0xff,0x58,0x32,0x14,0xff,0x59,0x32,0x14,0xff,
    0x59,0x31,0x14,0xff,0x58,0x31,0x14,0xff,0x58,0x32,0x14,0xff,0x58,0x32,0x14,0xff,
    0x54,0x31,0x13,0xff,0x55,0x31,0x13,0xff,0x57,0x31,0x13,0xff,0x53,0x31,0x13,0xff,
    0x55,0x30,0x14,0xff,0x58,0x30,0x13,0xff,0x55,0x30,0x13,0xff,0x57,0x30,0x12,0xff,
    0x52,0x30,0x11,0xff,0x54,0x2e,0x11,0xff,0x53,0x2e,0x12,0xff,0x53,0x2e,0x12,0xff,
    0x53,0x2e,0x12,0xff,0x55,0x2e,0x12,0xff,0x53,0x2f,0x12,0xff,0x56,0x2e,0x12,0xff,
    0x53,0x2f,0x11,0xff,0x54,0x2e,0x10,0xff,0x55,0x2e,0x11,0xff,0x53,0x2e,0x10,0xff,
    0x51,0x2d,0x11,0xff,0x53,0x2e,0x10,0xff,0x50,0x2e,0x10,0xff,0x4e,0x2e,0x11,0xff,
    0x53,0x2d,0x11,0xff,0x51,0x2d,0x11,0xff,0x51,0x2e,0x10,0xff,0x52,0x2e,0x11,0xff,
    0x51,0x2e,0x11,0xff,0x54,0x2d,0x10,0xff,0x51,0x2d,0x10,0xff,0x50,0x2d,0x10,0xff,
    0x50,0x2d,0x0f,0xff,0x52,0x2d,0x10,0xff,0x53,0x2d,0x11,0xff,0x51,0x2d,0x10,0xff,
    0x50,0x2b,0x0f,0xff,0x58,0x31,0x15,0xff,0x5c,0x36,0x19,0xff,0x4c,0x2a,0x0d,0xff,
    0x4e,0x28,0x0c,0xff,0x50,0x29,0x0c,0xff,0x4c,0x2a,0x0c,0xff,0x4d,0x29,0x0b,0xff,
    0x50,0x29,0x0c,0xff,0x4d,0x29,0x0b,0xff,0x4f,0x28,0x0a,0xff,0x48,0x24,0x07,0xff,
    0x6c,0x47,0x2d,0xff,0x64,0x42,0x29,0xff,0x48,0x26,0x10,0xff,0x65,0x44,0x2c,0xff,
    0x7e,0x59,0x3f,0xff,0x7b,0x58,0x3f,0xff,0x86,0x64,0x4a,0xff,0x6b,0x50,0x38,0xff,
    0x35,0x1a,0x06,0xff,0x32,0x16,0x01,0xff,0x4f,0x42,0x35,0xff,0x79,0x5c,0x45,0xff,
    0x00,0x00,0x00,0x00,0x00,0x00,0x00,0x00,0x00,0x00,0x00,0x00,0x00,0x00,0x00,0x00,
    0x00,0x00,0x00,0x00,0x00,0x00,0x00,0x00,0x00,0x00,0x00,0x00,0x00,0x00,0x00,0x00,
    0x00,0x00,0x00,0x00,0x00,0x00,0x00,0x00,0x00,0x00,0x00,0x00,0x00,0x00,0x00,0x00,
    0x00,0x00,0x00,0x00,0x00,0x00,0x00,0x00,0x00,0x00,0x00,0x00,0x00,0x00,0x00,0x00,
    0x00,0x00,0x00,0x00,0x00,0x00,0x00,0x00,0x00,0x00,0x00,0x00,0x00,0x00,0x00,0x00,
    0x00,0x00,0x00,0x00,0x00,0x00,0x00,0x00,0x00,0x00,0x00,0x00,0x00,0x00,0x00,0x00,
    0x00,0x00,0x00,0x00,0x74,0x66,0x55,0xff,0x3e,0x28,0x12,0xff,0x38,0x1e,0x06,0xff,
    0x54,0x35,0x1f,0xff,0x9e,0x7e,0x62,0xff,0x98,0x77,0x5d,0xff,0x9a,0x75,0x59,0xff,
    0x8e,0x6b,0x4d,0xff,0x6d,0x48,0x2a,0xff,0x7c,0x55,0x37,0xff,0xa0,0x7a,0x5d,0xff,
    0x5e,0x37,0x1b,0xff,0x4f,0x26,0x09,0xff,0x53,0x2d,0x0f,0xff,0x53,0x2d,0x0f,0xff,
    0x53,0x2d,0x0f,0xff,0x52,0x2c,0x0e,0xff,0x53,0x2c,0x0f,0xff,0x55,0x2c,0x0f,0xff,
    0x55,0x2d,0x0f,0xff,0x5f,0x38,0x19,0xff,0x63,0x3d,0x1d,0xff,0x55,0x2f,0x12,0xff,
    0x57,0x2f,0x12,0xff,0x54,0x31,0x13,0xff,0x58,0x30,0x13,0xff,0x56,0x30,0x13,0xff,
    0x55,0x31,0x13,0xff,0x57,0x31,0x13,0xff,0x57,0x31,0x13,0xff,0x57,0x32,0x13,0xff,
    0x59,0x32,0x14,0xff,0x57,0x32,0x14,0xff,0x59,0x32,0x15,0xff,0x59,0x33,0x15,0xff,
    0x58,0x33,0x14,0xff,0x58,0x32,0x15,0xff,0x58,0x32,0x14,0xff,0x58,0x32,0x14,0xff,
    0x58,0x31,0x14,0xff,0x56,0x30,0x12,0xff,0x54,0x30,0x12,0xff,0x59,0x30,0x13,0xff,
    0x55,0x30,0x12,0xff,0x55,0x30,0x12,0xff,0x59,0x30,0x13,0xff,0x54,0x30,0x12,0xff,
    0x55,0x2f,0x11,0xff,0x55,0x2f,0x11,0xff,0x52,0x2f,0x11,0xff,0x56,0x30,0x12,0xff,
    0x55,0x2f,0x12,0xff,0x53,0x2f,0x11,0xff,0x53,0x2e,0x12,0xff,0x54,0x2e,0x12,0xff,
    0x55,0x2e,0x12,0xff,0x55,0x2e,0x12,0xff,0x53,0x2f,0x12,0xff,0x53,0x2e,0x12,0xff,
    0x56,0x2f,0x12,0xff,0x55,0x2f,0x12,0xff,0x55,0x2f,0x11,0xff,0x55,0x2e,0x10,0xff,
    0x50,0x2e,0x11,0xff,0x54,0x2d,0x11,0xff,0x52,0x2e,0x11,0xff,0x51,0x2f,0x12,0xff,
    0x52,0x2d,0x12,0xff,0x53,0x2d,0x11,0xff,0x52,0x2e,0x11,0xff,0x54,0x2d,0x10,0xff,
    0x50,0x2e,0x10,0xff,0x51,0x2e,0x0f,0xff,0x52,0x2e,0x10,0xff,0x51,0x2d,0x0f,0xff,
    0x51,0x2d,0x0f,0xff,0x51,0x2d,0x10,0xff,0x52,0x2d,0x11,0xff,0x52,0x2d,0x11,0xff,
    0x50,0x2b,0x0f,0xff,0x54,0x30,0x13,0xff,0x5d,0x37,0x19,0xff,0x4e,0x2c,0x0e,0xff,
    0x4d,0x29,0x0b,0xff,0x51,0x29,0x0c,0xff,0x4e,0x29,0x0c,0xff,0x4e,0x29,0x0b,0xff,
    0x4f,0x29,0x0b,0xff,0x4e,0x29,0x0b,0xff,0x4f,0x28,0x0a,0xff,0x49,0x22,0x06,0xff,
    0x63,0x40,0x25,0xff,0x6e,0x4b,0x30,0xff,0x4a,0x2b,0x13,0xff,0x5a,0x3a,0x21,0xff,
    0x7b,0x58,0x3f,0xff,0x79,0x58,0x3f,0xff,0x83,0x62,0x48,0xff,0x74,0x56,0x3e,0xff,
    0x37,0x1d,0x09,0xff,0x33,0x17,0x03,0xff,0x44,0x31,0x22,0xff,0x82,0x6c,0x59,0xff,
    0x00,0x00,0x00,0x00,0x00,0x00,0x00,0x00,0x00,0x00,0x00,0x00,0x00,0x00,0x00,0x00,
    0x00,0x00,0x00,0x00,0x00,0x00,0x00,0x00,0x00,0x00,0x00,0x00,0x00,0x00,0x00,0x00,
    0x00,0x00,0x00,0x00,0x00,0x00,0x00,0x00,0x00,0x00,0x00,0x00,0x00,0x00,0x00,0x00,
    0x00,0x00,0x00,0x00,0x00,0x00,0x00,0x00,0x00,0x00,0x00,0x00,0x00,0x00,0x00,0x00,
    0x00,0x00,0x00,0x00,0x00,0x00,0x00,0x00,0x00,0x00,0x00,0x00,0x00,0x00,0x00,0x00,
    0x00,0x00,0x00,0x00,0x00,0x00,0x00,0x00,0x00,0x00,0x00,0x00,0x00,0x00,0x00,0x00,
    0x00,0x00,0x00,0x00,0x71,0x66,0x58,0xff,0x39,0x20,0x0a,0xff,0x38,0x1e,0x08,0xff,
    0x5d,0x42,0x29,0xff,0xa2,0x7f,0x66,0xff,0x96,0x74,0x5a,0xff,0x98,0x75,0x59,0xff,
    0x88,0x63,0x45,0xff,0x6a,0x45,0x27,0xff,0x87,0x63,0x45,0xff,0x98,0x70,0x52,0xff,
    0x50,0x2b,0x0d,0xff,0x53,0x2b,0x0d,0xff,0x55,0x2c,0x0f,0xff,0x56,0x2c,0x0f,0xff,
    0x53,0x2c,0x0f,0xff,0x53,0x2d,0x0f,0xff,0x51,0x2d,0x0f,0xff,0x55,0x2d,0x0f,0xff,
    0x56,0x2e,0x11,0xff,0x62,0x39,0x19,0xff,0x5f,0x39,0x19,0xff,0x52,0x2e,0x10,0xff,
    0x56,0x30,0x13,0xff,0x57,0x30,0x12,0xff,0x57,0x31,0x13,0xff,0x56,0x31,0x13,0xff,
    0x57,0x31,0x13,0xff,0x56,0x32,0x14,0xff,0x57,0x31,0x14,0xff,0x56,0x31,0x13,0xff,
    0x55,0x32,0x14,0xff,0x5a,0x32,0x15,0xff,0x58,0x32,0x14,0xff,0x59,0x32,0x15,0xff,
    0x57,0x33,0x13,0xff,0x56,0x32,0x15,0xff,0x55,0x32,0x14,0xff,0x58,0x32,0x14,0xff,
    0x59,0x31,0x14,0xff,0x57,0x30,0x13,0xff,0x55,0x31,0x12,0xff,0x56,0x31,0x13,0xff,
    0x57,0x30,0x12,0xff,0x57,0x30,0x12,0xff,0x57,0x31,0x13,0xff,0x55,0x30,0x12,0xff,
    0x53,0x30,0x12,0xff,0x51,0x2f,0x11,0xff,0x55,0x2f,0x12,0xff,0x52,0x30,0x12,0xff,
    0x56,0x2f,0x13,0xff,0x55,0x2f,0x12,0xff,0x56,0x2e,0x13,0xff,0x55,0x2f,0x12,0xff,
    0x55,0x2e,0x12,0xff,0x52,0x2f,0x12,0xff,0x53,0x2f,0x11,0xff,0x54,0x2f,0x11,0xff,
    0x57,0x2e,0x13,0xff,0x55,0x2f,0x13,0xff,0x53,0x2f,0x11,0xff,0x54,0x2e,0x11,0xff,
    0x56,0x2e,0x12,0xff,0x55,0x2e,0x12,0xff,0x53,0x2e,0x12,0xff,0x54,0x2e,0x11,0xff,
    0x50,0x2e,0x10,0xff,0x53,0x2e,0x10,0xff,0x54,0x2d,0x10,0xff,0x51,0x2e,0x10,0xff,
    0x53,0x2e,0x0f,0xff,0x52,0x2e,0x10,0xff,0x54,0x2d,0x11,0xff,0x51,0x2e,0x10,0xff,
    0x50,0x2d,0x10,0xff,0x50,0x2d,0x11,0xff,0x51,0x2d,0x10,0xff,0x53,0x2d,0x10,0xff,
    0x51,0x2c,0x0f,0xff,0x51,0x2e,0x12,0xff,0x59,0x37,0x19,0xff,0x55,0x2e,0x10,0xff,
    0x4e,0x2a,0x0c,0xff,0x51,0x2a,0x0c,0xff,0x50,0x2a,0x0c,0xff,0x4e,0x29,0x0b,0xff,
    0x4d,0x29,0x0b,0xff,0x50,0x28,0x0b,0xff,0x4c,0x28,0x0a,0xff,0x4a,0x23,0x06,0xff,
    0x5b,0x36,0x1a,0xff,0x75,0x51,0x35,0xff,0x55,0x34,0x1c,0xff,0x51,0x30,0x19,0xff,
    0x72,0x55,0x3a,0xff,0x79,0x58,0x3f,0xff,0x80,0x5f,0x47,0xff,0x7c,0x5b,0x43,0xff,
    0x3b,0x21,0x0b,0xff,0x31,0x1a,0x05,0xff,0x38,0x25,0x13,0xff,0x79,0x63,0x54,0xff,
    0x00,0x00,0x00,0x00,0x00,0x00,0x00,0x00,0x00,0x00,0x00,0x00,0x00,0x00,0x00,0x00,
    0x00,0x00,0x00,0x00,0x00,0x00,0x00,0x00,0x00,0x00,0x00,0x00,0x00,0x00,0x00,0x00,
    0x00,0x00,0x00,0x00,0x00,0x00,0x00,0x00,0x00,0x00,0x00,0x00,0x00,0x00,0x00,0x00,
    0x00,0x00,0x00,0x00,0x00,0x00,0x00,0x00,0x00,0x00,0x00,0x00,0x00,0x00,0x00,0x00,
    0x00,0x00,0x00,0x00,0x00,0x00,0x00,0x00,0x00,0x00,0x00,0x00,0x00,0x00,0x00,0x00,
    0x00,0x00,0x00,0x00,0x00,0x00,0x00,0x00,0x00,0x00,0x00,0x00,0x00,0x00,0x00,0x00,
    0x00,0x00,0x00,0x00,0x6d,0x64,0x58,0xff,0x39,0x1b,0x06,0xff,0x3d,0x1c,0x08,0xff,
    0x68,0x4b,0x32,0xff,0xa0,0x7f,0x64,0xff,0x95,0x74,0x59,0xff,0x97,0x74,0x59,0xff,
    0x83,0x59,0x3d,0xff,0x6f,0x45,0x29,0xff,0x94,0x6e,0x51,0xff,0x89,0x60,0x43,0xff,
    0x4d,0x25,0x07,0xff,0x53,0x2c,0x0f,0xff,0x52,0x2c,0x0f,0xff,0x54,0x2c,0x10,0xff,
    0x53,0x2b,0x0f,0xff,0x55,0x2d,0x0f,0xff,0x53,0x2d,0x0f,0xff,0x54,0x2c,0x0f,0xff,
    0x55,0x2f,0x12,0xff,0x61,0x39,0x19,0xff,0x5d,0x36,0x16,0xff,0x55,0x2e,0x10,0xff,
    0x56,0x30,0x12,0xff,0x57,0x31,0x13,0xff,0x57,0x31,0x13,0xff,0x58,0x31,0x14,0xff,
    0x5b,0x31,0x14,0xff,0x58,0x32,0x14,0xff,0x58,0x32,0x14,0xff,0x59,0x32,0x14,0xff,
    0x56,0x32,0x14,0xff,0x58,0x32,0x14,0xff,0x55,0x32,0x15,0xff,0x56,0x32,0x14,0xff,
    0x57,0x32,0x13,0xff,0x58,0x32,0x14,0xff,0x58,0x32,0x14,0xff,0x57,0x32,0x14,0xff,
    0x57,0x32,0x14,0xff,0x56,0x30,0x13,0xff,0x58,0x30,0x13,0xff,0x56,0x30,0x12,0xff,
    0x56,0x30,0x12,0xff,0x57,0x30,0x13,0xff,0x56,0x31,0x13,0xff,0x58,0x2f,0x12,0xff,
    0x56,0x2f,0x11,0xff,0x55,0x30,0x13,0xff,0x57,0x2f,0x13,0xff,0x55,0x2f,0x11,0xff,
    0x55,0x2f,0x13,0xff,0x54,0x2f,0x12,0xff,0x55,0x2f,0x13,0xff,0x56,0x2f,0x12,0xff,
    0x57,0x2f,0x12,0xff,0x55,0x30,0x12,0xff,0x56,0x2f,0x13,0xff,0x53,0x2f,0x13,0xff,
    0x56,0x2f,0x13,0xff,0x56,0x2e,0x12,0xff,0x56,0x2e,0x12,0xff,0x54,0x2f,0x12,0xff,
    0x56,0x2f,0x12,0xff,0x55,0x2e,0x12,0xff,0x55,0x2e,0x12,0xff,0x57,0x2d,0x10,0xff,
    0x54,0x2e,0x11,0xff,0x52,0x2e,0x10,0xff,0x56,0x2e,0x10,0xff,0x52,0x2e,0x10,0xff,
    0x51,0x2e,0x10,0xff,0x50,0x2e,0x11,0xff,0x53,0x2e,0x11,0xff,0x52,0x2d,0x0f,0xff,
    0x53,0x2c,0x10,0xff,0x52,0x2d,0x11,0xff,0x50,0x2d,0x11,0xff,0x51,0x2d,0x11,0xff,
    0x51,0x2c,0x10,0xff,0x54,0x2d,0x11,0xff,0x5c,0x37,0x19,0xff,0x56,0x30,0x12,0xff,
    0x51,0x29,0x0c,0xff,0x50,0x2a,0x0c,0xff,0x52,0x29,0x0c,0xff,0x51,0x29,0x0c,0xff,
    0x4e,0x2a,0x0c,0xff,0x51,0x28,0x0b,0xff,0x4e,0x27,0x09,0xff,0x4b,0x25,0x07,0xff,
    0x4f,0x2c,0x10,0xff,0x72,0x50,0x34,0xff,0x61,0x3f,0x26,0xff,0x4e,0x2a,0x14,0xff,
    0x6f,0x4e,0x36,0xff,0x7a,0x58,0x3f,0xff,0x7c,0x5f,0x44,0xff,0x7d,0x5e,0x47,0xff,
    0x44,0x26,0x12,0xff,0x38,0x19,0x06,0xff,0x34,0x1b,0x08,0xff,0x75,0x64,0x57,0xff,
    0x67,0x42,0x25,0xff,0x00,0x00,0x00,0x00,0x00,0x00,0x00,0x00,0x00,0x00,0x00,0x00,
    0x00,0x00,0x00,0x00,0x00,0x00,0x00,0x00,0x00,0x00,0x00,0x00,0x00,0x00,0x00,0x00,
    0x00,0x00,0x00,0x00,0x00,0x00,0x00,0x00,0x00,0x00,0x00,0x00,0x00,0x00,0x00,0x00,
    0x00,0x00,0x00,0x00,0x00,0x00,0x00,0x00,0x00,0x00,0x00,0x00,0x00,0x00,0x00,0x00,
    0x00,0x00,0x00,0x00,0x00,0x00,0x00,0x00,0x00,0x00,0x00,0x00,0x00,0x00,0x00,0x00,
    0x00,0x00,0x00,0x00,0x00,0x00,0x00,0x00,0x00,0x00,0x00,0x00,0x00,0x00,0x00,0x00,
    0x94,0x7e,0x6a,0xff,0x69,0x5f,0x53,0xff,0x36,0x1a,0x05,0xff,0x3c,0x1e,0x0a,0xff,
    0x72,0x54,0x3b,0xff,0x9f,0x7d,0x63,0xff,0x96,0x75,0x59,0xff,0x92,0x72,0x57,0xff,
    0x74,0x4e,0x32,0xff,0x70,0x4a,0x2c,0xff,0x9e,0x77,0x59,0xff,0x73,0x4c,0x30,0xff,
    0x4b,0x24,0x07,0xff,0x54,0x2d,0x10,0xff,0x55,0x2d,0x0f,0xff,0x55,0x2c,0x0f,0xff,
    0x54,0x2c,0x0f,0xff,0x52,0x2d,0x0f,0xff,0x53,0x2d,0x10,0xff,0x54,0x2c,0x0f,0xff,
    0x58,0x2f,0x12,0xff,0x61,0x3a,0x1a,0xff,0x59,0x34,0x14,0xff,0x54,0x2e,0x11,0xff,
    0x57,0x31,0x13,0xff,0x58,0x31,0x13,0xff,0x56,0x31,0x14,0xff,0x55,0x32,0x14,0xff,
    0x58,0x31,0x14,0xff,0x57,0x32,0x14,0xff,0x57,0x32,0x14,0xff,0x56,0x32,0x14,0xff,
    0x57,0x32,0x14,0xff,0x58,0x33,0x15,0xff,0x59,0x32,0x15,0xff,0x58,0x33,0x14,0xff,
    0x57,0x33,0x13,0xff,0x56,0x32,0x14,0xff,0x57,0x32,0x14,0xff,0x58,0x32,0x14,0xff,
    0x58,0x32,0x14,0xff,0x55,0x31,0x13,0xff,0x54,0x31,0x13,0xff,0x57,0x32,0x14,0xff,
    0x57,0x30,0x13,0xff,0x57,0x30,0x13,0xff,0x54,0x31,0x13,0xff,0x55,0x30,0x12,0xff,
    0x54,0x2f,0x12,0xff,0x55,0x2f,0x13,0xff,0x53,0x2f,0x12,0xff,0x52,0x2f,0x11,0xff,
    0x56,0x2f,0x12,0xff,0x56,0x2f,0x13,0xff,0x56,0x2e,0x13,0xff,0x55,0x2f,0x12,0xff,
    0x55,0x30,0x12,0xff,0x55,0x30,0x11,0xff,0x56,0x2f,0x12,0xff,0x56,0x2e,0x13,0xff,
    0x55,0x2f,0x12,0xff,0x55,0x2f,0x12,0xff,0x54,0x2e,0x12,0xff,0x55,0x2e,0x12,0xff,
    0x57,0x2f,0x12,0xff,0x53,0x2e,0x12,0xff,0x51,0x2e,0x11,0xff,0x54,0x2e,0x11,0xff,
    0x54,0x2e,0x10,0xff,0x53,0x2f,0x10,0xff,0x51,0x2f,0x10,0xff,0x53,0x2f,0x11,0xff,
    0x52,0x2e,0x11,0xff,0x53,0x2e,0x11,0xff,0x52,0x2e,0x10,0xff,0x51,0x2e,0x10,0xff,
    0x51,0x2e,0x11,0xff,0x51,0x2d,0x11,0xff,0x52,0x2d,0x11,0xff,0x52,0x2d,0x11,0xff,
    0x51,0x2d,0x11,0xff,0x52,0x2d,0x10,0xff,0x5b,0x35,0x17,0xff,0x58,0x31,0x14,0xff,
    0x51,0x2a,0x0c,0xff,0x4d,0x2b,0x0d,0xff,0x4f,0x2a,0x0c,0xff,0x50,0x2a,0x0c,0xff,
    0x51,0x2a,0x0c,0xff,0x4f,0x29,0x0b,0xff,0x4e,0x28,0x0b,0xff,0x4e,0x27,0x0a,0xff,
    0x4c,0x26,0x0a,0xff,0x6d,0x4a,0x2d,0xff,0x6a,0x49,0x2e,0xff,0x4a,0x2a,0x12,0xff,
    0x68,0x46,0x2f,0xff,0x79,0x59,0x40,0xff,0x7c,0x5d,0x44,0xff,0x7e,0x61,0x49,0xff,
    0x47,0x2d,0x16,0xff,0x33,0x1a,0x05,0xff,0x31,0x18,0x01,0xff,0x6c,0x5c,0x4f,0xff,
    0x6c,0x49,0x2e,0xff,0x00,0x00,0x00,0x00,0x00,0x00,0x00,0x00,0x00,0x00,0x00,0x00,
    0x00,0x00,0x00,0x00,0x00,0x00,0x00,0x00,0x00,0x00,0x00,0x00,0x00,0x00,0x00,0x00,
    0x00,0x00,0x00,0x00,0x00,0x00,0x00,0x00,0x00,0x00,0x00,0x00,0x00,0x00,0x00,0x00,
    0x00,0x00,0x00,0x00,0x00,0x00,0x00,0x00,0x00,0x00,0x00,0x00,0x00,0x00,0x00,0x00,
    0x00,0x00,0x00,0x00,0x00,0x00,0x00,0x00,0x00,0x00,0x00,0x00,0x00,0x00,0x00,0x00,
    0x00,0x00,0x00,0x00,0x00,0x00,0x00,0x00,0x00,0x00,0x00,0x00,0x00,0x00,0x00,0x00,
    0xaf,0xa2,0x95,0xff,0x61,0x52,0x45,0xff,0x35,0x1a,0x04,0xff,0x3b,0x21,0x0b,0xff,
    0x7b,0x5c,0x44,0xff,0x9e,0x7c,0x62,0xff,0x97,0x75,0x58,0xff,0x90,0x6e,0x51,0xff,
    0x69,0x45,0x29,0xff,0x77,0x50,0x33,0xff,0xa3,0x7a,0x5d,0xff,0x61,0x3e,0x20,0xff,
    0x4f,0x27,0x09,0xff,0x56,0x2d,0x10,0xff,0x53,0x2d,0x0f,0xff,0x55,0x2c,0x0f,0xff,
    0x54,0x2d,0x0f,0xff,0x53,0x2c,0x0f,0xff,0x54,0x2d,0x10,0xff,0x53,0x2e,0x10,0xff,
    0x59,0x31,0x13,0xff,0x61,0x3b,0x1a,0xff,0x58,0x32,0x15,0xff,0x56,0x2f,0x11,0xff,
    0x57,0x31,0x13,0xff,0x58,0x32,0x14,0xff,0x58,0x32,0x14,0xff,0x56,0x31,0x13,0xff,
    0x55,0x32,0x14,0xff,0x5a,0x31,0x14,0xff,0x57,0x32,0x15,0xff,0x56,0x32,0x14,0xff,
    0x5a,0x31,0x14,0xff,0x56,0x33,0x15,0xff,0x59,0x33,0x15,0xff,0x59,0x33,0x15,0xff,
    0x58,0x33,0x15,0xff,0x58,0x33,0x15,0xff,0x57,0x32,0x14,0xff,0x58,0x32,0x14,0xff,
    0x58,0x32,0x14,0xff,0x56,0x32,0x14,0xff,0x56,0x31,0x13,0xff,0x57,0x31,0x13,0xff,
    0x58,0x30,0x13,0xff,0x58,0x31,0x13,0xff,0x56,0x31,0x14,0xff,0x53,0x2f,0x12,0xff,
    0x54,0x2f,0x12,0xff,0x55,0x2e,0x13,0xff,0x51,0x30,0x13,0xff,0x55,0x2f,0x13,0xff,
    0x55,0x2f,0x13,0xff,0x54,0x2f,0x13,0xff,0x57,0x2e,0x13,0xff,0x55,0x2f,0x12,0xff,
    0x55,0x30,0x12,0xff,0x56,0x30,0x12,0xff,0x55,0x30,0x12,0xff,0x56,0x30,0x13,0xff,
    0x56,0x2f,0x13,0xff,0x55,0x2f,0x13,0xff,0x55,0x2f,0x13,0xff,0x56,0x2f,0x12,0xff,
    0x56,0x2f,0x12,0xff,0x55,0x2f,0x12,0xff,0x52,0x2e,0x11,0xff,0x52,0x2f,0x11,0xff,
    0x55,0x2e,0x11,0xff,0x52,0x2f,0x11,0xff,0x51,0x2f,0x11,0xff,0x56,0x2e,0x11,0xff,
    0x51,0x30,0x11,0xff,0x53,0x2f,0x11,0xff,0x52,0x2e,0x10,0xff,0x51,0x2e,0x10,0xff,
    0x51,0x2d,0x0f,0xff,0x51,0x2d,0x10,0xff,0x51,0x2d,0x10,0xff,0x52,0x2c,0x10,0xff,
    0x51,0x2c,0x10,0xff,0x50,0x2c,0x10,0xff,0x59,0x32,0x17,0xff,0x59,0x32,0x15,0xff,
    0x51,0x2b,0x0d,0xff,0x50,0x2b,0x0d,0xff,0x4e,0x2a,0x0c,0xff,0x50,0x2a,0x0c,0xff,
    0x52,0x29,0x0c,0xff,0x4d,0x2a,0x0c,0xff,0x50,0x28,0x0b,0xff,0x4f,0x28,0x0b,0xff,
    0x4a,0x25,0x07,0xff,0x65,0x42,0x24,0xff,0x72,0x50,0x35,0xff,0x4d,0x2c,0x14,0xff,
    0x61,0x3f,0x26,0xff,0x7b,0x5a,0x41,0xff,0x7c,0x5b,0x43,0xff,0x7f,0x62,0x4a,0xff,
    0x4e,0x33,0x1b,0xff,0x32,0x19,0x05,0xff,0x32,0x19,0x02,0xff,0x5d,0x4e,0x3f,0xff,
    0x6f,0x4f,0x35,0xff,0x00,0x00,0x00,0x00,0x00,0x00,0x00,0x00,0x00,0x00,0x00,0x00,
    0x00,0x00,0x00,0x00,0x00,0x00,0x00,0x00,0x00,0x00,0x00,0x00,0x00,0x00,0x00,0x00,
    0x00,0x00,0x00,0x00,0x00,0x00,0x00,0x00,0x00,0x00,0x00,0x00,0x00,0x00,0x00,0x00,
    0x00,0x00,0x00,0x00,0x00,0x00,0x00,0x00,0x00,0x00,0x00,0x00,0x00,0x00,0x00,0x00,
    0x00,0x00,0x00,0x00,0x00,0x00,0x00,0x00,0x00,0x00,0x00,0x00,0x00,0x00,0x00,0x00,
    0x00,0x00,0x00,0x00,0x00,0x00,0x00,0x00,0x00,0x00,0x00,0x00,0x00,0x00,0x00,0x00,
    0xa1,0x94,0x86,0xff,0x53,0x46,0x37,0xff,0x38,0x1c,0x05,0xff,0x40,0x23,0x0b,0xff,
    0x85,0x63,0x4a,0xff,0x9a,0x7b,0x62,0xff,0x96,0x76,0x5b,0xff,0x8b,0x67,0x4b,0xff,
    0x6c,0x41,0x24,0xff,0x80,0x5a,0x3d,0xff,0x9e,0x76,0x5a,0xff,0x55,0x31,0x12,0xff,
    0x51,0x2b,0x0d,0xff,0x55,0x2d,0x10,0xff,0x54,0x2d,0x0f,0xff,0x54,0x2d,0x0f,0xff,
    0x55,0x2d,0x10,0xff,0x56,0x2d,0x10,0xff,0x55,0x2e,0x11,0xff,0x58,0x2e,0x10,0xff,
    0x5a,0x32,0x14,0xff,0x60,0x3a,0x1a,0xff,0x59,0x30,0x13,0xff,0x57,0x30,0x12,0xff,
    0x58,0x32,0x14,0xff,0x57,0x31,0x14,0xff,0x57,0x32,0x14,0xff,0x59,0x31,0x14,0xff,
    0x57,0x32,0x14,0xff,0x57,0x32,0x14,0xff,0x58,0x33,0x15,0xff,0x56,0x32,0x14,0xff,
    0x58,0x32,0x15,0xff,0x59,0x32,0x15,0xff,0x58,0x33,0x15,0xff,0x59,0x32,0x15,0xff,
    0x5b,0x31,0x15,0xff,0x59,0x33,0x15,0xff,0x59,0x32,0x14,0xff,0x5b,0x31,0x14,0xff,
    0x57,0x33,0x14,0xff,0x58,0x31,0x14,0xff,0x58,0x32,0x14,0xff,0x58,0x31,0x13,0xff,
    0x54,0x31,0x13,0xff,0x56,0x31,0x13,0xff,0x55,0x2f,0x12,0xff,0x56,0x2f,0x13,0xff,
    0x53,0x2f,0x12,0xff,0x55,0x2e,0x13,0xff,0x52,0x2f,0x12,0xff,0x54,0x2f,0x13,0xff,
    0x55,0x2f,0x13,0xff,0x55,0x2e,0x12,0xff,0x54,0x2e,0x12,0xff,0x57,0x2e,0x13,0xff,
    0x57,0x2f,0x13,0xff,0x55,0x2f,0x13,0xff,0x59,0x2f,0x13,0xff,0x57,0x2f,0x13,0xff,
    0x56,0x30,0x14,0xff,0x58,0x2f,0x14,0xff,0x57,0x2f,0x13,0xff,0x55,0x30,0x12,0xff,
    0x54,0x30,0x13,0xff,0x55,0x2f,0x13,0xff,0x55,0x2d,0x11,0xff,0x52,0x2f,0x10,0xff,
    0x52,0x2f,0x11,0xff,0x52,0x2e,0x10,0xff,0x50,0x2f,0x11,0xff,0x52,0x2f,0x10,0xff,
    0x53,0x2f,0x11,0xff,0x53,0x2f,0x11,0xff,0x53,0x2e,0x11,0xff,0x55,0x2d,0x11,0xff,
    0x51,0x2d,0x10,0xff,0x53,0x2d,0x10,0xff,0x54,0x2c,0x11,0xff,0x51,0x2d,0x11,0xff,
    0x54,0x2d,0x10,0xff,0x52,0x2c,0x10,0xff,0x57,0x31,0x15,0xff,0x57,0x33,0x16,0xff,
    0x50,0x2b,0x0d,0xff,0x50,0x2a,0x0c,0xff,0x51,0x2a,0x0c,0xff,0x4e,0x2a,0x0c,0xff,
    0x50,0x2a,0x0c,0xff,0x4e,0x2a,0x0c,0xff,0x4d,0x29,0x0b,0xff,0x50,0x29,0x0c,0xff,
    0x4b,0x24,0x08,0xff,0x5d,0x38,0x1c,0xff,0x7b,0x55,0x39,0xff,0x56,0x32,0x1a,0xff,
    0x59,0x36,0x20,0xff,0x7f,0x59,0x41,0xff,0x7b,0x5c,0x43,0xff,0x80,0x62,0x4a,0xff,
    0x57,0x38,0x21,0xff,0x33,0x17,0x05,0xff,0x32,0x18,0x03,0xff,0x51,0x45,0x36,0xff,
    0x77,0x5c,0x45,0xff,0x00,0x00,0x00,0x00,0x00,0x00,0x00,0x00,0x00,0x00,0x00,0x00,
    0x00,0x00,0x00,0x00,0x00,0x00,0x00,0x00,0x00,0x00,0x00,0x00,0x00,0x00,0x00,0x00,
    0x00,0x00,0x00,0x00,0x00,0x00,0x00,0x00,0x00,0x00,0x00,0x00,0x00,0x00,0x00,0x00,
    0x00,0x00,0x00,0x00,0x00,0x00,0x00,0x00,0x00,0x00,0x00,0x00,0x00,0x00,0x00,0x00,
    0x00,0x00,0x00,0x00,0x00,0x00,0x00,0x00,0x00,0x00,0x00,0x00,0x00,0x00,0x00,0x00,
    0x00,0x00,0x00,0x00,0x00,0x00,0x00,0x00,0x00,0x00,0x00,0x00,0x00,0x00,0x00,0x00,
    0x9f,0x92,0x86,0xff,0x4c,0x36,0x27,0xff,0x3c,0x1d,0x07,0xff,0x44,0x26,0x0f,0xff,
    0x8a,0x69,0x50,0xff,0x9a,0x7a,0x60,0xff,0x99,0x76,0x5c,0xff,0x82,0x5e,0x43,0xff,
    0x67,0x42,0x22,0xff,0x8d,0x65,0x46,0xff,0x94,0x6d,0x50,0xff,0x52,0x29,0x0c,0xff,
    0x57,0x2c,0x0f,0xff,0x55,0x2e,0x10,0xff,0x55,0x2d,0x10,0xff,0x52,0x2e,0x10,0xff,
    0x53,0x2e,0x10,0xff,0x56,0x2e,0x10,0xff,0x53,0x2f,0x11,0xff,0x56,0x2f,0x11,0xff,
    0x5d,0x33,0x16,0xff,0x5e,0x39,0x18,0xff,0x55,0x30,0x12,0xff,0x56,0x31,0x13,0xff,
    0x5a,0x31,0x14,0xff,0x5a,0x31,0x13,0xff,0x57,0x31,0x14,0xff,0x56,0x32,0x14,0xff,
    0x59,0x32,0x15,0xff,0x58,0x32,0x14,0xff,0x58,0x32,0x15,0xff,0x59,0x31,0x14,0xff,
    0x59,0x33,0x15,0xff,0x58,0x32,0x15,0xff,0x58,0x32,0x15,0xff,0x56,0x33,0x15,0xff,
    0x5a,0x32,0x15,0xff,0x59,0x33,0x15,0xff,0x56,0x34,0x15,0xff,0x5a,0x32,0x15,0xff,
    0x58,0x32,0x15,0xff,0x56,0x32,0x15,0xff,0x55,0x32,0x14,0xff,0x59,0x32,0x14,0xff,
    0x58,0x31,0x13,0xff,0x58,0x30,0x14,0xff,0x54,0x30,0x13,0xff,0x55,0x30,0x12,0xff,
    0x56,0x2f,0x12,0xff,0x55,0x2e,0x12,0xff,0x56,0x2e,0x13,0xff,0x57,0x2e,0x12,0xff,
    0x56,0x2e,0x12,0xff,0x56,0x2e,0x11,0xff,0x53,0x2f,0x12,0xff,0x55,0x2f,0x12,0xff,
    0x57,0x2f,0x12,0xff,0x53,0x30,0x13,0xff,0x55,0x2f,0x13,0xff,0x57,0x2f,0x12,0xff,
    0x54,0x30,0x13,0xff,0x55,0x30,0x13,0xff,0x55,0x2f,0x14,0xff,0x57,0x2f,0x12,0xff,
    0x56,0x2e,0x12,0xff,0x54,0x2e,0x11,0xff,0x52,0x2f,0x11,0xff,0x54,0x2e,0x10,0xff,
    0x55,0x2e,0x10,0xff,0x54,0x2e,0x10,0xff,0x54,0x2d,0x10,0xff,0x53,0x2d,0x10,0xff,
    0x52,0x2e,0x10,0xff,0x52,0x2e,0x11,0xff,0x50,0x2e,0x11,0xff,0x54,0x2d,0x12,0xff,
    0x51,0x2d,0x11,0xff,0x4f,0x2d,0x10,0xff,0x53,0x2d,0x10,0xff,0x51,0x2e,0x11,0xff,
    0x51,0x2e,0x11,0xff,0x50,0x2e,0x10,0xff,0x56,0x30,0x13,0xff,0x5b,0x34,0x16,0xff,
    0x53,0x2c,0x0e,0xff,0x4e,0x2b,0x0d,0xff,0x51,0x2a,0x0d,0xff,0x51,0x2a,0x0c,0xff,
    0x50,0x2a,0x0c,0xff,0x52,0x2a,0x0c,0xff,0x52,0x29,0x0b,0xff,0x51,0x29,0x0c,0xff,
    0x4f,0x25,0x08,0xff,0x56,0x31,0x15,0xff,0x79,0x55,0x37,0xff,0x60,0x3c,0x21,0xff,
    0x51,0x31,0x1b,0xff,0x79,0x59,0x40,0xff,0x7c,0x5d,0x43,0xff,0x7d,0x62,0x49,0xff,
    0x58,0x3e,0x26,0xff,0x31,0x18,0x05,0xff,0x36,0x17,0x03,0xff,0x50,0x3e,0x2f,0xff,
    0x82,0x69,0x54,0xff,0x00,0x00,0x00,0x00,0x00,0x00,0x00,0x00,0x00,0x00,0x00,0x00,
    0x00,0x00,0x00,0x00,0x00,0x00,0x00,0x00,0x00,0x00,0x00,0x00,0x00,0x00,0x00,0x00,
    0x00,0x00,0x00,0x00,0x00,0x00,0x00,0x00,0x00,0x00,0x00,0x00,0x00,0x00,0x00,0x00,
    0x00,0x00,0x00,0x00,0x00,0x00,0x00,0x00,0x00,0x00,0x00,0x00,0x00,0x00,0x00,0x00,
    0x00,0x00,0x00,0x00,0x00,0x00,0x00,0x00,0x00,0x00,0x00,0x00,0x00,0x00,0x00,0x00,
    0x00,0x00,0x00,0x00,0x00,0x00,0x00,0x00,0x00,0x00,0x00,0x00,0x00,0x00,0x00,0x00,
    0x8f,0x86,0x7c,0xff,0x44,0x2b,0x18,0xff,0x3f,0x1e,0x09,0xff,0x4c,0x28,0x13,0xff,
    0x8d,0x6e,0x56,0xff,0x97,0x79,0x5f,0xff,0x98,0x76,0x5d,0xff,0x7d,0x56,0x3b,0xff,
    0x69,0x43,0x26,0xff,0x94,0x6e,0x50,0xff,0x86,0x60,0x43,0xff,0x4b,0x25,0x09,0xff,
    0x57,0x2e,0x11,0xff,0x57,0x2d,0x10,0xff,0x54,0x2e,0x10,0xff,0x55,0x2d,0x10,0xff,
    0x56,0x2e,0x10,0xff,0x54,0x2e,0x10,0xff,0x55,0x2f,0x11,0xff,0x56,0x2f,0x12,0xff,
    0x5c,0x35,0x17,0xff,0x5f,0x37,0x17,0xff,0x55,0x30,0x12,0xff,0x58,0x31,0x13,0xff,
    0x57,0x32,0x14,0xff,0x57,0x31,0x14,0xff,0x58,0x31,0x13,0xff,0x58,0x32,0x14,0xff,
    0x58,0x33,0x15,0xff,0x59,0x33,0x15,0xff,0x57,0x33,0x15,0xff,0x55,0x32,0x14,0xff,
    0x59,0x33,0x15,0xff,0x56,0x34,0x15,0xff,0x56,0x32,0x14,0xff,0x56,0x33,0x15,0xff,
    0x57,0x33,0x15,0xff,0x58,0x32,0x14,0xff,0x57,0x32,0x15,0xff,0x56,0x32,0x15,0xff,
    0x59,0x32,0x14,0xff,0x59,0x33,0x15,0xff,0x58,0x31,0x14,0xff,0x56,0x31,0x14,0xff,
    0x57,0x31,0x14,0xff,0x56,0x30,0x13,0xff,0x58,0x30,0x13,0xff,0x53,0x30,0x13,0xff,
    0x54,0x2f,0x13,0xff,0x55,0x2e,0x12,0xff,0x54,0x2f,0x13,0xff,0x56,0x2e,0x12,0xff,
    0x55,0x2e,0x12,0xff,0x54,0x2e,0x12,0xff,0x55,0x2e,0x12,0xff,0x55,0x2e,0x12,0xff,
    0x56,0x2f,0x13,0xff,0x56,0x2f,0x13,0xff,0x55,0x30,0x13,0xff,0x55,0x30,0x12,0xff,
    0x58,0x2f,0x12,0xff,0x57,0x31,0x13,0xff,0x55,0x2f,0x12,0xff,0x54,0x2f,0x11,0xff,
    0x54,0x2e,0x12,0xff,0x55,0x2e,0x12,0xff,0x55,0x2e,0x11,0xff,0x52,0x2f,0x11,0xff,
    0x53,0x2e,0x10,0xff,0x52,0x2e,0x10,0xff,0x51,0x2e,0x10,0xff,0x54,0x2e,0x10,0xff,
    0x51,0x2e,0x11,0xff,0x52,0x2d,0x11,0xff,0x51,0x2e,0x11,0xff,0x50,0x2d,0x11,0xff,
    0x51,0x2d,0x10,0xff,0x51,0x2d,0x10,0xff,0x50,0x2e,0x0f,0xff,0x53,0x2d,0x11,0xff,
    0x52,0x2e,0x10,0xff,0x52,0x2d,0x10,0xff,0x54,0x30,0x12,0xff,0x5a,0x33,0x16,0xff,
    0x53,0x2d,0x0f,0xff,0x53,0x2a,0x0d,0xff,0x50,0x2b,0x0d,0xff,0x51,0x2b,0x0d,0xff,
    0x50,0x2b,0x0d,0xff,0x50,0x2b,0x0d,0xff,0x52,0x2a,0x0c,0xff,0x51,0x2a,0x0c,0xff,
    0x4f,0x27,0x0a,0xff,0x53,0x2c,0x10,0xff,0x74,0x51,0x33,0xff,0x68,0x46,0x29,0xff,
    0x50,0x2b,0x15,0xff,0x76,0x55,0x3d,0xff,0x7b,0x5e,0x44,0xff,0x80,0x60,0x48,0xff,
    0x5c,0x42,0x28,0xff,0x32,0x19,0x05,0xff,0x35,0x1a,0x05,0xff,0x46,0x32,0x22,0xff,
    0x7d,0x65,0x52,0xff,0x00,0x00,0x00,0x00,0x00,0x00,0x00,0x00,0x00,0x00,0x00,0x00,
    0x00,0x00,0x00,0x00,0x00,0x00,0x00,0x00,0x00,0x00,0x00,0x00,0x00,0x00,0x00,0x00,
    0x00,0x00,0x00,0x00,0x00,0x00,0x00,0x00,0x00,0x00,0x00,0x00,0x00,0x00,0x00,0x00,
    0x00,0x00,0x00,0x00,0x00,0x00,0x00,0x00,0x00,0x00,0x00,0x00,0x00,0x00,0x00,0x00,
    0x00,0x00,0x00,0x00,0x00,0x00,0x00,0x00,0x00,0x00,0x00,0x00,0x00,0x00,0x00,0x00,
    0x00,0x00,0x00,0x00,0x00,0x00,0x00,0x00,0x00,0x00,0x00,0x00,0x00,0x00,0x00,0x00,
    0x7a,0x6e,0x63,0xff,0x42,0x2a,0x15,0xff,0x3d,0x1c,0x06,0xff,0x52,0x2e,0x17,0xff,
    0x92,0x71,0x59,0xff,0x97,0x7a,0x5e,0xff,0x95,0x75,0x5b,0xff,0x75,0x4e,0x34,0xff,
    0x70,0x47,0x2a,0xff,0x9b,0x75,0x57,0xff,0x79,0x52,0x35,0xff,0x48,0x25,0x07,0xff,
    0x57,0x30,0x12,0xff,0x56,0x2e,0x10,0xff,0x54,0x2e,0x10,0xff,0x56,0x2d,0x10,0xff,
    0x53,0x2e,0x11,0xff,0x53,0x2f,0x11,0xff,0x54,0x30,0x12,0xff,0x5a,0x30,0x13,0xff,
    0x5d,0x36,0x18,0xff,0x5b,0x35,0x17,0xff,0x57,0x30,0x13,0xff,0x59,0x31,0x13,0xff,
    0x59,0x33,0x14,0xff,0x57,0x32,0x14,0xff,0x57,0x31,0x13,0xff,0x59,0x33,0x14,0xff,
    0x58,0x33,0x15,0xff,0x5a,0x33,0x15,0xff,0x56,0x33,0x15,0xff,0x55,0x33,0x14,0xff,
    0x58,0x33,0x15,0xff,0x57,0x33,0x15,0xff,0x56,0x33,0x15,0xff,0x58,0x32,0x14,0xff,
    0x56,0x33,0x15,0xff,0x56,0x32,0x14,0xff,0x56,0x32,0x14,0xff,0x58,0x32,0x14,0xff,
    0x57,0x33,0x15,0xff,0x58,0x32,0x14,0xff,0x59,0x31,0x14,0xff,0x58,0x31,0x14,0xff,
    0x57,0x31,0x13,0xff,0x54,0x30,0x13,0xff,0x56,0x30,0x13,0xff,0x54,0x30,0x12,0xff,
    0x54,0x2f,0x13,0xff,0x55,0x2e,0x12,0xff,0x51,0x2e,0x12,0xff,0x54,0x2e,0x12,0xff,
    0x55,0x2e,0x12,0xff,0x54,0x2e,0x12,0xff,0x56,0x2d,0x12,0xff,0x54,0x2f,0x13,0xff,
    0x55,0x2f,0x13,0xff,0x56,0x31,0x14,0xff,0x58,0x30,0x13,0xff,0x55,0x31,0x13,0xff,
    0x56,0x31,0x13,0xff,0x58,0x31,0x13,0xff,0x58,0x30,0x13,0xff,0x56,0x30,0x12,0xff,
    0x54,0x2f,0x11,0xff,0x54,0x2f,0x11,0xff,0x55,0x2d,0x12,0xff,0x52,0x2e,0x10,0xff,
    0x53,0x2e,0x10,0xff,0x4f,0x2e,0x10,0xff,0x50,0x2d,0x11,0xff,0x51,0x2d,0x10,0xff,
    0x50,0x2d,0x10,0xff,0x51,0x2c,0x10,0xff,0x50,0x2d,0x11,0xff,0x4d,0x2d,0x10,0xff,
    0x4f,0x2d,0x10,0xff,0x51,0x2d,0x11,0xff,0x51,0x2e,0x10,0xff,0x4f,0x2e,0x11,0xff,
    0x53,0x2e,0x11,0xff,0x53,0x2d,0x0f,0xff,0x56,0x2f,0x11,0xff,0x59,0x33,0x15,0xff,
    0x53,0x2e,0x10,0xff,0x52,0x2c,0x0d,0xff,0x51,0x2c,0x0e,0xff,0x51,0x2b,0x0d,0xff,
    0x53,0x2a,0x0e,0xff,0x50,0x2b,0x0d,0xff,0x51,0x2a,0x0c,0xff,0x51,0x29,0x0c,0xff,
    0x50,0x29,0x0b,0xff,0x50,0x28,0x0c,0xff,0x6f,0x4c,0x2e,0xff,0x71,0x4d,0x32,0xff,
    0x4b,0x29,0x12,0xff,0x70,0x4f,0x37,0xff,0x7c,0x5f,0x45,0xff,0x7d,0x60,0x47,0xff,
    0x63,0x45,0x2c,0xff,0x35,0x19,0x05,0xff,0x37,0x19,0x05,0xff,0x3e,0x2a,0x18,0xff,
    0x79,0x63,0x51,0xff,0x00,0x00,0x00,0x00,0x00,0x00,0x00,0x00,0x00,0x00,0x00,0x00,
    0x00,0x00,0x00,0x00,0x00,0x00,0x00,0x00,0x00,0x00,0x00,0x00,0x00,0x00,0x00,0x00,
    0x00,0x00,0x00,0x00,0x00,0x00,0x00,0x00,0x00,0x00,0x00,0x00,0x00,0x00,0x00,0x00,
    0x00,0x00,0x00,0x00,0x00,0x00,0x00,0x00,0x00,0x00,0x00,0x00,0x00,0x00,0x00,0x00,
    0x00,0x00,0x00,0x00,0x00,0x00,0x00,0x00,0x00,0x00,0x00,0x00,0x00,0x00,0x00,0x00,
    0x00,0x00,0x00,0x00,0x00,0x00,0x00,0x00,0x00,0x00,0x00,0x00,0x00,0x00,0x00,0x00,
    0x78,0x6c,0x61,0xff,0x44,0x26,0x13,0xff,0x39,0x1d,0x05,0xff,0x54,0x36,0x1c,0xff,
    0x97,0x76,0x5c,0xff,0x98,0x7a,0x5f,0xff,0x96,0x73,0x58,0xff,0x6e,0x47,0x2c,0xff,
    0x76,0x4e,0x30,0xff,0xa1,0x78,0x5b,0xff,0x6e,0x45,0x28,0xff,0x4d,0x27,0x09,0xff,
    0x57,0x30,0x12,0xff,0x55,0x2f,0x11,0xff,0x54,0x2e,0x10,0xff,0x54,0x2e,0x11,0xff,
    0x55,0x2e,0x11,0xff,0x56,0x2f,0x11,0xff,0x53,0x30,0x12,0xff,0x56,0x31,0x13,0xff,
    0x60,0x35,0x18,0xff,0x5b,0x33,0x16,0xff,0x54,0x30,0x12,0xff,0x58,0x32,0x14,0xff,
    0x59,0x32,0x14,0xff,0x58,0x32,0x14,0xff,0x59,0x32,0x14,0xff,0x57,0x32,0x14,0xff,
    0x56,0x32,0x14,0xff,0x5b,0x32,0x14,0xff,0x58,0x33,0x15,0xff,0x57,0x31,0x14,0xff,
    0x56,0x33,0x15,0xff,0x57,0x32,0x14,0xff,0x55,0x32,0x14,0xff,0x59,0x32,0x15,0xff,
    0x5a,0x32,0x15,0xff,0x58,0x32,0x14,0xff,0x54,0x32,0x14,0xff,0x58,0x32,0x14,0xff,
    0x5b,0x31,0x14,0xff,0x58,0x32,0x14,0xff,0x55,0x31,0x13,0xff,0x58,0x31,0x13,0xff,
    0x55,0x31,0x13,0xff,0x55,0x30,0x13,0xff,0x55,0x30,0x13,0xff,0x51,0x30,0x12,0xff,
    0x54,0x2f,0x13,0xff,0x57,0x2e,0x12,0xff,0x55,0x2e,0x11,0xff,0x54,0x2e,0x12,0xff,
    0x54,0x2f,0x12,0xff,0x54,0x2e,0x11,0xff,0x53,0x2e,0x12,0xff,0x56,0x2f,0x13,0xff,
    0x57,0x2f,0x13,0xff,0x54,0x30,0x13,0xff,0x53,0x30,0x12,0xff,0x57,0x30,0x12,0xff,
    0x58,0x30,0x13,0xff,0x55,0x31,0x13,0xff,0x56,0x30,0x12,0xff,0x56,0x2f,0x11,0xff,
    0x55,0x2e,0x11,0xff,0x55,0x2e,0x11,0xff,0x52,0x2d,0x11,0xff,0x51,0x2e,0x11,0xff,
    0x55,0x2d,0x11,0xff,0x52,0x2d,0x10,0xff,0x51,0x2d,0x0f,0xff,0x4f,0x2d,0x0f,0xff,
    0x4f,0x2d,0x0f,0xff,0x4e,0x2c,0x10,0xff,0x50,0x2c,0x10,0xff,0x51,0x2c,0x10,0xff,
    0x4e,0x2d,0x10,0xff,0x4c,0x2e,0x11,0xff,0x50,0x2e,0x10,0xff,0x54,0x2d,0x11,0xff,
    0x52,0x2e,0x10,0xff,0x4f,0x2d,0x0f,0xff,0x55,0x2e,0x10,0xff,0x58,0x33,0x15,0xff,
    0x56,0x2e,0x11,0xff,0x51,0x2c,0x0e,0xff,0x50,0x2c,0x0e,0xff,0x53,0x2b,0x0d,0xff,
    0x55,0x29,0x0d,0xff,0x52,0x2b,0x0d,0xff,0x51,0x2a,0x0d,0xff,0x50,0x29,0x0c,0xff,
    0x50,0x2a,0x0c,0xff,0x4d,0x27,0x09,0xff,0x6e,0x46,0x29,0xff,0x7a,0x54,0x38,0xff,
    0x49,0x29,0x12,0xff,0x65,0x47,0x2f,0xff,0x81,0x5f,0x46,0xff,0x7e,0x5e,0x45,0xff,
    0x64,0x49,0x30,0xff,0x37,0x1b,0x07,0xff,0x38,0x19,0x06,0xff,0x38,0x22,0x0f,0xff,
    0x80,0x6c,0x5d,0xff,0x5d,0x36,0x18,0xff,0x00,0x00,0x00,0x00,0x00,0x00,0x00,0x00,
    0x00,0x00,0x00,0x00,0x00,0x00,0x00,0x00,0x00,0x00,0x00,0x00,0x00,0x00,0x00,0x00,
    0x00,0x00,0x00,0x00,0x00,0x00,0x00,0x00,0x00,0x00,0x00,0x00,0x00,0x00,0x00,0x00,
    0x00,0x00,0x00,0x00,0x00,0x00,0x00,0x00,0x00,0x00,0x00,0x00,0x00,0x00,0x00,0x00,
    0x00,0x00,0x00,0x00,0x00,0x00,0x00,0x00,0x00,0x00,0x00,0x00,0x00,0x00,0x00,0x00,
    0x00,0x00,0x00,0x00,0x00,0x00,0x00,0x00,0x00,0x00,0x00,0x00,0x00,0x00,0x00,0x00,
    0x6d,0x62,0x56,0xff,0x43,0x26,0x12,0xff,0x39,0x1a,0x05,0xff,0x58,0x3b,0x21,0xff,
    0x99,0x79,0x5d,0xff,0x9a,0x7a,0x5f,0xff,0x90,0x6f,0x53,0xff,0x68,0x43,0x25,0xff,
    0x82,0x58,0x39,0xff,0x9f,0x78,0x5c,0xff,0x60,0x39,0x1d,0xff,0x52,0x2a,0x0d,0xff,
    0x57,0x2f,0x12,0xff,0x53,0x2f,0x11,0xff,0x57,0x2d,0x0f,0xff,0x54,0x2f,0x0f,0xff,
    0x55,0x2f,0x11,0xff,0x56,0x2f,0x12,0xff,0x56,0x30,0x12,0xff,0x58,0x30,0x13,0xff,
    0x5b,0x36,0x18,0xff,0x5a,0x33,0x16,0xff,0x54,0x31,0x13,0xff,0x57,0x32,0x15,0xff,
    0x59,0x31,0x14,0xff,0x57,0x32,0x14,0xff,0x58,0x32,0x14,0xff,0x59,0x32,0x14,0xff,
    0x57,0x33,0x15,0xff,0x56,0x32,0x14,0xff,0x57,0x32,0x14,0xff,0x58,0x32,0x14,0xff,
    0x57,0x33,0x15,0xff,0x58,0x31,0x14,0xff,0x58,0x31,0x14,0xff,0x57,0x33,0x15,0xff,
    0x59,0x31,0x14,0xff,0x59,0x32,0x14,0xff,0x59,0x32,0x14,0xff,0x56,0x32,0x14,0xff,
    0x58,0x32,0x14,0xff,0x57,0x31,0x14,0xff,0x55,0x32,0x14,0xff,0x58,0x31,0x14,0xff,
    0x56,0x31,0x13,0xff,0x55,0x31,0x13,0xff,0x57,0x30,0x13,0xff,0x55,0x2f,0x13,0xff,
    0x53,0x2f,0x13,0xff,0x55,0x2e,0x12,0xff,0x54,0x2e,0x12,0xff,0x55,0x2f,0x12,0xff,
    0x54,0x2f,0x11,0xff,0x57,0x2d,0x11,0xff,0x52,0x2f,0x11,0xff,0x53,0x2f,0x11,0xff,
    0x56,0x2f,0x13,0xff,0x57,0x2f,0x13,0xff,0x54,0x30,0x12,0xff,0x52,0x30,0x12,0xff,
    0x58,0x30,0x13,0xff,0x55,0x31,0x13,0xff,0x55,0x30,0x12,0xff,0x55,0x2e,0x11,0xff,
    0x54,0x2f,0x11,0xff,0x54,0x2e,0x10,0xff,0x53,0x2d,0x10,0xff,0x50,0x2e,0x0f,0xff,
    0x52,0x2d,0x0f,0xff,0x51,0x2d,0x0f,0xff,0x52,0x2d,0x10,0xff,0x4f,0x2c,0x0f,0xff,
    0x51,0x2c,0x10,0xff,0x51,0x2d,0x10,0xff,0x4d,0x2d,0x10,0xff,0x50,0x2c,0x10,0xff,
    0x4f,0x2d,0x10,0xff,0x50,0x2d,0x10,0xff,0x4e,0x2d,0x10,0xff,0x51,0x2d,0x10,0xff,
    0x52,0x2d,0x0f,0xff,0x4f,0x2e,0x10,0xff,0x54,0x2d,0x10,0xff,0x57,0x32,0x14,0xff,
    0x56,0x31,0x12,0xff,0x53,0x2d,0x0f,0xff,0x52,0x2c,0x0e,0xff,0x50,0x2b,0x0d,0xff,
    0x51,0x2b,0x0d,0xff,0x51,0x2a,0x0d,0xff,0x51,0x2b,0x0d,0xff,0x50,0x2b,0x0d,0xff,
    0x55,0x29,0x0d,0xff,0x4c,0x26,0x08,0xff,0x65,0x3f,0x21,0xff,0x7e,0x5a,0x3c,0xff,
    0x4e,0x2b,0x13,0xff,0x5e,0x3c,0x25,0xff,0x7d,0x61,0x47,0xff,0x7d,0x5e,0x45,0xff,
    0x65,0x4c,0x33,0xff,0x38,0x1c,0x07,0xff,0x38,0x1a,0x06,0xff,0x30,0x1e,0x0a,0xff,
    0x7d,0x6d,0x5f,0xff,0x61,0x3a,0x1c,0xff,0x00,0x00,0x00,0x00,0x00,0x00,0x00,0x00,
    0x00,0x00,0x00,0x00,0x00,0x00,0x00,0x00,0x00,0x00,0x00,0x00,0x00,0x00,0x00,0x00,
    0x00,0x00,0x00,0x00,0x00,0x00,0x00,0x00,0x00,0x00,0x00,0x00,0x00,0x00,0x00,0x00,
    0x00,0x00,0x00,0x00,0x00,0x00,0x00,0x00,0x00,0x00,0x00,0x00,0x00,0x00,0x00,0x00,
    0x00,0x00,0x00,0x00,0x00,0x00,0x00,0x00,0x00,0x00,0x00,0x00,0x00,0x00,0x00,0x00,
    0x00,0x00,0x00,0x00,0x00,0x00,0x00,0x00,0x00,0x00,0x00,0x00,0x00,0x00,0x00,0x00,
    0x63,0x55,0x49,0xff,0x41,0x25,0x10,0xff,0x37,0x1a,0x05,0xff,0x5d,0x3d,0x26,0xff,
    0x97,0x7a,0x60,0xff,0x9a,0x7b,0x60,0xff,0x8d,0x68,0x4d,0xff,0x63,0x40,0x23,0xff,
    0x8c,0x63,0x44,0xff,0x9a,0x72,0x54,0xff,0x58,0x2f,0x13,0xff,0x56,0x2d,0x10,0xff,
    0x56,0x2e,0x11,0xff,0x55,0x2e,0x11,0xff,0x56,0x2f,0x11,0xff,0x57,0x30,0x11,0xff,
    0x56,0x2f,0x11,0xff,0x58,0x2f,0x12,0xff,0x54,0x30,0x12,0xff,0x58,0x31,0x13,0xff,
    0x5b,0x35,0x18,0xff,0x59,0x33,0x15,0xff,0x57,0x31,0x13,0xff,0x57,0x32,0x14,0xff,
    0x58,0x33,0x14,0xff,0x59,0x32,0x14,0xff,0x57,0x32,0x14,0xff,0x58,0x32,0x14,0xff,
    0x57,0x32,0x14,0xff,0x57,0x32,0x14,0xff,0x59,0x32,0x14,0xff,0x59,0x33,0x15,0xff,
    0x5a,0x33,0x15,0xff,0x57,0x31,0x13,0xff,0x57,0x31,0x13,0xff,0x58,0x32,0x14,0xff,
    0x58,0x32,0x14,0xff,0x58,0x32,0x15,0xff,0x57,0x32,0x14,0xff,0x58,0x31,0x14,0xff,
    0x57,0x32,0x14,0xff,0x58,0x32,0x14,0xff,0x57,0x32,0x14,0xff,0x57,0x31,0x13,0xff,
    0x57,0x31,0x13,0xff,0x57,0x30,0x13,0xff,0x55,0x30,0x13,0xff,0x57,0x2e,0x13,0xff,
    0x55,0x2f,0x12,0xff,0x54,0x2e,0x12,0xff,0x54,0x2e,0x12,0xff,0x56,0x2f,0x12,0xff,
    0x56,0x30,0x11,0xff,0x55,0x2e,0x11,0xff,0x55,0x2f,0x12,0xff,0x54,0x2e,0x11,0xff,
    0x56,0x2f,0x12,0xff,0x54,0x2f,0x13,0xff,0x56,0x2f,0x12,0xff,0x54,0x2f,0x12,0xff,
    0x56,0x30,0x13,0xff,0x56,0x30,0x12,0xff,0x55,0x2f,0x12,0xff,0x55,0x2f,0x11,0xff,
    0x57,0x2f,0x11,0xff,0x53,0x2e,0x10,0xff,0x53,0x2d,0x0f,0xff,0x52,0x2c,0x10,0xff,
    0x50,0x2d,0x10,0xff,0x51,0x2d,0x0f,0xff,0x52,0x2d,0x10,0xff,0x51,0x2b,0x0f,0xff,
    0x4f,0x2c,0x0f,0xff,0x4f,0x2c,0x10,0xff,0x4f,0x2c,0x0f,0xff,0x50,0x2c,0x10,0xff,
    0x4e,0x2c,0x0f,0xff,0x4f,0x2d,0x0f,0xff,0x52,0x2d,0x0f,0xff,0x51,0x2e,0x0f,0xff,
    0x52,0x2d,0x0f,0xff,0x51,0x2e,0x10,0xff,0x53,0x2e,0x0f,0xff,0x57,0x30,0x12,0xff,
    0x57,0x31,0x13,0xff,0x52,0x2d,0x0f,0xff,0x53,0x2c,0x0e,0xff,0x52,0x2c,0x0f,0xff,
    0x52,0x2c,0x0e,0xff,0x52,0x2b,0x0d,0xff,0x52,0x2b,0x0d,0xff,0x51,0x2b,0x0d,0xff,
    0x52,0x2a,0x0c,0xff,0x4e,0x26,0x09,0xff,0x5e,0x38,0x19,0xff,0x82,0x5d,0x3e,0xff,
    0x53,0x31,0x19,0xff,0x55,0x32,0x1b,0xff,0x7d,0x5e,0x46,0xff,0x7e,0x5f,0x46,0xff,
    0x6a,0x4d,0x34,0xff,0x39,0x1e,0x08,0xff,0x37,0x1c,0x08,0xff,0x2f,0x18,0x05,0xff,
    0x84,0x74,0x64,0xff,0x65,0x40,0x23,0xff,0x00,0x00,0x00,0x00,0x00,0x00,0x00,0x00,
    0x00,0x00,0x00,0x00,0x00,0x00,0x00,0x00,0x00,0x00,0x00,0x00,0x00,0x00,0x00,0x00,
    0x00,0x00,0x00,0x00,0x00,0x00,0x00,0x00,0x00,0x00,0x00,0x00,0x00,0x00,0x00,0x00,
    0x00,0x00,0x00,0x00,0x00,0x00,0x00,0x00,0x00,0x00,0x00,0x00,0x00,0x00,0x00,0x00,
    0x00,0x00,0x00,0x00,0x00,0x00,0x00,0x00,0x00,0x00,0x00,0x00,0x00,0x00,0x00,0x00,
    0x00,0x00,0x00,0x00,0x00,0x00,0x00,0x00,0x00,0x00,0x00,0x00,0x78,0x5d,0x46,0xff,
    0x5f,0x53,0x46,0xff,0x42,0x21,0x0c,0xff,0x3a,0x1a,0x05,0xff,0x62,0x42,0x2a,0xff,
    0x9a,0x7a,0x60,0xff,0x9a,0x7d,0x62,0xff,0x85,0x5f,0x46,0xff,0x62,0x3e,0x23,0xff,
    0x94,0x6c,0x4e,0xff,0x90,0x69,0x4a,0xff,0x51,0x2b,0x0e,0xff,0x58,0x2f,0x12,0xff,
    0x56,0x2f,0x12,0xff,0x54,0x2f,0x11,0xff,0x55,0x2f,0x12,0xff,0x55,0x30,0x12,0xff,
    0x57,0x2f,0x12,0xff,0x58,0x30,0x12,0xff,0x54,0x31,0x12,0xff,0x59,0x32,0x15,0xff,
    0x5d,0x35,0x17,0xff,0x59,0x33,0x15,0xff,0x56,0x31,0x13,0xff,0x59,0x31,0x14,0xff,
    0x57,0x32,0x14,0xff,0x57,0x31,0x14,0xff,0x55,0x32,0x14,0xff,0x56,0x32,0x14,0xff,
    0x59,0x32,0x14,0xff,0x54,0x32,0x14,0xff,0x57,0x33,0x15,0xff,0x56,0x32,0x14,0xff,
    0x56,0x32,0x14,0xff,0x55,0x32,0x14,0xff,0x54,0x32,0x14,0xff,0x55,0x32,0x14,0xff,
    0x5a,0x32,0x14,0xff,0x58,0x32,0x14,0xff,0x57,0x32,0x14,0xff,0x59,0x32,0x14,0xff,
    0x59,0x32,0x14,0xff,0x57,0x32,0x14,0xff,0x58,0x31,0x13,0xff,0x58,0x31,0x13,0xff,
    0x55,0x31,0x14,0xff,0x56,0x30,0x14,0xff,0x51,0x30,0x12,0xff,0x57,0x2f,0x12,0xff,
    0x55,0x2f,0x13,0xff,0x53,0x2f,0x12,0xff,0x56,0x2f,0x12,0xff,0x54,0x2f,0x11,0xff,
    0x54,0x30,0x11,0xff,0x54,0x2f,0x12,0xff,0x53,0x2f,0x12,0xff,0x55,0x2e,0x13,0xff,
    0x57,0x2e,0x13,0xff,0x54,0x2f,0x12,0xff,0x56,0x2f,0x13,0xff,0x57,0x2e,0x13,0xff,
    0x55,0x30,0x13,0xff,0x55,0x30,0x13,0xff,0x56,0x2f,0x12,0xff,0x53,0x2f,0x11,0xff,
    0x54,0x2e,0x11,0xff,0x51,0x2e,0x10,0xff,0x51,0x2e,0x10,0xff,0x54,0x2c,0x10,0xff,
    0x4f,0x2d,0x0f,0xff,0x51,0x2c,0x0f,0xff,0x50,0x2c,0x10,0xff,0x4f,0x2c,0x0f,0xff,
    0x4d,0x2c,0x0f,0xff,0x4c,0x2d,0x10,0xff,0x4e,0x2d,0x10,0xff,0x52,0x2c,0x0f,0xff,
    0x50,0x2d,0x0f,0xff,0x51,0x2d,0x0f,0xff,0x53,0x2d,0x0f,0xff,0x52,0x2d,0x10,0xff,
    0x50,0x2e,0x10,0xff,0x52,0x2d,0x0f,0xff,0x53,0x2e,0x10,0xff,0x55,0x30,0x12,0xff,
    0x56,0x31,0x13,0xff,0x4f,0x2d,0x10,0xff,0x54,0x2c,0x0f,0xff,0x52,0x2c,0x0f,0xff,
    0x50,0x2c,0x0e,0xff,0x53,0x2c,0x0e,0xff,0x50,0x2b,0x0d,0xff,0x4f,0x2b,0x0c,0xff,
    0x50,0x2a,0x0d,0xff,0x4c,0x28,0x09,0xff,0x57,0x31,0x14,0xff,0x83,0x5d,0x3f,0xff,
    0x5c,0x39,0x21,0xff,0x50,0x2d,0x16,0xff,0x7b,0x5a,0x41,0xff,0x7d,0x60,0x46,0xff,
    0x6d,0x4f,0x36,0xff,0x3b,0x1e,0x08,0xff,0x38,0x1d,0x09,0xff,0x2c,0x12,0x00,0xff,
    0x8a,0x7d,0x70,0xff,0x7b,0x5c,0x43,0xff,0x00,0x00,0x00,0x00,0x00,0x00,0x00,0x00,
    0x00,0x00,0x00,0x00,0x00,0x00,0x00,0x00,0x00,0x00,0x00,0x00,0x00,0x00,0x00,0x00,
    0x00,0x00,0x00,0x00,0x00,0x00,0x00,0x00,0x00,0x00,0x00,0x00,0x00,0x00,0x00,0x00,
    0x00,0x00,0x00,0x00,0x00,0x00,0x00,0x00,0x00,0x00,0x00,0x00,0x00,0x00,0x00,0x00,
    0x00,0x00,0x00,0x00,0x00,0x00,0x00,0x00,0x00,0x00,0x00,0x00,0x00,0x00,0x00,0x00,
    0x00,0x00,0x00,0x00,0x00,0x00,0x00,0x00,0x00,0x00,0x00,0x00,0x89,0x71,0x5e,0xff,
    0x57,0x4f,0x42,0xff,0x39,0x1d,0x09,0xff,0x38,0x19,0x06,0xff,0x63,0x46,0x2d,0xff,
    0x98,0x79,0x5e,0xff,0x9f,0x7e,0x64,0xff,0x7e,0x55,0x3c,0xff,0x67,0x3f,0x24,0xff,
    0x9c,0x72,0x54,0xff,0x86,0x5d,0x3e,0xff,0x50,0x28,0x0b,0xff,0x59,0x30,0x13,0xff,
    0x57,0x2f,0x12,0xff,0x57,0x2f,0x12,0xff,0x5a,0x2f,0x12,0xff,0x57,0x2f,0x12,0xff,
    0x57,0x2f,0x12,0xff,0x57,0x30,0x12,0xff,0x57,0x31,0x13,0xff,0x59,0x34,0x16,0xff,
    0x5b,0x35,0x17,0xff,0x59,0x33,0x15,0xff,0x5a,0x31,0x14,0xff,0x58,0x33,0x15,0xff,
    0x58,0x31,0x13,0xff,0x5b,0x31,0x14,0xff,0x58,0x32,0x14,0xff,0x58,0x32,0x14,0xff,
    0x58,0x31,0x14,0xff,0x54,0x31,0x13,0xff,0x56,0x32,0x14,0xff,0x57,0x32,0x14,0xff,
    0x56,0x32,0x14,0xff,0x59,0x31,0x14,0xff,0x5a,0x31,0x14,0xff,0x57,0x33,0x14,0xff,
    0x58,0x31,0x14,0xff,0x58,0x32,0x14,0xff,0x57,0x32,0x14,0xff,0x56,0x31,0x13,0xff,
    0x57,0x31,0x13,0xff,0x58,0x30,0x13,0xff,0x57,0x30,0x13,0xff,0x57,0x31,0x13,0xff,
    0x58,0x2f,0x14,0xff,0x58,0x30,0x14,0xff,0x56,0x30,0x12,0xff,0x57,0x2f,0x12,0xff,
    0x58,0x2f,0x13,0xff,0x55,0x2f,0x13,0xff,0x57,0x2f,0x13,0xff,0x55,0x2e,0x12,0xff,
    0x56,0x2e,0x12,0xff,0x58,0x2d,0x12,0xff,0x55,0x2e,0x12,0xff,0x55,0x2e,0x12,0xff,
    0x55,0x2f,0x13,0xff,0x55,0x2e,0x12,0xff,0x53,0x2f,0x13,0xff,0x56,0x2f,0x13,0xff,
    0x56,0x2f,0x13,0xff,0x57,0x2f,0x13,0xff,0x56,0x2f,0x13,0xff,0x55,0x2e,0x11,0xff,
    0x57,0x2d,0x10,0xff,0x54,0x2d,0x10,0xff,0x53,0x2c,0x10,0xff,0x55,0x2b,0x10,0xff,
    0x51,0x2c,0x0f,0xff,0x50,0x2c,0x0f,0xff,0x51,0x2c,0x0f,0xff,0x50,0x2c,0x0f,0xff,
    0x51,0x2b,0x0f,0xff,0x51,0x2b,0x0f,0xff,0x4f,0x2b,0x0f,0xff,0x50,0x2b,0x0f,0xff,
    0x50,0x2c,0x0f,0xff,0x50,0x2d,0x0f,0xff,0x50,0x2e,0x0f,0xff,0x52,0x2e,0x10,0xff,
    0x53,0x2d,0x10,0xff,0x51,0x2d,0x0f,0xff,0x52,0x2d,0x10,0xff,0x57,0x2e,0x11,0xff,
    0x58,0x2f,0x12,0xff,0x53,0x2e,0x10,0xff,0x55,0x2c,0x0f,0xff,0x54,0x2b,0x0e,0xff,
    0x51,0x2c,0x0e,0xff,0x52,0x2b,0x0d,0xff,0x51,0x2b,0x0d,0xff,0x51,0x2a,0x0d,0xff,
    0x53,0x29,0x0c,0xff,0x4f,0x28,0x0a,0xff,0x51,0x2b,0x0e,0xff,0x7e,0x5a,0x3c,0xff,
    0x65,0x43,0x29,0xff,0x4b,0x2b,0x14,0xff,0x75,0x55,0x3c,0xff,0x7d,0x60,0x47,0xff,
    0x6f,0x50,0x38,0xff,0x3a,0x20,0x0a,0xff,0x38,0x1c,0x08,0xff,0x2e,0x10,0x00,0xff,
    0x85,0x78,0x6b,0xff,0x83,0x68,0x51,0xff,0x00,0x00,0x00,0x00,0x00,0x00,0x00,0x00,
    0x00,0x00,0x00,0x00,0x00,0x00,0x00,0x00,0x00,0x00,0x00,0x00,0x00,0x00,0x00,0x00,
    0x00,0x00,0x00,0x00,0x00,0x00,0x00,0x00,0x00,0x00,0x00,0x00,0x00,0x00,0x00,0x00,
    0x00,0x00,0x00,0x00,0x00,0x00,0x00,0x00,0x00,0x00,0x00,0x00,0x00,0x00,0x00,0x00,
    0x00,0x00,0x00,0x00,0x00,0x00,0x00,0x00,0x00,0x00,0x00,0x00,0x00,0x00,0x00,0x00,
    0x00,0x00,0x00,0x00,0x00,0x00,0x00,0x00,0x00,0x00,0x00,0x00,0x7f,0x68,0x55,0xff,
    0x4f,0x44,0x38,0xff,0x38,0x1b,0x07,0xff,0x38,0x1a,0x06,0xff,0x68,0x49,0x30,0xff,
    0x95,0x79,0x5e,0xff,0x9e,0x7f,0x64,0xff,0x73,0x50,0x35,0xff,0x6a,0x43,0x27,0xff,
    0x9f,0x77,0x59,0xff,0x78,0x52,0x33,0xff,0x50,0x28,0x0b,0xff,0x5a,0x31,0x14,0xff,
    0x57,0x30,0x12,0xff,0x56,0x2f,0x12,0xff,0x57,0x2f,0x12,0xff,0x56,0x30,0x12,0xff,
    0x56,0x30,0x12,0xff,0x57,0x30,0x12,0xff,0x5b,0x31,0x14,0xff,0x5b,0x34,0x16,0xff,
    0x5b,0x35,0x17,0xff,0x57,0x34,0x16,0xff,0x5a,0x32,0x15,0xff,0x58,0x32,0x15,0xff,
    0x56,0x32,0x14,0xff,0x59,0x31,0x14,0xff,0x58,0x33,0x15,0xff,0x58,0x32,0x14,0xff,
    0x58,0x32,0x14,0xff,0x58,0x32,0x14,0xff,0x57,0x32,0x14,0xff,0x59,0x31,0x14,0xff,
    0x56,0x32,0x14,0xff,0x58,0x31,0x14,0xff,0x57,0x32,0x14,0xff,0x58,0x32,0x14,0xff,
    0x57,0x32,0x14,0xff,0x58,0x31,0x14,0xff,0x59,0x31,0x14,0xff,0x57,0x31,0x13,0xff,
    0x55,0x31,0x13,0xff,0x56,0x31,0x13,0xff,0x58,0x30,0x13,0xff,0x55,0x31,0x13,0xff,
    0x57,0x30,0x14,0xff,0x56,0x30,0x12,0xff,0x56,0x31,0x13,0xff,0x56,0x2f,0x13,0xff,
    0x56,0x30,0x12,0xff,0x56,0x30,0x12,0xff,0x57,0x30,0x12,0xff,0x55,0x2f,0x12,0xff,
    0x54,0x2e,0x12,0xff,0x56,0x2e,0x12,0xff,0x54,0x2e,0x12,0xff,0x55,0x2e,0x12,0xff,
    0x54,0x2e,0x12,0xff,0x57,0x2e,0x12,0xff,0x55,0x2f,0x13,0xff,0x56,0x2f,0x13,0xff,
    0x54,0x30,0x14,0xff,0x57,0x2f,0x13,0xff,0x55,0x2f,0x13,0xff,0x53,0x2f,0x12,0xff,
    0x55,0x2e,0x10,0xff,0x53,0x2c,0x10,0xff,0x53,0x2c,0x10,0xff,0x53,0x2c,0x10,0xff,
    0x51,0x2c,0x0f,0xff,0x50,0x2c,0x0f,0xff,0x51,0x2c,0x0e,0xff,0x4d,0x2d,0x0e,0xff,
    0x51,0x2b,0x0e,0xff,0x50,0x2c,0x0e,0xff,0x4e,0x2d,0x0f,0xff,0x4d,0x2c,0x0f,0xff,
    0x50,0x2c,0x0f,0xff,0x52,0x2d,0x0f,0xff,0x52,0x2e,0x10,0xff,0x4f,0x2e,0x10,0xff,
    0x51,0x2e,0x10,0xff,0x54,0x2e,0x10,0xff,0x50,0x2f,0x10,0xff,0x55,0x2e,0x10,0xff,
    0x55,0x2f,0x11,0xff,0x54,0x2e,0x10,0xff,0x53,0x2d,0x0f,0xff,0x52,0x2c,0x0e,0xff,
    0x52,0x2c,0x0e,0xff,0x53,0x2c,0x0e,0xff,0x50,0x2b,0x0d,0xff,0x4f,0x2a,0x0c,0xff,
    0x4f,0x29,0x0c,0xff,0x4e,0x29,0x0b,0xff,0x4c,0x26,0x09,0xff,0x79,0x57,0x38,0xff,
    0x6d,0x49,0x2e,0xff,0x4d,0x2a,0x14,0xff,0x71,0x50,0x37,0xff,0x7b,0x61,0x46,0xff,
    0x73,0x53,0x3b,0xff,0x3b,0x21,0x0b,0xff,0x35,0x1c,0x08,0xff,0x29,0x10,0x00,0xff,
    0x80,0x73,0x66,0xff,0x7f,0x62,0x4b,0xff,0x00,0x00,0x00,0x00,0x00,0x00,0x00,0x00,
    0x00,0x00,0x00,0x00,0x00,0x00,0x00,0x00,0x00,0x00,0x00,0x00,0x00,0x00,0x00,0x00,
    0x00,0x00,0x00,0x00,0x00,0x00,0x00,0x00,0x00,0x00,0x00,0x00,0x00,0x00,0x00,0x00,
    0x00,0x00,0x00,0x00,0x00,0x00,0x00,0x00,0x00,0x00,0x00,0x00,0x00,0x00,0x00,0x00,
    0x00,0x00,0x00,0x00,0x00,0x00,0x00,0x00,0x00,0x00,0x00,0x00,0x00,0x00,0x00,0x00,
    0x00,0x00,0x00,0x00,0x00,0x00,0x00,0x00,0x00,0x00,0x00,0x00,0x7c,0x66,0x51,0xff,
    0x4a,0x3f,0x33,0xff,0x35,0x1b,0x07,0xff,0x36,0x1a,0x07,0xff,0x6c,0x4c,0x31,0xff,
    0x97,0x79,0x5c,0xff,0x9f,0x7e,0x64,0xff,0x6c,0x49,0x2e,0xff,0x6f,0x4a,0x2d,0xff,
    0xa0,0x7b,0x5a,0xff,0x6e,0x48,0x2a,0xff,0x54,0x2a,0x0d,0xff,0x58,0x31,0x14,0xff,
    0x58,0x2f,0x12,0xff,0x58,0x30,0x12,0xff,0x58,0x30,0x12,0xff,0x55,0x30,0x13,0xff,
    0x56,0x30,0x13,0xff,0x57,0x31,0x13,0xff,0x5b,0x31,0x14,0xff,0x5b,0x34,0x16,0xff,
    0x5a,0x35,0x17,0xff,0x56,0x34,0x15,0xff,0x59,0x32,0x15,0xff,0x58,0x32,0x15,0xff,
    0x58,0x32,0x14,0xff,0x57,0x31,0x13,0xff,0x58,0x33,0x15,0xff,0x5a,0x32,0x14,0xff,
    0x57,0x32,0x14,0xff,0x5a,0x31,0x14,0xff,0x58,0x32,0x15,0xff,0x56,0x32,0x14,0xff,
    0x58,0x32,0x14,0xff,0x59,0x32,0x14,0xff,0x57,0x32,0x14,0xff,0x55,0x32,0x14,0xff,
    0x58,0x32,0x14,0xff,0x5a,0x31,0x14,0xff,0x59,0x30,0x13,0xff,0x56,0x31,0x13,0xff,
    0x55,0x31,0x13,0xff,0x56,0x31,0x13,0xff,0x58,0x30,0x13,0xff,0x56,0x31,0x13,0xff,
    0x57,0x31,0x13,0xff,0x56,0x31,0x12,0xff,0x57,0x31,0x14,0xff,0x56,0x30,0x14,0xff,
    0x55,0x30,0x12,0xff,0x57,0x30,0x13,0xff,0x55,0x31,0x13,0xff,0x56,0x30,0x12,0xff,
    0x56,0x30,0x12,0xff,0x56,0x2f,0x12,0xff,0x52,0x2e,0x12,0xff,0x55,0x2e,0x12,0xff,
    0x55,0x2f,0x11,0xff,0x58,0x2f,0x12,0xff,0x56,0x2e,0x12,0xff,0x54,0x2f,0x12,0xff,
    0x52,0x2f,0x13,0xff,0x57,0x2f,0x13,0xff,0x55,0x2e,0x12,0xff,0x54,0x2e,0x12,0xff,
    0x54,0x2e,0x11,0xff,0x53,0x2d,0x10,0xff,0x53,0x2c,0x10,0xff,0x50,0x2d,0x10,0xff,
    0x52,0x2c,0x0f,0xff,0x50,0x2c,0x0e,0xff,0x50,0x2c,0x0e,0xff,0x4f,0x2c,0x0e,0xff,
    0x51,0x2c,0x0e,0xff,0x4e,0x2d,0x0e,0xff,0x4c,0x2c,0x0f,0xff,0x50,0x2d,0x0f,0xff,
    0x52,0x2c,0x0f,0xff,0x53,0x2c,0x0f,0xff,0x52,0x2d,0x10,0xff,0x4f,0x2e,0x10,0xff,
    0x50,0x2e,0x10,0xff,0x53,0x2e,0x10,0xff,0x53,0x2e,0x10,0xff,0x54,0x2d,0x10,0xff,
    0x53,0x2f,0x11,0xff,0x52,0x2d,0x0f,0xff,0x52,0x2c,0x0f,0xff,0x52,0x2c,0x0e,0xff,
    0x53,0x2c,0x0e,0xff,0x53,0x2b,0x0e,0xff,0x52,0x2b,0x0d,0xff,0x4f,0x2a,0x0c,0xff,
    0x50,0x29,0x0c,0xff,0x4e,0x2a,0x0b,0xff,0x4a,0x23,0x06,0xff,0x75,0x51,0x33,0xff,
    0x73,0x4d,0x32,0xff,0x50,0x2e,0x16,0xff,0x69,0x4a,0x30,0xff,0x7b,0x61,0x47,0xff,
    0x73,0x55,0x3c,0xff,0x3c,0x23,0x0c,0xff,0x37,0x1c,0x08,0xff,0x26,0x0e,0x00,0xff,
    0x80,0x75,0x69,0xff,0x90,0x76,0x63,0xff,0x00,0x00,0x00,0x00,0x00,0x00,0x00,0x00,
    0x00,0x00,0x00,0x00,0x00,0x00,0x00,0x00,0x00,0x00,0x00,0x00,0x00,0x00,0x00,0x00,
    0x00,0x00,0x00,0x00,0x00,0x00,0x00,0x00,0x00,0x00,0x00,0x00,0x00,0x00,0x00,0x00,
    0x00,0x00,0x00,0x00,0x00,0x00,0x00,0x00,0x00,0x00,0x00,0x00,0x00,0x00,0x00,0x00,
    0x00,0x00,0x00,0x00,0x00,0x00,0x00,0x00,0x00,0x00,0x00,0x00,0x00,0x00,0x00,0x00,
    0x00,0x00,0x00,0x00,0x00,0x00,0x00,0x00,0x00,0x00,0x00,0x00,0x7b,0x62,0x4f,0xff,
    0x4b,0x3b,0x30,0xff,0x35,0x1a,0x06,0xff,0x38,0x1a,0x07,0xff,0x6e,0x4f,0x35,0xff,
    0x96,0x77,0x5a,0xff,0x9b,0x7c,0x61,0xff,0x67,0x44,0x29,0xff,0x77,0x50,0x34,0xff,
    0x9c,0x7a,0x59,0xff,0x63,0x3d,0x1f,0xff,0x53,0x2b,0x0e,0xff,0x59,0x32,0x15,0xff,
    0x58,0x30,0x13,0xff,0x57,0x30,0x13,0xff,0x59,0x30,0x13,0xff,0x59,0x2f,0x12,0xff,
    0x57,0x31,0x14,0xff,0x56,0x32,0x14,0xff,0x59,0x34,0x16,0xff,0x5b,0x34,0x16,0xff,
    0x5d,0x34,0x17,0xff,0x59,0x33,0x15,0xff,0x59,0x32,0x15,0xff,0x59,0x32,0x15,0xff,
    0x57,0x33,0x14,0xff,0x55,0x33,0x14,0xff,0x59,0x33,0x15,0xff,0x57,0x33,0x15,0xff,
    0x55,0x33,0x16,0xff,0x58,0x33,0x15,0xff,0x59,0x33,0x15,0xff,0x57,0x32,0x14,0xff,
    0x59,0x33,0x15,0xff,0x57,0x32,0x15,0xff,0x5a,0x31,0x15,0xff,0x58,0x32,0x14,0xff,
    0x57,0x32,0x14,0xff,0x55,0x32,0x14,0xff,0x58,0x32,0x14,0xff,0x58,0x31,0x14,0xff,
    0x57,0x30,0x13,0xff,0x57,0x31,0x13,0xff,0x57,0x30,0x14,0xff,0x57,0x30,0x14,0xff,
    0x53,0x31,0x13,0xff,0x54,0x30,0x13,0xff,0x55,0x2f,0x13,0xff,0x52,0x31,0x13,0xff,
    0x52,0x31,0x13,0xff,0x56,0x30,0x12,0xff,0x56,0x31,0x13,0xff,0x56,0x30,0x12,0xff,
    0x54,0x30,0x12,0xff,0x56,0x30,0x12,0xff,0x56,0x2f,0x12,0xff,0x55,0x2f,0x12,0xff,
    0x53,0x30,0x12,0xff,0x55,0x2f,0x12,0xff,0x55,0x2f,0x12,0xff,0x58,0x2e,0x12,0xff,
    0x55,0x2f,0x13,0xff,0x56,0x2f,0x13,0xff,0x56,0x2e,0x13,0xff,0x54,0x2e,0x11,0xff,
    0x52,0x2e,0x12,0xff,0x56,0x2e,0x12,0xff,0x51,0x2d,0x11,0xff,0x4e,0x2d,0x10,0xff,
    0x51,0x2c,0x0f,0xff,0x4f,0x2c,0x0e,0xff,0x50,0x2c,0x0f,0xff,0x51,0x2c,0x10,0xff,
    0x4e,0x2c,0x0f,0xff,0x51,0x2c,0x0e,0xff,0x50,0x2c,0x0e,0xff,0x4f,0x2c,0x0e,0xff,
    0x4f,0x2c,0x0e,0xff,0x50,0x2c,0x0e,0xff,0x52,0x2d,0x0f,0xff,0x52,0x2d,0x0f,0xff,
    0x51,0x2d,0x0f,0xff,0x52,0x2d,0x0f,0xff,0x54,0x2d,0x10,0xff,0x52,0x2d,0x11,0xff,
    0x51,0x2e,0x10,0xff,0x53,0x2d,0x0f,0xff,0x4e,0x2d,0x0f,0xff,0x51,0x2d,0x0f,0xff,
    0x52,0x2c,0x0e,0xff,0x51,0x2c,0x0e,0xff,0x52,0x2b,0x0d,0xff,0x4f,0x2b,0x0c,0xff,
    0x50,0x29,0x0c,0xff,0x51,0x2a,0x0c,0xff,0x48,0x23,0x06,0xff,0x6c,0x4a,0x2b,0xff,
    0x74,0x51,0x35,0xff,0x58,0x36,0x1c,0xff,0x64,0x42,0x29,0xff,0x80,0x61,0x49,0xff,
    0x74,0x57,0x3e,0xff,0x3e,0x24,0x0e,0xff,0x37,0x1c,0x07,0xff,0x25,0x10,0x00,0xff,
    0x76,0x6b,0x60,0xff,0x88,0x71,0x5e,0xff,0x00,0x00,0x00,0x00,0x00,0x00,0x00,0x00,
    0x00,0x00,0x00,0x00,0x00,0x00,0x00,0x00,0x00,0x00,0x00,0x00,0x00,0x00,0x00,0x00,
    0x00,0x00,0x00,0x00,0x00,0x00,0x00,0x00,0x00,0x00,0x00,0x00,0x00,0x00,0x00,0x00,
    0x00,0x00,0x00,0x00,0x00,0x00,0x00,0x00,0x00,0x00,0x00,0x00,0x00,0x00,0x00,0x00,
    0x00,0x00,0x00,0x00,0x00,0x00,0x00,0x00,0x00,0x00,0x00,0x00,0x00,0x00,0x00,0x00,
    0x00,0x00,0x00,0x00,0x00,0x00,0x00,0x00,0x00,0x00,0x00,0x00,0x79,0x62,0x4e,0xff,
    0x47,0x3c,0x30,0xff,0x33,0x1a,0x05,0xff,0x39,0x1c,0x07,0xff,0x71,0x54,0x39,0xff,
    0x95,0x73,0x58,0xff,0x9b,0x78,0x5d,0xff,0x64,0x40,0x26,0xff,0x81,0x59,0x3b,0xff,
    0x9a,0x75,0x54,0xff,0x5a,0x34,0x16,0xff,0x54,0x2d,0x10,0xff,0x58,0x31,0x14,0xff,
    0x59,0x31,0x14,0xff,0x5b,0x30,0x14,0xff,0x57,0x31,0x14,0xff,0x58,0x31,0x14,0xff,
    0x58,0x31,0x14,0xff,0x59,0x32,0x15,0xff,0x59,0x33,0x15,0xff,0x5b,0x33,0x16,0xff,
    0x5a,0x34,0x16,0xff,0x5b,0x34,0x16,0xff,0x58,0x33,0x15,0xff,0x57,0x32,0x14,0xff,
    0x5a,0x31,0x14,0xff,0x57,0x33,0x15,0xff,0x5a,0x32,0x15,0xff,0x59,0x32,0x15,0xff,
    0x57,0x32,0x15,0xff,0x59,0x32,0x15,0xff,0x59,0x33,0x14,0xff,0x55,0x33,0x14,0xff,
    0x59,0x31,0x14,0xff,0x58,0x32,0x14,0xff,0x57,0x32,0x14,0xff,0x58,0x31,0x14,0xff,
    0x58,0x32,0x14,0xff,0x57,0x31,0x14,0xff,0x58,0x32,0x14,0xff,0x56,0x32,0x14,0xff,
    0x55,0x30,0x13,0xff,0x56,0x30,0x14,0xff,0x55,0x30,0x14,0xff,0x58,0x30,0x14,0xff,
    0x55,0x30,0x13,0xff,0x54,0x30,0x14,0xff,0x57,0x30,0x13,0xff,0x54,0x31,0x12,0xff,
    0x54,0x30,0x12,0xff,0x56,0x30,0x12,0xff,0x56,0x31,0x13,0xff,0x56,0x30,0x12,0xff,
    0x57,0x2f,0x12,0xff,0x54,0x2f,0x12,0xff,0x55,0x2f,0x11,0xff,0x56,0x30,0x12,0xff,
    0x56,0x30,0x12,0xff,0x54,0x2f,0x11,0xff,0x53,0x2f,0x11,0xff,0x55,0x2f,0x12,0xff,
    0x57,0x2f,0x13,0xff,0x55,0x30,0x12,0xff,0x54,0x2e,0x12,0xff,0x57,0x2e,0x11,0xff,
    0x52,0x2e,0x11,0xff,0x55,0x2d,0x12,0xff,0x53,0x2c,0x10,0xff,0x51,0x2c,0x0f,0xff,
    0x51,0x2c,0x0f,0xff,0x4f,0x2b,0x0f,0xff,0x4e,0x2d,0x0f,0xff,0x52,0x2c,0x0e,0xff,
    0x50,0x2c,0x0e,0xff,0x50,0x2c,0x0f,0xff,0x50,0x2c,0x0d,0xff,0x50,0x2c,0x0e,0xff,
    0x51,0x2d,0x0f,0xff,0x51,0x2d,0x0f,0xff,0x51,0x2d,0x0f,0xff,0x51,0x2d,0x0f,0xff,
    0x51,0x2d,0x0f,0xff,0x50,0x2e,0x10,0xff,0x55,0x2d,0x11,0xff,0x54,0x2d,0x11,0xff,
    0x51,0x2e,0x11,0xff,0x55,0x2c,0x10,0xff,0x51,0x2c,0x0f,0xff,0x53,0x2c,0x0f,0xff,
    0x52,0x2c,0x0e,0xff,0x51,0x2c,0x0e,0xff,0x51,0x2a,0x0d,0xff,0x51,0x2a,0x0c,0xff,
    0x4e,0x2a,0x0c,0xff,0x50,0x2a,0x0c,0xff,0x47,0x22,0x05,0xff,0x66,0x41,0x24,0xff,
    0x77,0x54,0x38,0xff,0x60,0x3d,0x23,0xff,0x5a,0x39,0x1f,0xff,0x81,0x62,0x49,0xff,
    0x75,0x59,0x40,0xff,0x3d,0x23,0x0d,0xff,0x38,0x1b,0x07,0xff,0x26,0x12,0x00,0xff,
    0x6f,0x63,0x58,0xff,0x7e,0x66,0x52,0xff,0x00,0x00,0x00,0x00,0x00,0x00,0x00,0x00,
    0x00,0x00,0x00,0x00,0x00,0x00,0x00,0x00,0x00,0x00,0x00,0x00,0x00,0x00,0x00,0x00,
    0x00,0x00,0x00,0x00,0x00,0x00,0x00,0x00,0x00,0x00,0x00,0x00,0x00,0x00,0x00,0x00,
    0x00,0x00,0x00,0x00,0x00,0x00,0x00,0x00,0x00,0x00,0x00,0x00,0x00,0x00,0x00,0x00,
    0x00,0x00,0x00,0x00,0x00,0x00,0x00,0x00,0x00,0x00,0x00,0x00,0x00,0x00,0x00,0x00,
    0x00,0x00,0x00,0x00,0x00,0x00,0x00,0x00,0x00,0x00,0x00,0x00,0x79,0x61,0x4e,0xff,
    0x45,0x3c,0x30,0xff,0x33,0x19,0x04,0xff,0x39,0x1b,0x08,0xff,0x77,0x56,0x3b,0xff,
    0x8e,0x6f,0x52,0xff,0x97,0x73,0x58,0xff,0x64,0x3d,0x24,0xff,0x88,0x61,0x43,0xff,
    0x95,0x6f,0x4e,0xff,0x55,0x2f,0x10,0xff,0x55,0x30,0x12,0xff,0x5b,0x31,0x14,0xff,
    0x58,0x32,0x14,0xff,0x58,0x31,0x14,0xff,0x58,0x31,0x14,0xff,0x59,0x31,0x14,0xff,
    0x58,0x32,0x14,0xff,0x59,0x32,0x15,0xff,0x58,0x33,0x16,0xff,0x5a,0x33,0x16,0xff,
    0x5a,0x34,0x16,0xff,0x5b,0x33,0x16,0xff,0x58,0x32,0x15,0xff,0x57,0x32,0x14,0xff,
    0x56,0x32,0x14,0xff,0x59,0x32,0x14,0xff,0x59,0x32,0x14,0xff,0x57,0x32,0x14,0xff,
    0x59,0x32,0x15,0xff,0x57,0x33,0x15,0xff,0x59,0x33,0x15,0xff,0x59,0x33,0x15,0xff,
    0x56,0x33,0x15,0xff,0x59,0x33,0x15,0xff,0x57,0x32,0x14,0xff,0x5a,0x32,0x14,0xff,
    0x57,0x32,0x15,0xff,0x56,0x31,0x14,0xff,0x55,0x31,0x13,0xff,0x57,0x31,0x14,0xff,
    0x57,0x31,0x13,0xff,0x56,0x31,0x13,0xff,0x56,0x30,0x13,0xff,0x52,0x31,0x12,0xff,
    0x56,0x30,0x13,0xff,0x57,0x30,0x14,0xff,0x55,0x30,0x13,0xff,0x56,0x30,0x14,0xff,
    0x55,0x30,0x12,0xff,0x53,0x31,0x13,0xff,0x58,0x2f,0x13,0xff,0x54,0x30,0x12,0xff,
    0x55,0x30,0x12,0xff,0x55,0x30,0x12,0xff,0x57,0x2f,0x12,0xff,0x56,0x30,0x12,0xff,
    0x57,0x2f,0x12,0xff,0x54,0x30,0x12,0xff,0x55,0x2f,0x12,0xff,0x55,0x30,0x12,0xff,
    0x56,0x2f,0x12,0xff,0x56,0x30,0x12,0xff,0x54,0x2f,0x11,0xff,0x53,0x2e,0x10,0xff,
    0x55,0x2e,0x11,0xff,0x53,0x2e,0x10,0xff,0x53,0x2d,0x10,0xff,0x52,0x2c,0x0f,0xff,
    0x4e,0x2d,0x0e,0xff,0x50,0x2c,0x0e,0xff,0x51,0x2b,0x0e,0xff,0x4d,0x2c,0x0e,0xff,
    0x52,0x2c,0x0e,0xff,0x50,0x2c,0x0e,0xff,0x51,0x2b,0x0e,0xff,0x50,0x2c,0x0e,0xff,
    0x51,0x2d,0x0f,0xff,0x51,0x2d,0x0f,0xff,0x51,0x2c,0x0f,0xff,0x52,0x2d,0x0f,0xff,
    0x51,0x2d,0x0f,0xff,0x50,0x2d,0x0f,0xff,0x4f,0x2d,0x0f,0xff,0x54,0x2d,0x10,0xff,
    0x55,0x2d,0x11,0xff,0x53,0x2d,0x0f,0xff,0x53,0x2c,0x0f,0xff,0x52,0x2c,0x0f,0xff,
    0x50,0x2c,0x0e,0xff,0x55,0x2b,0x0e,0xff,0x51,0x2b,0x0e,0xff,0x50,0x2b,0x0d,0xff,
    0x4f,0x2a,0x0c,0xff,0x51,0x2a,0x0c,0xff,0x47,0x23,0x05,0xff,0x5f,0x3a,0x1e,0xff,
    0x77,0x56,0x38,0xff,0x67,0x45,0x29,0xff,0x51,0x31,0x16,0xff,0x80,0x5f,0x46,0xff,
    0x79,0x5d,0x43,0xff,0x3d,0x26,0x0d,0xff,0x34,0x1b,0x08,0xff,0x2b,0x12,0x01,0xff,
    0x69,0x5e,0x53,0xff,0x77,0x5f,0x4b,0xff,0x00,0x00,0x00,0x00,0x00,0x00,0x00,0x00,
    0x00,0x00,0x00,0x00,0x00,0x00,0x00,0x00,0x00,0x00,0x00,0x00,0x00,0x00,0x00,0x00,
    0x00,0x00,0x00,0x00,0x00,0x00,0x00,0x00,0x00,0x00,0x00,0x00,0x00,0x00,0x00,0x00,
    0x00,0x00,0x00,0x00,0x00,0x00,0x00,0x00,0x00,0x00,0x00,0x00,0x00,0x00,0x00,0x00,
    0x00,0x00,0x00,0x00,0x00,0x00,0x00,0x00,0x00,0x00,0x00,0x00,0x00,0x00,0x00,0x00,
    0x00,0x00,0x00,0x00,0x00,0x00,0x00,0x00,0x00,0x00,0x00,0x00,0x78,0x61,0x4d,0xff,
    0x44,0x3c,0x31,0xff,0x31,0x18,0x05,0xff,0x38,0x1b,0x08,0xff,0x7b,0x5a,0x3e,0xff,
    0x8b,0x6a,0x4c,0xff,0x8d,0x6b,0x4e,0xff,0x67,0x40,0x25,0xff,0x91,0x6a,0x4b,0xff,
    0x92,0x67,0x49,0xff,0x52,0x2a,0x0d,0xff,0x58,0x31,0x13,0xff,0x5a,0x31,0x14,0xff,
    0x5a,0x31,0x14,0xff,0x59,0x30,0x14,0xff,0x58,0x32,0x14,0xff,0x57,0x32,0x14,0xff,
    0x58,0x32,0x14,0xff,0x5a,0x32,0x15,0xff,0x59,0x33,0x15,0xff,0x5a,0x34,0x16,0xff,
    0x58,0x34,0x16,0xff,0x59,0x33,0x15,0xff,0x59,0x32,0x15,0xff,0x59,0x32,0x15,0xff,
    0x57,0x32,0x14,0xff,0x59,0x32,0x14,0xff,0x57,0x33,0x15,0xff,0x58,0x33,0x15,0xff,
    0x5b,0x31,0x16,0xff,0x59,0x33,0x16,0xff,0x5a,0x33,0x16,0xff,0x5a,0x33,0x15,0xff,
    0x5a,0x33,0x15,0xff,0x59,0x33,0x15,0xff,0x56,0x32,0x14,0xff,0x58,0x32,0x14,0xff,
    0x58,0x31,0x14,0xff,0x56,0x31,0x14,0xff,0x55,0x30,0x14,0xff,0x54,0x31,0x14,0xff,
    0x52,0x31,0x13,0xff,0x54,0x31,0x14,0xff,0x56,0x31,0x13,0xff,0x53,0x31,0x13,0xff,
    0x55,0x30,0x14,0xff,0x56,0x2f,0x14,0xff,0x54,0x2f,0x13,0xff,0x59,0x2f,0x14,0xff,
    0x55,0x30,0x12,0xff,0x54,0x30,0x12,0xff,0x57,0x2f,0x12,0xff,0x56,0x2f,0x12,0xff,
    0x55,0x30,0x12,0xff,0x53,0x2f,0x11,0xff,0x54,0x2f,0x11,0xff,0x56,0x30,0x12,0xff,
    0x57,0x2f,0x12,0xff,0x56,0x30,0x12,0xff,0x55,0x30,0x12,0xff,0x52,0x2f,0x12,0xff,
    0x53,0x2f,0x12,0xff,0x56,0x2f,0x12,0xff,0x57,0x2f,0x12,0xff,0x55,0x30,0x12,0xff,
    0x55,0x2f,0x11,0xff,0x52,0x2e,0x0f,0xff,0x55,0x2e,0x10,0xff,0x56,0x2c,0x0f,0xff,
    0x50,0x2c,0x0e,0xff,0x50,0x2c,0x0e,0xff,0x52,0x2b,0x0e,0xff,0x50,0x2b,0x0e,0xff,
    0x4f,0x2c,0x0e,0xff,0x4d,0x2c,0x0d,0xff,0x50,0x2c,0x0e,0xff,0x51,0x2b,0x0e,0xff,
    0x53,0x2d,0x0f,0xff,0x52,0x2d,0x0f,0xff,0x50,0x2d,0x0f,0xff,0x4f,0x2d,0x0f,0xff,
    0x51,0x2d,0x0f,0xff,0x54,0x2c,0x0f,0xff,0x52,0x2d,0x0f,0xff,0x52,0x2d,0x10,0xff,
    0x53,0x2d,0x10,0xff,0x52,0x2d,0x0f,0xff,0x56,0x2c,0x0f,0xff,0x53,0x2c,0x0f,0xff,
    0x52,0x2d,0x0e,0xff,0x53,0x2c,0x0e,0xff,0x53,0x2a,0x0e,0xff,0x52,0x2b,0x0c,0xff,
    0x4e,0x2b,0x0c,0xff,0x4f,0x2b,0x0c,0xff,0x4b,0x24,0x07,0xff,0x5b,0x34,0x17,0xff,
    0x7b,0x56,0x38,0xff,0x71,0x4e,0x31,0xff,0x4b,0x29,0x10,0xff,0x7b,0x59,0x41,0xff,
    0x7f,0x60,0x48,0xff,0x41,0x25,0x0f,0xff,0x36,0x1c,0x08,0xff,0x2c,0x13,0x02,0xff,
    0x66,0x5b,0x50,0xff,0x73,0x5b,0x48,0xff,0x00,0x00,0x00,0x00,0x00,0x00,0x00,0x00,
    0x00,0x00,0x00,0x00,0x00,0x00,0x00,0x00,0x00,0x00,0x00,0x00,0x00,0x00,0x00,0x00,
    0x00,0x00,0x00,0x00,0x00,0x00,0x00,0x00,0x00,0x00,0x00,0x00,0x00,0x00,0x00,0x00,
    0x00,0x00,0x00,0x00,0x00,0x00,0x00,0x00,0x00,0x00,0x00,0x00,0x00,0x00,0x00,0x00,
    0x00,0x00,0x00,0x00,0x00,0x00,0x00,0x00,0x00,0x00,0x00,0x00,0x00,0x00,0x00,0x00,
    0x00,0x00,0x00,0x00,0x00,0x00,0x00,0x00,0x00,0x00,0x00,0x00,0x7a,0x62,0x4e,0xff,
    0x46,0x3d,0x31,0xff,0x31,0x18,0x05,0xff,0x37,0x1d,0x0a,0xff,0x78,0x5c,0x3f,0xff,
    0x86,0x66,0x48,0xff,0x82,0x5f,0x42,0xff,0x6e,0x4a,0x2c,0xff,0x94,0x72,0x51,0xff,
    0x85,0x61,0x42,0xff,0x4e,0x28,0x0c,0xff,0x5a,0x32,0x14,0xff,0x57,0x32,0x14,0xff,
    0x58,0x31,0x13,0xff,0x59,0x31,0x14,0xff,0x5a,0x31,0x14,0xff,0x59,0x32,0x14,0xff,
    0x57,0x32,0x14,0xff,0x56,0x33,0x15,0xff,0x56,0x33,0x15,0xff,0x57,0x33,0x15,0xff,
    0x59,0x32,0x15,0xff,0x58,0x33,0x15,0xff,0x56,0x33,0x15,0xff,0x57,0x33,0x15,0xff,
    0x5a,0x33,0x16,0xff,0x5b,0x33,0x15,0xff,0x57,0x34,0x15,0xff,0x54,0x34,0x15,0xff,
    0x55,0x34,0x15,0xff,0x56,0x34,0x15,0xff,0x58,0x34,0x15,0xff,0x57,0x33,0x16,0xff,
    0x59,0x33,0x16,0xff,0x59,0x33,0x15,0xff,0x59,0x31,0x14,0xff,0x55,0x31,0x13,0xff,
    0x53,0x31,0x13,0xff,0x55,0x31,0x13,0xff,0x56,0x31,0x14,0xff,0x56,0x31,0x14,0xff,
    0x57,0x32,0x14,0xff,0x58,0x33,0x16,0xff,0x59,0x34,0x15,0xff,0x59,0x35,0x16,0xff,
    0x5c,0x34,0x16,0xff,0x5c,0x34,0x15,0xff,0x5a,0x35,0x16,0xff,0x5a,0x35,0x16,0xff,
    0x5d,0x35,0x16,0xff,0x5e,0x36,0x17,0xff,0x5c,0x36,0x17,0xff,0x5d,0x36,0x17,0xff,
    0x5c,0x35,0x16,0xff,0x5c,0x35,0x16,0xff,0x5c,0x35,0x15,0xff,0x5a,0x35,0x15,0xff,
    0x5a,0x35,0x16,0xff,0x5b,0x35,0x15,0xff,0x5a,0x35,0x15,0xff,0x5b,0x33,0x15,0xff,
    0x5b,0x32,0x15,0xff,0x58,0x32,0x12,0xff,0x55,0x32,0x12,0xff,0x57,0x30,0x11,0xff,
    0x57,0x2e,0x11,0xff,0x53,0x2d,0x10,0xff,0x51,0x2d,0x10,0xff,0x51,0x2c,0x10,0xff,
    0x50,0x2c,0x0e,0xff,0x4d,0x2c,0x0d,0xff,0x4e,0x2c,0x0d,0xff,0x50,0x2b,0x0e,0xff,
    0x50,0x2c,0x0e,0xff,0x52,0x2c,0x0e,0xff,0x51,0x2c,0x0e,0xff,0x4e,0x2c,0x0e,0xff,
    0x51,0x2d,0x0f,0xff,0x51,0x2d,0x0f,0xff,0x51,0x2d,0x0f,0xff,0x52,0x2d,0x0f,0xff,
    0x50,0x2d,0x0f,0xff,0x51,0x2d,0x10,0xff,0x52,0x2d,0x0f,0xff,0x52,0x2d,0x0f,0xff,
    0x51,0x2c,0x0f,0xff,0x4f,0x2d,0x0f,0xff,0x51,0x2d,0x0f,0xff,0x52,0x2c,0x0e,0xff,
    0x53,0x2c,0x0e,0xff,0x50,0x2c,0x0e,0xff,0x51,0x2b,0x0e,0xff,0x51,0x2b,0x0b,0xff,
    0x52,0x2b,0x0c,0xff,0x51,0x2a,0x0c,0xff,0x4b,0x25,0x08,0xff,0x53,0x30,0x12,0xff,
    0x79,0x56,0x38,0xff,0x79,0x56,0x38,0xff,0x4a,0x25,0x0c,0xff,0x73,0x52,0x3a,0xff,
    0x80,0x66,0x4c,0xff,0x3e,0x26,0x0f,0xff,0x37,0x1b,0x08,0xff,0x2d,0x13,0x03,0xff,
    0x63,0x5a,0x4f,0xff,0x6f,0x59,0x45,0xff,0x00,0x00,0x00,0x00,0x00,0x00,0x00,0x00,
    0x00,0x00,0x00,0x00,0x00,0x00,0x00,0x00,0x00,0x00,0x00,0x00,0x00,0x00,0x00,0x00,
    0x00,0x00,0x00,0x00,0x00,0x00,0x00,0x00,0x00,0x00,0x00,0x00,0x00,0x00,0x00,0x00,
    0x00,0x00,0x00,0x00,0x00,0x00,0x00,0x00,0x00,0x00,0x00,0x00,0x00,0x00,0x00,0x00,
    0x00,0x00,0x00,0x00,0x00,0x00,0x00,0x00,0x00,0x00,0x00,0x00,0x00,0x00,0x00,0x00,
    0x00,0x00,0x00,0x00,0x00,0x00,0x00,0x00,0x00,0x00,0x00,0x00,0x7b,0x63,0x4f,0xff,
    0x46,0x3d,0x32,0xff,0x31,0x19,0x06,0xff,0x3b,0x1c,0x0a,0xff,0x7d,0x5c,0x40,0xff,
    0x84,0x63,0x46,0xff,0x68,0x49,0x2e,0xff,0x77,0x53,0x35,0xff,0x9d,0x76,0x57,0xff,
    0x7f,0x5a,0x3a,0xff,0x4f,0x29,0x0b,0xff,0x5b,0x31,0x14,0xff,0x56,0x31,0x13,0xff,
    0x5a,0x31,0x14,0xff,0x5b,0x32,0x14,0xff,0x57,0x32,0x14,0xff,0x58,0x32,0x14,0xff,
    0x59,0x32,0x14,0xff,0x59,0x33,0x15,0xff,0x59,0x34,0x16,0xff,0x59,0x33,0x16,0xff,
    0x56,0x33,0x15,0xff,0x58,0x34,0x16,0xff,0x58,0x33,0x15,0xff,0x57,0x33,0x15,0xff,
    0x58,0x33,0x15,0xff,0x58,0x33,0x16,0xff,0x57,0x33,0x16,0xff,0x56,0x33,0x16,0xff,
    0x56,0x33,0x15,0xff,0x58,0x33,0x15,0xff,0x5b,0x34,0x17,0xff,0x59,0x35,0x16,0xff,
    0x5c,0x36,0x16,0xff,0x5d,0x37,0x17,0xff,0x5d,0x37,0x18,0xff,0x5d,0x38,0x17,0xff,
    0x5c,0x37,0x16,0xff,0x5a,0x36,0x17,0xff,0x59,0x35,0x16,0xff,0x53,0x32,0x15,0xff,
    0x4f,0x2f,0x15,0xff,0x4c,0x2d,0x14,0xff,0x4a,0x2a,0x12,0xff,0x3f,0x28,0x10,0xff,
    0x3b,0x25,0x0f,0xff,0x38,0x23,0x0f,0xff,0x39,0x21,0x0f,0xff,0x32,0x1f,0x0e,0xff,
    0x31,0x1e,0x0d,0xff,0x32,0x1d,0x0c,0xff,0x2b,0x1d,0x0d,0xff,0x2d,0x1b,0x0d,0xff,
    0x2c,0x1b,0x0c,0xff,0x2b,0x1c,0x0e,0xff,0x2f,0x1c,0x0e,0xff,0x32,0x1e,0x0f,0xff,
    0x35,0x20,0x10,0xff,0x38,0x21,0x0f,0xff,0x38,0x22,0x10,0xff,0x3b,0x24,0x11,0xff,
    0x41,0x27,0x12,0xff,0x45,0x2a,0x13,0xff,0x4b,0x2d,0x14,0xff,0x4c,0x2f,0x13,0xff,
    0x51,0x30,0x15,0xff,0x54,0x31,0x15,0xff,0x55,0x32,0x14,0xff,0x54,0x31,0x12,0xff,
    0x55,0x30,0x11,0xff,0x55,0x2f,0x11,0xff,0x52,0x2e,0x10,0xff,0x53,0x2c,0x0f,0xff,
    0x4f,0x2c,0x0d,0xff,0x4f,0x2c,0x0c,0xff,0x53,0x2b,0x0d,0xff,0x4e,0x2c,0x0e,0xff,
    0x52,0x2d,0x0f,0xff,0x53,0x2c,0x10,0xff,0x51,0x2d,0x10,0xff,0x51,0x2d,0x0f,0xff,
    0x51,0x2d,0x0f,0xff,0x52,0x2d,0x10,0xff,0x52,0x2d,0x10,0xff,0x50,0x2d,0x0f,0xff,
    0x51,0x2d,0x10,0xff,0x53,0x2c,0x10,0xff,0x51,0x2c,0x0f,0xff,0x52,0x2c,0x0e,0xff,
    0x53,0x2a,0x0e,0xff,0x4e,0x2b,0x0d,0xff,0x52,0x2b,0x0c,0xff,0x52,0x2c,0x0c,0xff,
    0x50,0x2b,0x0b,0xff,0x50,0x2a,0x0c,0xff,0x4c,0x27,0x09,0xff,0x51,0x2c,0x0e,0xff,
    0x7b,0x55,0x35,0xff,0x81,0x5d,0x3d,0xff,0x47,0x26,0x0b,0xff,0x69,0x49,0x30,0xff,
    0x86,0x69,0x4f,0xff,0x41,0x26,0x0f,0xff,0x38,0x1c,0x08,0xff,0x2b,0x14,0x04,0xff,
    0x65,0x5c,0x51,0xff,0x70,0x59,0x45,0xff,0x00,0x00,0x00,0x00,0x00,0x00,0x00,0x00,
    0x00,0x00,0x00,0x00,0x00,0x00,0x00,0x00,0x00,0x00,0x00,0x00,0x00,0x00,0x00,0x00,
    0x00,0x00,0x00,0x00,0x00,0x00,0x00,0x00,0x00,0x00,0x00,0x00,0x00,0x00,0x00,0x00,
    0x00,0x00,0x00,0x00,0x00,0x00,0x00,0x00,0x00,0x00,0x00,0x00,0x00,0x00,0x00,0x00,
    0x00,0x00,0x00,0x00,0x00,0x00,0x00,0x00,0x00,0x00,0x00,0x00,0x00,0x00,0x00,0x00,
    0x00,0x00,0x00,0x00,0x00,0x00,0x00,0x00,0x00,0x00,0x00,0x00,0x7c,0x65,0x51,0xff,
    0x4a,0x3e,0x33,0xff,0x32,0x1a,0x07,0xff,0x3d,0x1e,0x0a,0xff,0x80,0x5e,0x41,0xff,
    0x83,0x61,0x45,0xff,0x53,0x35,0x1b,0xff,0x80,0x5c,0x3d,0xff,0x9e,0x7a,0x5a,0xff,
    0x78,0x51,0x30,0xff,0x51,0x29,0x0c,0xff,0x5a,0x31,0x14,0xff,0x59,0x31,0x13,0xff,
    0x58,0x31,0x14,0xff,0x59,0x31,0x14,0xff,0x5a,0x31,0x14,0xff,0x57,0x32,0x14,0xff,
    0x58,0x32,0x14,0xff,0x5b,0x33,0x15,0xff,0x58,0x34,0x16,0xff,0x5a,0x33,0x16,0xff,
    0x59,0x34,0x16,0xff,0x57,0x35,0x17,0xff,0x5a,0x34,0x17,0xff,0x57,0x33,0x16,0xff,
    0x58,0x33,0x16,0xff,0x58,0x33,0x16,0xff,0x5b,0x35,0x17,0xff,0x5d,0x36,0x19,0xff,
    0x60,0x38,0x1a,0xff,0x5d,0x39,0x1b,0xff,0x5b,0x38,0x1b,0xff,0x54,0x35,0x1b,0xff,
    0x4b,0x32,0x19,0xff,0x45,0x2b,0x16,0xff,0x3a,0x24,0x12,0xff,0x2e,0x1e,0x0e,0xff,
    0x28,0x15,0x0c,0xff,0x1c,0x12,0x09,0xff,0x17,0x0d,0x06,0xff,0x13,0x08,0x04,0xff,
    0x0a,0x05,0x02,0xff,0x0a,0x03,0x02,0xff,0x07,0x01,0x01,0xff,0x01,0x01,0x00,0xff,
    0x01,0x00,0x00,0xff,0x00,0x00,0x00,0xff,0x00,0x00,0x00,0xff,0x00,0x00,0x00,0xff,
    0x00,0x00,0x00,0xff,0x00,0x00,0x00,0xff,0x00,0x00,0x00,0xff,0x00,0x00,0x00,0xff,
    0x00,0x00,0x00,0xff,0x00,0x00,0x00,0xff,0x00,0x00,0x00,0xff,0x00,0x00,0x00,0xff,
    0x00,0x00,0x00,0xff,0x00,0x00,0x00,0xff,0x00,0x00,0x00,0xff,0x00,0x00,0x00,0xff,
    0x01,0x01,0x01,0xff,0x03,0x02,0x01,0xff,0x09,0x03,0x02,0xff,0x0c,0x06,0x03,0xff,
    0x10,0x0a,0x04,0xff,0x19,0x0e,0x07,0xff,0x20,0x12,0x09,0xff,0x28,0x16,0x0b,0xff,
    0x2e,0x1b,0x0d,0xff,0x36,0x1f,0x0f,0xff,0x3d,0x24,0x11,0xff,0x42,0x29,0x11,0xff,
    0x4a,0x2c,0x11,0xff,0x4d,0x2e,0x11,0xff,0x54,0x2f,0x12,0xff,0x57,0x2f,0x11,0xff,
    0x55,0x31,0x10,0xff,0x54,0x2e,0x11,0xff,0x55,0x2c,0x12,0xff,0x51,0x2d,0x11,0xff,
    0x53,0x2c,0x12,0xff,0x51,0x2c,0x12,0xff,0x52,0x2c,0x13,0xff,0x50,0x2d,0x13,0xff,
    0x51,0x2c,0x12,0xff,0x4f,0x2c,0x10,0xff,0x51,0x2b,0x0e,0xff,0x4f,0x2c,0x0d,0xff,
    0x52,0x2c,0x0e,0xff,0x50,0x2b,0x0d,0xff,0x51,0x2c,0x0d,0xff,0x53,0x2b,0x0b,0xff,
    0x52,0x2a,0x0a,0xff,0x4f,0x2a,0x0c,0xff,0x4f,0x28,0x0a,0xff,0x4f,0x27,0x0a,0xff,
    0x78,0x53,0x35,0xff,0x89,0x62,0x44,0xff,0x4a,0x27,0x0c,0xff,0x5f,0x40,0x28,0xff,
    0x89,0x6a,0x53,0xff,0x41,0x24,0x0f,0xff,0x38,0x1c,0x08,0xff,0x28,0x14,0x04,0xff,
    0x6b,0x64,0x59,0xff,0x74,0x5e,0x4a,0xff,0x00,0x00,0x00,0x00,0x00,0x00,0x00,0x00,
    0x00,0x00,0x00,0x00,0x00,0x00,0x00,0x00,0x00,0x00,0x00,0x00,0x00,0x00,0x00,0x00,
    0x00,0x00,0x00,0x00,0x00,0x00,0x00,0x00,0x00,0x00,0x00,0x00,0x00,0x00,0x00,0x00,
    0x00,0x00,0x00,0x00,0x00,0x00,0x00,0x00,0x00,0x00,0x00,0x00,0x00,0x00,0x00,0x00,
    0x00,0x00,0x00,0x00,0x00,0x00,0x00,0x00,0x00,0x00,0x00,0x00,0x00,0x00,0x00,0x00,
    0x00,0x00,0x00,0x00,0x00,0x00,0x00,0x00,0x00,0x00,0x00,0x00,0x7c,0x66,0x51,0xff,
    0x4b,0x42,0x36,0xff,0x35,0x1b,0x08,0xff,0x3b,0x1f,0x09,0xff,0x7e,0x5f,0x42,0xff,
    0x80,0x61,0x44,0xff,0x4f,0x2d,0x16,0xff,0x88,0x63,0x44,0xff,0x9f,0x7c,0x5a,0xff,
    0x6b,0x47,0x25,0xff,0x54,0x2b,0x0e,0xff,0x5b,0x31,0x14,0xff,0x5b,0x31,0x14,0xff,
    0x5c,0x31,0x13,0xff,0x5a,0x32,0x13,0xff,0x59,0x33,0x14,0xff,0x58,0x33,0x15,0xff,
    0x57,0x33,0x16,0xff,0x5b,0x34,0x17,0xff,0x58,0x35,0x17,0xff,0x57,0x34,0x16,0xff,
    0x59,0x34,0x17,0xff,0x58,0x36,0x17,0xff,0x5a,0x38,0x19,0xff,0x5e,0x39,0x18,0xff,
    0x5f,0x37,0x17,0xff,0x59,0x36,0x15,0xff,0x4d,0x30,0x14,0xff,0x3f,0x29,0x12,0xff,
    0x34,0x1f,0x0f,0xff,0x22,0x17,0x0b,0xff,0x17,0x0e,0x08,0xff,0x0f,0x08,0x05,0xff,
    0x07,0x03,0x02,0xff,0x01,0x00,0x00,0xff,0x00,0x00,0x00,0xff,0x00,0x00,0x00,0xff,
    0x00,0x00,0x00,0xff,0x00,0x00,0x00,0xff,0x00,0x00,0x00,0xff,0x00,0x00,0x01,0xff,
    0x01,0x00,0x00,0xff,0x00,0x00,0x00,0xff,0x00,0x00,0x00,0xff,0x00,0x01,0x00,0xff,
    0x01,0x00,0x00,0xff,0x03,0x00,0x00,0xff,0x01,0x00,0x00,0xff,0x00,0x00,0x00,0xff,
    0x01,0x00,0x00,0xff,0x00,0x00,0x00,0xff,0x01,0x00,0x00,0xff,0x03,0x00,0x00,0xff,
    0x02,0x00,0x00,0xff,0x02,0x00,0x00,0xff,0x01,0x00,0x00,0xff,0x02,0x00,0x00,0xff,
    0x02,0x00,0x00,0xff,0x00,0x00,0x00,0xff,0x00,0x00,0x00,0xff,0x02,0x00,0x00,0xff,
    0x02,0x00,0x00,0xff,0x00,0x00,0x00,0xff,0x00,0x00,0x00,0xff,0x01,0x00,0x00,0xff,
    0x00,0x00,0x00,0xff,0x00,0x00,0x00,0xff,0x00,0x00,0x00,0xff,0x00,0x00,0x00,0xff,
    0x00,0x00,0x00,0xff,0x00,0x00,0x00,0xff,0x04,0x00,0x01,0xff,0x08,0x03,0x02,0xff,
    0x0c,0x07,0x04,0xff,0x18,0x0b,0x06,0xff,0x20,0x12,0x08,0xff,0x2e,0x1a,0x0b,0xff,
    0x3b,0x22,0x0e,0xff,0x42,0x29,0x12,0xff,0x4e,0x2d,0x15,0xff,0x52,0x30,0x16,0xff,
    0x51,0x30,0x14,0xff,0x53,0x2f,0x13,0xff,0x56,0x2d,0x12,0xff,0x50,0x2d,0x13,0xff,
    0x50,0x2d,0x13,0xff,0x50,0x2d,0x10,0xff,0x4e,0x2d,0x10,0xff,0x53,0x2c,0x0f,0xff,
    0x53,0x2b,0x0e,0xff,0x52,0x2b,0x0d,0xff,0x54,0x2b,0x0e,0xff,0x53,0x2b,0x0d,0xff,
    0x52,0x2a,0x0c,0xff,0x50,0x2a,0x0d,0xff,0x51,0x29,0x0c,0xff,0x4d,0x24,0x08,0xff,
    0x72,0x50,0x31,0xff,0x88,0x67,0x47,0xff,0x4d,0x28,0x0f,0xff,0x57,0x37,0x21,0xff,
    0x84,0x6a,0x52,0xff,0x3f,0x24,0x0d,0xff,0x3b,0x1b,0x09,0xff,0x2b,0x13,0x06,0xff,
    0x76,0x6c,0x63,0xff,0x7c,0x66,0x52,0xff,0x00,0x00,0x00,0x00,0x00,0x00,0x00,0x00,
    0x00,0x00,0x00,0x00,0x00,0x00,0x00,0x00,0x00,0x00,0x00,0x00,0x00,0x00,0x00,0x00,
    0x00,0x00,0x00,0x00,0x00,0x00,0x00,0x00,0x00,0x00,0x00,0x00,0x00,0x00,0x00,0x00,
    0x00,0x00,0x00,0x00,0x00,0x00,0x00,0x00,0x00,0x00,0x00,0x00,0x00,0x00,0x00,0x00,
    0x00,0x00,0x00,0x00,0x00,0x00,0x00,0x00,0x00,0x00,0x00,0x00,0x00,0x00,0x00,0x00,
    0x00,0x00,0x00,0x00,0x00,0x00,0x00,0x00,0x00,0x00,0x00,0x00,0x81,0x6a,0x55,0xff,
    0x4f,0x47,0x3a,0xff,0x36,0x1c,0x0a,0xff,0x3d,0x1d,0x0a,0xff,0x82,0x60,0x46,0xff,
    0x77,0x5a,0x3e,0xff,0x4a,0x29,0x12,0xff,0x8a,0x69,0x48,0xff,0xa1,0x7a,0x59,0xff,
    0x63,0x3d,0x1e,0xff,0x55,0x2d,0x10,0xff,0x59,0x32,0x15,0xff,0x57,0x32,0x14,0xff,
    0x5a,0x33,0x14,0xff,0x5b,0x34,0x13,0xff,0x59,0x34,0x16,0xff,0x5a,0x33,0x16,0xff,
    0x57,0x34,0x15,0xff,0x55,0x34,0x14,0xff,0x5b,0x35,0x16,0xff,0x5d,0x37,0x19,0xff,
    0x5d,0x3a,0x1b,0xff,0x5b,0x38,0x1a,0xff,0x4f,0x30,0x16,0xff,0x3b,0x24,0x0f,0xff,
    0x26,0x18,0x09,0xff,0x16,0x0d,0x05,0xff,0x0c,0x05,0x02,0xff,0x03,0x01,0x00,0xff,
    0x01,0x00,0x00,0xff,0x00,0x00,0x00,0xff,0x00,0x00,0x00,0xff,0x00,0x01,0x01,0xff,
    0x00,0x00,0x00,0xff,0x00,0x00,0x00,0xff,0x01,0x01,0x00,0xff,0x01,0x01,0x00,0xff,
    0x00,0x01,0x00,0xff,0x00,0x00,0x00,0xff,0x02,0x00,0x00,0xff,0x01,0x01,0x00,0xff,
    0x04,0x03,0x03,0xff,0x06,0x05,0x04,0xff,0x04,0x02,0x02,0xff,0x04,0x04,0x04,0xff,
    0x07,0x07,0x05,0xff,0x09,0x09,0x08,0xff,0x0f,0x0c,0x0b,0xff,0x0f,0x0f,0x0d,0xff,
    0x10,0x12,0x10,0xff,0x12,0x13,0x11,0xff,0x10,0x13,0x11,0xff,0x13,0x14,0x11,0xff,
    0x10,0x0e,0x0c,0xff,0x0c,0x0b,0x09,0xff,0x0d,0x0c,0x0a,0xff,0x0b,0x0a,0x09,0xff,
    0x0a,0x0a,0x09,0xff,0x09,0x08,0x08,0xff,0x08,0x07,0x06,0xff,0x05,0x07,0x05,0xff,
    0x06,0x05,0x04,0xff,0x05,0x03,0x03,0xff,0x05,0x02,0x02,0xff,0x02,0x02,0x01,0xff,
    0x01,0x02,0x01,0xff,0x01,0x02,0x00,0xff,0x05,0x05,0x03,0xff,0x09,0x09,0x09,0xff,
    0x07,0x08,0x07,0xff,0x02,0x03,0x02,0xff,0x00,0x00,0x00,0xff,0x00,0x00,0x00,0xff,
    0x00,0x00,0x00,0xff,0x00,0x00,0x00,0xff,0x00,0x00,0x00,0xff,0x00,0x00,0x00,0xff,
    0x03,0x01,0x00,0xff,0x09,0x04,0x03,0xff,0x14,0x09,0x06,0xff,0x22,0x12,0x09,0xff,
    0x30,0x1c,0x0c,0xff,0x3d,0x25,0x10,0xff,0x4b,0x2c,0x13,0xff,0x51,0x30,0x15,0xff,
    0x54,0x30,0x14,0xff,0x56,0x2e,0x11,0xff,0x51,0x2d,0x11,0xff,0x51,0x2c,0x0f,0xff,
    0x51,0x2c,0x0e,0xff,0x4d,0x2c,0x0e,0xff,0x50,0x2c,0x0d,0xff,0x53,0x2b,0x0d,0xff,
    0x52,0x2a,0x0d,0xff,0x53,0x2a,0x0e,0xff,0x50,0x2b,0x0d,0xff,0x4b,0x23,0x07,0xff,
    0x70,0x4b,0x2c,0xff,0x8d,0x69,0x48,0xff,0x4c,0x2c,0x13,0xff,0x51,0x2f,0x1a,0xff,
    0x7f,0x66,0x4c,0xff,0x3e,0x23,0x0c,0xff,0x37,0x1c,0x09,0xff,0x24,0x14,0x06,0xff,
    0x80,0x79,0x70,0xff,0x7f,0x67,0x52,0xff,0x00,0x00,0x00,0x00,0x00,0x00,0x00,0x00,
    0x00,0x00,0x00,0x00,0x00,0x00,0x00,0x00,0x00,0x00,0x00,0x00,0x00,0x00,0x00,0x00,
    0x00,0x00,0x00,0x00,0x00,0x00,0x00,0x00,0x00,0x00,0x00,0x00,0x00,0x00,0x00,0x00,
    0x00,0x00,0x00,0x00,0x00,0x00,0x00,0x00,0x00,0x00,0x00,0x00,0x00,0x00,0x00,0x00,
    0x00,0x00,0x00,0x00,0x00,0x00,0x00,0x00,0x00,0x00,0x00,0x00,0x00,0x00,0x00,0x00,
    0x00,0x00,0x00,0x00,0x00,0x00,0x00,0x00,0x00,0x00,0x00,0x00,0x7f,0x67,0x52,0xff,
    0x54,0x4b,0x3f,0xff,0x39,0x21,0x0f,0xff,0x3b,0x1d,0x09,0xff,0x81,0x61,0x47,0xff,
    0x6f,0x4f,0x35,0xff,0x49,0x29,0x10,0xff,0x8e,0x6b,0x4c,0xff,0x9a,0x76,0x56,0xff,
    0x5c,0x35,0x19,0xff,0x57,0x2f,0x12,0xff,0x5c,0x32,0x15,0xff,0x5a,0x33,0x15,0xff,
    0x5b,0x34,0x14,0xff,0x5b,0x34,0x16,0xff,0x59,0x34,0x16,0xff,0x5c,0x33,0x15,0xff,
    0x5d,0x37,0x16,0xff,0x5c,0x3a,0x18,0xff,0x54,0x35,0x18,0xff,0x43,0x2a,0x15,0xff,
    0x2c,0x1a,0x0e,0xff,0x14,0x0d,0x07,0xff,0x0b,0x04,0x02,0xff,0x00,0x00,0x00,0xff,
    0x00,0x00,0x00,0xff,0x00,0x00,0x00,0xff,0x00,0x00,0x00,0xff,0x00,0x00,0x00,0xff,
    0x01,0x00,0x00,0xff,0x01,0x00,0x00,0xff,0x01,0x01,0x00,0xff,0x01,0x01,0x00,0xff,
    0x00,0x00,0x00,0xff,0x00,0x00,0x00,0xff,0x01,0x01,0x02,0xff,0x06,0x04,0x04,0xff,
    0x07,0x07,0x06,0xff,0x09,0x0b,0x09,0xff,0x0c,0x0e,0x0c,0xff,0x12,0x11,0x10,0xff,
    0x17,0x19,0x17,0xff,0x16,0x18,0x16,0xff,0x14,0x14,0x12,0xff,0x1c,0x1d,0x1b,0xff,
    0x1f,0x1f,0x1c,0xff,0x1e,0x1e,0x1b,0xff,0x1d,0x1e,0x1a,0xff,0x1b,0x1c,0x19,0xff,
    0x1b,0x1c,0x19,0xff,0x1b,0x1a,0x16,0xff,0x15,0x18,0x15,0xff,0x16,0x17,0x15,0xff,
    0x11,0x13,0x10,0xff,0x10,0x11,0x0e,0xff,0x14,0x11,0x0f,0xff,0x13,0x12,0x11,0xff,
    0x12,0x12,0x11,0xff,0x12,0x15,0x13,0xff,0x16,0x16,0x14,0xff,0x16,0x16,0x14,0xff,
    0x14,0x16,0x14,0xff,0x14,0x15,0x13,0xff,0x14,0x14,0x12,0xff,0x13,0x13,0x11,0xff,
    0x11,0x11,0x0f,0xff,0x0b,0x0c,0x0a,0xff,0x05,0x06,0x05,0xff,0x0e,0x10,0x0f,0xff,
    0x18,0x17,0x15,0xff,0x19,0x1b,0x18,0xff,0x14,0x14,0x13,0xff,0x0a,0x09,0x09,0xff,
    0x09,0x08,0x08,0xff,0x05,0x04,0x03,0xff,0x02,0x01,0x00,0xff,0x00,0x00,0x00,0xff,
    0x00,0x00,0x00,0xff,0x00,0x00,0x00,0xff,0x00,0x00,0x00,0xff,0x00,0x00,0x00,0xff,
    0x01,0x00,0x01,0xff,0x05,0x02,0x01,0xff,0x0d,0x09,0x04,0xff,0x21,0x13,0x09,0xff,
    0x33,0x1f,0x0e,0xff,0x41,0x2a,0x11,0xff,0x52,0x2f,0x13,0xff,0x53,0x2f,0x12,0xff,
    0x54,0x2c,0x0e,0xff,0x50,0x2c,0x0e,0xff,0x52,0x2b,0x0f,0xff,0x53,0x2a,0x0e,0xff,
    0x51,0x2b,0x0d,0xff,0x54,0x2a,0x0d,0xff,0x52,0x2b,0x0d,0xff,0x4a,0x23,0x07,0xff,
    0x6a,0x47,0x2a,0xff,0x90,0x6a,0x4a,0xff,0x52,0x2f,0x16,0xff,0x4a,0x2b,0x13,0xff,
    0x76,0x5c,0x44,0xff,0x3e,0x22,0x0d,0xff,0x3b,0x1d,0x0a,0xff,0x26,0x14,0x06,0xff,
    0x8d,0x86,0x7d,0xff,0x77,0x5b,0x43,0xff,0x00,0x00,0x00,0x00,0x00,0x00,0x00,0x00,
    0x00,0x00,0x00,0x00,0x00,0x00,0x00,0x00,0x00,0x00,0x00,0x00,0x00,0x00,0x00,0x00,
    0x00,0x00,0x00,0x00,0x00,0x00,0x00,0x00,0x00,0x00,0x00,0x00,0x00,0x00,0x00,0x00,
    0x00,0x00,0x00,0x00,0x00,0x00,0x00,0x00,0x00,0x00,0x00,0x00,0x00,0x00,0x00,0x00,
    0x00,0x00,0x00,0x00,0x00,0x00,0x00,0x00,0x00,0x00,0x00,0x00,0x00,0x00,0x00,0x00,
    0x00,0x00,0x00,0x00,0x00,0x00,0x00,0x00,0x00,0x00,0x00,0x00,0x62,0x43,0x29,0xff,
    0x54,0x4b,0x40,0xff,0x42,0x28,0x15,0xff,0x3d,0x20,0x09,0xff,0x7a,0x5c,0x42,0xff,
    0x65,0x41,0x29,0xff,0x4e,0x2c,0x11,0xff,0x92,0x6e,0x4f,0xff,0x97,0x74,0x53,0xff,
    0x55,0x31,0x14,0xff,0x58,0x30,0x13,0xff,0x5e,0x32,0x15,0xff,0x5a,0x34,0x15,0xff,
    0x5f,0x34,0x15,0xff,0x5e,0x33,0x15,0xff,0x5e,0x39,0x16,0xff,0x61,0x3a,0x19,0xff,
    0x4e,0x2e,0x17,0xff,0x2e,0x1c,0x0e,0xff,0x17,0x0a,0x05,0xff,0x03,0x00,0x00,0xff,
    0x00,0x00,0x00,0xff,0x00,0x00,0x00,0xff,0x00,0x00,0x00,0xff,0x02,0x00,0x00,0xff,
    0x07,0x05,0x03,0xff,0x0b,0x0b,0x09,0xff,0x0e,0x0f,0x0e,0xff,0x12,0x14,0x12,0xff,
    0x18,0x1a,0x17,0xff,0x1f,0x1c,0x19,0xff,0x1d,0x1d,0x1b,0xff,0x1d,0x1d,0x1c,0xff,
    0x1a,0x1d,0x1b,0xff,0x21,0x20,0x1f,0xff,0x1f,0x1f,0x1e,0xff,0x21,0x21,0x21,0xff,
    0x22,0x21,0x20,0xff,0x1e,0x1f,0x1d,0xff,0x1a,0x1f,0x1c,0xff,0x1b,0x1b,0x1a,0xff,
    0x1a,0x15,0x14,0xff,0x12,0x11,0x10,0xff,0x10,0x12,0x0f,0xff,0x11,0x0f,0x0d,0xff,
    0x08,0x08,0x07,0xff,0x01,0x01,0x00,0xff,0x00,0x01,0x00,0xff,0x00,0x00,0x00,0xff,
    0x00,0x00,0x00,0xff,0x01,0x00,0x00,0xff,0x00,0x00,0x00,0xff,0x00,0x00,0x00,0xff,
    0x00,0x00,0x00,0xff,0x00,0x00,0x00,0xff,0x00,0x00,0x00,0xff,0x01,0x00,0x00,0xff,
    0x00,0x00,0x00,0xff,0x00,0x01,0x00,0xff,0x00,0x02,0x00,0xff,0x03,0x01,0x00,0xff,
    0x03,0x01,0x00,0xff,0x01,0x02,0x01,0xff,0x04,0x03,0x03,0xff,0x07,0x05,0x05,0xff,
    0x08,0x08,0x08,0xff,0x0d,0x0c,0x0c,0xff,0x05,0x06,0x05,0xff,0x02,0x04,0x02,0xff,
    0x09,0x05,0x05,0xff,0x0a,0x09,0x08,0xff,0x0f,0x0e,0x0c,0xff,0x15,0x17,0x15,0xff,
    0x21,0x1e,0x1c,0xff,0x1f,0x1f,0x1b,0xff,0x1c,0x1d,0x19,0xff,0x1d,0x1a,0x17,0xff,
    0x17,0x16,0x13,0xff,0x10,0x0f,0x0e,0xff,0x07,0x07,0x06,0xff,0x03,0x02,0x00,0xff,
    0x00,0x00,0x00,0xff,0x00,0x00,0x00,0xff,0x01,0x00,0x00,0xff,0x00,0x00,0x00,0xff,
    0x00,0x00,0x00,0xff,0x07,0x05,0x02,0xff,0x1a,0x10,0x09,0xff,0x35,0x21,0x11,0xff,
    0x4c,0x2e,0x13,0xff,0x55,0x30,0x11,0xff,0x56,0x2c,0x0c,0xff,0x53,0x2b,0x0d,0xff,
    0x50,0x2c,0x0c,0xff,0x52,0x2b,0x0d,0xff,0x54,0x2b,0x0e,0xff,0x4b,0x23,0x07,0xff,
    0x67,0x44,0x28,0xff,0x8d,0x6b,0x4d,0xff,0x57,0x32,0x18,0xff,0x4a,0x27,0x11,0xff,
    0x6a,0x51,0x39,0xff,0x41,0x23,0x0e,0xff,0x3c,0x1d,0x0a,0xff,0x27,0x12,0x05,0xff,
    0x99,0x8d,0x85,0xff,0x6f,0x4e,0x34,0xff,0x00,0x00,0x00,0x00,0x00,0x00,0x00,0x00,
    0x00,0x00,0x00,0x00,0x00,0x00,0x00,0x00,0x00,0x00,0x00,0x00,0x00,0x00,0x00,0x00,
    0x00,0x00,0x00,0x00,0x00,0x00,0x00,0x00,0x00,0x00,0x00,0x00,0x00,0x00,0x00,0x00,
    0x00,0x00,0x00,0x00,0x00,0x00,0x00,0x00,0x00,0x00,0x00,0x00,0x00,0x00,0x00,0x00,
    0x00,0x00,0x00,0x00,0x00,0x00,0x00,0x00,0x00,0x00,0x00,0x00,0x00,0x00,0x00,0x00,
    0x00,0x00,0x00,0x00,0x00,0x00,0x00,0x00,0x00,0x00,0x00,0x00,0x00,0x00,0x00,0x00,
    0x58,0x51,0x46,0xff,0x43,0x2c,0x19,0xff,0x43,0x20,0x0c,0xff,0x72,0x54,0x3a,0xff,
    0x4f,0x33,0x1b,0xff,0x54,0x30,0x17,0xff,0x95,0x71,0x53,0xff,0x94,0x70,0x51,0xff,
    0x55,0x2e,0x11,0xff,0x58,0x32,0x15,0xff,0x5c,0x33,0x16,0xff,0x58,0x34,0x14,0xff,
    0x5d,0x38,0x15,0xff,0x62,0x39,0x19,0xff,0x49,0x2d,0x15,0xff,0x22,0x15,0x0b,0xff,
    0x05,0x03,0x01,0xff,0x00,0x00,0x00,0xff,0x00,0x00,0x00,0xff,0x00,0x03,0x02,0xff,
    0x03,0x06,0x04,0xff,0x08,0x07,0x05,0xff,0x0d,0x0e,0x0c,0xff,0x14,0x16,0x12,0xff,
    0x1e,0x1d,0x19,0xff,0x1a,0x1b,0x17,0xff,0x14,0x16,0x13,0xff,0x13,0x13,0x11,0xff,
    0x0e,0x0f,0x0d,0xff,0x0a,0x0a,0x09,0xff,0x07,0x08,0x07,0xff,0x0d,0x0a,0x09,0xff,
    0x11,0x12,0x10,0xff,0x13,0x12,0x12,0xff,0x0f,0x0d,0x0d,0xff,0x08,0x09,0x09,0xff,
    0x07,0x06,0x06,0xff,0x04,0x04,0x04,0xff,0x04,0x03,0x03,0xff,0x04,0x03,0x04,0xff,
    0x03,0x04,0x03,0xff,0x05,0x05,0x04,0xff,0x01,0x03,0x02,0xff,0x00,0x01,0x01,0xff,
    0x00,0x01,0x00,0xff,0x00,0x01,0x00,0xff,0x02,0x01,0x00,0xff,0x04,0x02,0x01,0xff,
    0x03,0x05,0x03,0xff,0x04,0x05,0x03,0xff,0x06,0x05,0x04,0xff,0x07,0x05,0x04,0xff,
    0x05,0x06,0x04,0xff,0x08,0x05,0x04,0xff,0x05,0x06,0x04,0xff,0x06,0x07,0x04,0xff,
    0x05,0x06,0x05,0xff,0x05,0x05,0x04,0xff,0x06,0x04,0x03,0xff,0x01,0x04,0x02,0xff,
    0x02,0x02,0x02,0xff,0x00,0x00,0x01,0xff,0x00,0x01,0x01,0xff,0x00,0x00,0x00,0xff,
    0x00,0x00,0x00,0xff,0x00,0x00,0x00,0xff,0x04,0x01,0x02,0xff,0x07,0x09,0x08,0xff,
    0x06,0x07,0x06,0xff,0x06,0x07,0x06,0xff,0x09,0x06,0x06,0xff,0x05,0x07,0x05,0xff,
    0x08,0x06,0x04,0xff,0x0c,0x08,0x08,0xff,0x0c,0x0d,0x0c,0xff,0x12,0x11,0x10,0xff,
    0x14,0x14,0x11,0xff,0x1c,0x18,0x16,0xff,0x1e,0x1e,0x1b,0xff,0x1f,0x1e,0x1a,0xff,
    0x1a,0x17,0x14,0xff,0x0d,0x0f,0x0c,0xff,0x07,0x06,0x04,0xff,0x02,0x01,0x01,0xff,
    0x00,0x00,0x00,0xff,0x00,0x00,0x00,0xff,0x02,0x00,0x00,0xff,0x02,0x01,0x00,0xff,
    0x13,0x09,0x05,0xff,0x30,0x1e,0x0e,0xff,0x4b,0x2f,0x12,0xff,0x5b,0x2f,0x10,0xff,
    0x57,0x2b,0x0c,0xff,0x53,0x2b,0x0e,0xff,0x54,0x2b,0x0e,0xff,0x49,0x23,0x06,0xff,
    0x66,0x41,0x25,0xff,0x90,0x6b,0x4d,0xff,0x53,0x35,0x1a,0xff,0x48,0x26,0x11,0xff,
    0x5f,0x44,0x2a,0xff,0x42,0x26,0x10,0xff,0x3c,0x1f,0x0b,0xff,0x25,0x13,0x06,0xff,
    0x9a,0x90,0x87,0xff,0x69,0x45,0x29,0xff,0x00,0x00,0x00,0x00,0x00,0x00,0x00,0x00,
    0x00,0x00,0x00,0x00,0x00,0x00,0x00,0x00,0x00,0x00,0x00,0x00,0x00,0x00,0x00,0x00,
    0x00,0x00,0x00,0x00,0x00,0x00,0x00,0x00,0x00,0x00,0x00,0x00,0x00,0x00,0x00,0x00,
    0x00,0x00,0x00,0x00,0x00,0x00,0x00,0x00,0x00,0x00,0x00,0x00,0x00,0x00,0x00,0x00,
    0x00,0x00,0x00,0x00,0x00,0x00,0x00,0x00,0x00,0x00,0x00,0x00,0x00,0x00,0x00,0x00,
    0x00,0x00,0x00,0x00,0x00,0x00,0x00,0x00,0x00,0x00,0x00,0x00,0x00,0x00,0x00,0x00,
    0x5e,0x56,0x4c,0xff,0x46,0x2e,0x1b,0xff,0x44,0x23,0x0d,0xff,0x68,0x47,0x2d,0xff,
    0x49,0x28,0x11,0xff,0x5a,0x37,0x1a,0xff,0x96,0x75,0x53,0xff,0x8d,0x6e,0x4e,0xff,
    0x53,0x2d,0x10,0xff,0x5c,0x34,0x17,0xff,0x5b,0x34,0x14,0xff,0x63,0x38,0x18,0xff,
    0x51,0x31,0x19,0xff,0x21,0x16,0x0a,0xff,0x03,0x01,0x01,0xff,0x00,0x00,0x00,0xff,
    0x02,0x00,0x01,0xff,0x01,0x01,0x01,0xff,0x02,0x00,0x00,0xff,0x0b,0x0a,0x09,0xff,
    0x1c,0x1b,0x17,0xff,0x19,0x17,0x14,0xff,0x14,0x13,0x11,0xff,0x0c,0x0b,0x09,0xff,
    0x04,0x04,0x02,0xff,0x00,0x00,0x00,0xff,0x00,0x00,0x00,0xff,0x00,0x01,0x00,0xff,
    0x04,0x03,0x02,0xff,0x09,0x0a,0x09,0xff,0x0e,0x10,0x0e,0xff,0x10,0x11,0x10,0xff,
    0x06,0x06,0x05,0xff,0x00,0x00,0x00,0xff,0x00,0x00,0x00,0xff,0x00,0x00,0x00,0xff,
    0x00,0x00,0x00,0xff,0x01,0x01,0x00,0xff,0x02,0x03,0x01,0xff,0x05,0x03,0x02,0xff,
    0x04,0x05,0x02,0xff,0x04,0x06,0x03,0xff,0x07,0x05,0x04,0xff,0x07,0x07,0x04,0xff,
    0x08,0x08,0x05,0xff,0x08,0x08,0x05,0xff,0x05,0x09,0x06,0xff,0x0c,0x0c,0x09,0xff,
    0x13,0x14,0x0f,0xff,0x13,0x14,0x10,0xff,0x13,0x15,0x10,0xff,0x12,0x15,0x10,0xff,
    0x13,0x14,0x10,0xff,0x12,0x14,0x10,0xff,0x13,0x15,0x10,0xff,0x13,0x15,0x0f,0xff,
    0x12,0x13,0x0f,0xff,0x0f,0x14,0x0f,0xff,0x12,0x11,0x0d,0xff,0x11,0x11,0x0d,0xff,
    0x0b,0x0d,0x09,0xff,0x0a,0x0b,0x08,0xff,0x09,0x09,0x06,0xff,0x07,0x08,0x06,0xff,
    0x07,0x06,0x04,0xff,0x03,0x06,0x04,0xff,0x02,0x04,0x03,0xff,0x05,0x04,0x04,0xff,
    0x02,0x02,0x02,0xff,0x00,0x00,0x00,0xff,0x00,0x00,0x00,0xff,0x00,0x00,0x00,0xff,
    0x00,0x00,0x00,0xff,0x00,0x00,0x00,0xff,0x00,0x00,0x00,0xff,0x00,0x00,0x00,0xff,
    0x03,0x03,0x03,0xff,0x05,0x06,0x05,0xff,0x04,0x02,0x02,0xff,0x0a,0x08,0x07,0xff,
    0x12,0x10,0x0e,0xff,0x18,0x17,0x13,0xff,0x1a,0x1a,0x16,0xff,0x18,0x17,0x13,0xff,
    0x12,0x10,0x0d,0xff,0x04,0x08,0x05,0xff,0x03,0x00,0x00,0xff,0x00,0x00,0x00,0xff,
    0x00,0x00,0x00,0xff,0x00,0x00,0x00,0xff,0x12,0x09,0x06,0xff,0x3a,0x21,0x10,0xff,
    0x54,0x30,0x12,0xff,0x53,0x2c,0x0d,0xff,0x52,0x2c,0x0e,0xff,0x4a,0x23,0x06,0xff,
    0x60,0x3d,0x23,0xff,0x90,0x6b,0x4e,0xff,0x5a,0x38,0x1e,0xff,0x4a,0x2a,0x14,0xff,
    0x4f,0x34,0x1a,0xff,0x45,0x2a,0x11,0xff,0x3a,0x21,0x0b,0xff,0x2b,0x18,0x0d,0xff,
    0x89,0x78,0x6c,0xff,0x60,0x39,0x1b,0xff,0x00,0x00,0x00,0x00,0x00,0x00,0x00,0x00,
    0x00,0x00,0x00,0x00,0x00,0x00,0x00,0x00,0x00,0x00,0x00,0x00,0x00,0x00,0x00,0x00,
    0x00,0x00,0x00,0x00,0x00,0x00,0x00,0x00,0x00,0x00,0x00,0x00,0x00,0x00,0x00,0x00,
    0x00,0x00,0x00,0x00,0x00,0x00,0x00,0x00,0x00,0x00,0x00,0x00,0x00,0x00,0x00,0x00,
    0x00,0x00,0x00,0x00,0x00,0x00,0x00,0x00,0x00,0x00,0x00,0x00,0x00,0x00,0x00,0x00,
    0x00,0x00,0x00,0x00,0x00,0x00,0x00,0x00,0x00,0x00,0x00,0x00,0x00,0x00,0x00,0x00,
    0x64,0x5f,0x55,0xff,0x4e,0x35,0x23,0xff,0x47,0x27,0x10,0xff,0x50,0x34,0x1a,0xff,
    0x44,0x23,0x0c,0xff,0x5f,0x3b,0x1e,0xff,0x98,0x77,0x55,0xff,0x8a,0x6d,0x4c,0xff,
    0x53,0x2d,0x10,0xff,0x5b,0x35,0x15,0xff,0x5e,0x3a,0x19,0xff,0x46,0x28,0x15,0xff,
    0x0c,0x06,0x03,0xff,0x00,0x00,0x00,0xff,0x00,0x00,0x00,0xff,0x00,0x01,0x00,0xff,
    0x02,0x01,0x01,0xff,0x05,0x05,0x03,0xff,0x09,0x0a,0x08,0xff,0x0c,0x0b,0x09,0xff,
    0x06,0x05,0x04,0xff,0x01,0x01,0x00,0xff,0x00,0x00,0x00,0xff,0x00,0x00,0x00,0xff,
    0x00,0x00,0x00,0xff,0x00,0x00,0x00,0xff,0x00,0x00,0x00,0xff,0x07,0x08,0x07,0xff,
    0x0f,0x0d,0x0c,0xff,0x0a,0x0d,0x0a,0xff,0x09,0x09,0x08,0xff,0x06,0x07,0x05,0xff,
    0x09,0x0b,0x08,0xff,0x11,0x12,0x0e,0xff,0x15,0x16,0x11,0xff,0x18,0x1b,0x15,0xff,
    0x1e,0x1d,0x17,0xff,0x20,0x20,0x1a,0xff,0x23,0x22,0x1b,0xff,0x25,0x24,0x1c,0xff,
    0x26,0x26,0x1e,0xff,0x25,0x27,0x1e,0xff,0x27,0x28,0x20,0xff,0x28,0x29,0x20,0xff,
    0x28,0x29,0x1f,0xff,0x27,0x28,0x1f,0xff,0x23,0x27,0x1e,0xff,0x27,0x26,0x1e,0xff,
    0x25,0x26,0x1d,0xff,0x23,0x27,0x1d,0xff,0x26,0x26,0x1d,0xff,0x25,0x26,0x1d,0xff,
    0x25,0x27,0x1d,0xff,0x26,0x27,0x1d,0xff,0x23,0x28,0x1d,0xff,0x26,0x28,0x1d,0xff,
    0x28,0x28,0x1e,0xff,0x27,0x28,0x1e,0xff,0x28,0x28,0x1e,0xff,0x27,0x28,0x1e,0xff,
    0x26,0x27,0x1d,0xff,0x25,0x27,0x1e,0xff,0x25,0x25,0x1c,0xff,0x23,0x24,0x1c,0xff,
    0x23,0x24,0x1b,0xff,0x21,0x24,0x1a,0xff,0x22,0x23,0x1a,0xff,0x23,0x21,0x19,0xff,
    0x1d,0x1f,0x16,0xff,0x1d,0x1d,0x15,0xff,0x18,0x19,0x13,0xff,0x12,0x14,0x0e,0xff,
    0x0e,0x0f,0x0b,0xff,0x09,0x0a,0x08,0xff,0x04,0x05,0x04,0xff,0x02,0x01,0x00,0xff,
    0x05,0x06,0x05,0xff,0x0e,0x0f,0x0d,0xff,0x0c,0x0c,0x0a,0xff,0x00,0x01,0x00,0xff,
    0x00,0x00,0x00,0xff,0x00,0x00,0x00,0xff,0x01,0x01,0x00,0xff,0x06,0x06,0x04,0xff,
    0x12,0x0f,0x0d,0xff,0x15,0x16,0x11,0xff,0x19,0x16,0x11,0xff,0x10,0x0e,0x0a,0xff,
    0x06,0x05,0x04,0xff,0x02,0x00,0x01,0xff,0x00,0x00,0x00,0xff,0x00,0x00,0x00,0xff,
    0x1e,0x12,0x08,0xff,0x4b,0x2b,0x12,0xff,0x56,0x2e,0x10,0xff,0x49,0x22,0x07,0xff,
    0x5f,0x39,0x21,0xff,0x8f,0x6b,0x4d,0xff,0x5c,0x3b,0x21,0xff,0x4b,0x2c,0x15,0xff,
    0x43,0x26,0x0e,0xff,0x47,0x2c,0x14,0xff,0x3c,0x20,0x0c,0xff,0x2a,0x1a,0x10,0xff,
    0x85,0x74,0x69,0xff,0x5f,0x37,0x19,0xff,0x00,0x00,0x00,0x00,0x00,0x00,0x00,0x00,
    0x00,0x00,0x00,0x00,0x00,0x00,0x00,0x00,0x00,0x00,0x00,0x00,0x00,0x00,0x00,0x00,
    0x00,0x00,0x00,0x00,0x00,0x00,0x00,0x00,0x00,0x00,0x00,0x00,0x00,0x00,0x00,0x00,
    0x00,0x00,0x00,0x00,0x00,0x00,0x00,0x00,0x00,0x00,0x00,0x00,0x00,0x00,0x00,0x00,
    0x00,0x00,0x00,0x00,0x00,0x00,0x00,0x00,0x00,0x00,0x00,0x00,0x00,0x00,0x00,0x00,
    0x00,0x00,0x00,0x00,0x00,0x00,0x00,0x00,0x00,0x00,0x00,0x00,0x00,0x00,0x00,0x00,
    0x68,0x68,0x60,0xff,0x52,0x3d,0x2b,0xff,0x4b,0x29,0x14,0xff,0x45,0x26,0x10,0xff,
    0x41,0x22,0x0b,0xff,0x63,0x3d,0x21,0xff,0x9c,0x78,0x58,0xff,0x89,0x69,0x4c,0xff,
    0x51,0x2b,0x10,0xff,0x61,0x39,0x19,0xff,0x3b,0x27,0x15,0xff,0x07,0x02,0x01,0xff,
    0x00,0x00,0x01,0xff,0x05,0x04,0x02,0xff,0x08,0x05,0x05,0xff,0x08,0x08,0x06,0xff,
    0x09,0x0b,0x08,0xff,0x08,0x0a,0x07,0xff,0x04,0x04,0x04,0xff,0x00,0x00,0x00,0xff,
    0x00,0x00,0x00,0xff,0x00,0x00,0x00,0xff,0x05,0x02,0x01,0xff,0x03,0x04,0x03,0xff,
    0x07,0x07,0x05,0xff,0x11,0x0b,0x0a,0xff,0x14,0x13,0x0f,0xff,0x19,0x19,0x15,0xff,
    0x20,0x1d,0x18,0xff,0x23,0x23,0x1c,0xff,0x29,0x29,0x21,0xff,0x2e,0x2d,0x24,0xff,
    0x2f,0x2f,0x25,0xff,0x32,0x2f,0x25,0xff,0x33,0x2f,0x26,0xff,0x30,0x2f,0x26,0xff,
    0x2d,0x2e,0x25,0xff,0x2b,0x2c,0x23,0xff,0x2b,0x2c,0x22,0xff,0x2a,0x2c,0x21,0xff,
    0x2b,0x2a,0x20,0xff,0x2c,0x2a,0x20,0xff,0x2b,0x29,0x20,0xff,0x29,0x2b,0x20,0xff,
    0x2c,0x2a,0x1f,0xff,0x2d,0x29,0x20,0xff,0x2b,0x29,0x1f,0xff,0x2a,0x29,0x1f,0xff,
    0x2a,0x28,0x1e,0xff,0x28,0x28,0x1e,0xff,0x28,0x27,0x1e,0xff,0x27,0x28,0x1e,0xff,
    0x28,0x29,0x1e,0xff,0x2c,0x28,0x1f,0xff,0x28,0x2a,0x1e,0xff,0x28,0x2a,0x1e,0xff,
    0x2a,0x2a,0x1f,0xff,0x2b,0x2a,0x1f,0xff,0x28,0x2a,0x1e,0xff,0x28,0x29,0x1d,0xff,
    0x28,0x28,0x1d,0xff,0x2a,0x26,0x1c,0xff,0x26,0x27,0x1c,0xff,0x27,0x27,0x1b,0xff,
    0x29,0x26,0x1b,0xff,0x28,0x27,0x1b,0xff,0x28,0x28,0x1c,0xff,0x2a,0x28,0x1c,0xff,
    0x28,0x28,0x1c,0xff,0x2a,0x29,0x1d,0xff,0x29,0x28,0x1d,0xff,0x28,0x27,0x1d,0xff,
    0x29,0x26,0x1d,0xff,0x27,0x24,0x1c,0xff,0x23,0x22,0x1a,0xff,0x1f,0x1d,0x17,0xff,
    0x17,0x17,0x12,0xff,0x0e,0x10,0x0b,0xff,0x09,0x0b,0x08,0xff,0x05,0x06,0x04,0xff,
    0x04,0x02,0x01,0xff,0x01,0x00,0x00,0xff,0x00,0x00,0x00,0xff,0x02,0x00,0x00,0xff,
    0x01,0x00,0x00,0xff,0x02,0x01,0x00,0xff,0x0b,0x08,0x06,0xff,0x12,0x0e,0x0b,0xff,
    0x16,0x15,0x11,0xff,0x12,0x11,0x0e,0xff,0x03,0x02,0x02,0xff,0x03,0x00,0x00,0xff,
    0x03,0x00,0x00,0xff,0x12,0x09,0x05,0xff,0x4c,0x2b,0x13,0xff,0x4b,0x24,0x08,0xff,
    0x5a,0x37,0x1e,0xff,0x8b,0x6b,0x4c,0xff,0x5f,0x3e,0x23,0xff,0x4c,0x2d,0x15,0xff,
    0x40,0x1f,0x0c,0xff,0x47,0x2b,0x14,0xff,0x3e,0x20,0x0c,0xff,0x2e,0x1b,0x11,0xff,
    0x86,0x76,0x6b,0xff,0x5e,0x37,0x19,0xff,0x00,0x00,0x00,0x00,0x00,0x00,0x00,0x00,
    0x00,0x00,0x00,0x00,0x00,0x00,0x00,0x00,0x00,0x00,0x00,0x00,0x00,0x00,0x00,0x00,
    0x00,0x00,0x00,0x00,0x00,0x00,0x00,0x00,0x00,0x00,0x00,0x00,0x00,0x00,0x00,0x00,
    0x00,0x00,0x00,0x00,0x00,0x00,0x00,0x00,0x00,0x00,0x00,0x00,0x00,0x00,0x00,0x00,
    0x00,0x00,0x00,0x00,0x00,0x00,0x00,0x00,0x00,0x00,0x00,0x00,0x00,0x00,0x00,0x00,
    0x00,0x00,0x00,0x00,0x00,0x00,0x00,0x00,0x00,0x00,0x00,0x00,0x00,0x00,0x00,0x00,
    0x73,0x6f,0x67,0xff,0x5a,0x44,0x32,0xff,0x4b,0x29,0x14,0xff,0x42,0x21,0x0e,0xff,
    0x42,0x25,0x0d,0xff,0x60,0x3d,0x20,0xff,0x9c,0x7b,0x5b,0xff,0x87,0x66,0x4a,0xff,
    0x54,0x2e,0x12,0xff,0x4a,0x2d,0x19,0xff,0x0a,0x05,0x02,0xff,0x00,0x00,0x00,0xff,
    0x06,0x08,0x05,0xff,0x1d,0x1f,0x1b,0xff,0x12,0x12,0x10,0xff,0x06,0x07,0x05,0xff,
    0x02,0x02,0x02,0xff,0x00,0x00,0x00,0xff,0x03,0x00,0x00,0xff,0x06,0x05,0x04,0xff,
    0x09,0x0b,0x08,0xff,0x10,0x13,0x0f,0xff,0x20,0x1d,0x19,0xff,0x25,0x24,0x1f,0xff,
    0x29,0x2a,0x23,0xff,0x31,0x30,0x27,0xff,0x33,0x34,0x2b,0xff,0x37,0x34,0x2b,0xff,
    0x36,0x34,0x2b,0xff,0x34,0x32,0x28,0xff,0x31,0x30,0x25,0xff,0x2f,0x2e,0x24,0xff,
    0x2c,0x2e,0x23,0xff,0x2e,0x2d,0x22,0xff,0x2c,0x2d,0x22,0xff,0x2d,0x2d,0x22,0xff,
    0x2c,0x2d,0x22,0xff,0x2e,0x2c,0x22,0xff,0x2f,0x2b,0x21,0xff,0x2e,0x2d,0x22,0xff,
    0x2c,0x2e,0x23,0xff,0x2e,0x2f,0x23,0xff,0x32,0x2f,0x24,0xff,0x2e,0x30,0x24,0xff,
    0x31,0x30,0x24,0xff,0x2e,0x2e,0x22,0xff,0x2f,0x2f,0x23,0xff,0x30,0x2f,0x23,0xff,
    0x2f,0x2e,0x23,0xff,0x30,0x2f,0x23,0xff,0x2f,0x2e,0x23,0xff,0x2c,0x2d,0x22,0xff,
    0x2d,0x2e,0x22,0xff,0x2d,0x2f,0x22,0xff,0x2b,0x2f,0x22,0xff,0x2e,0x2f,0x23,0xff,
    0x2e,0x2f,0x23,0xff,0x32,0x2f,0x23,0xff,0x31,0x30,0x21,0xff,0x30,0x2f,0x23,0xff,
    0x2d,0x31,0x24,0xff,0x2f,0x2e,0x22,0xff,0x2c,0x2d,0x20,0xff,0x2a,0x2b,0x1f,0xff,
    0x29,0x2a,0x1f,0xff,0x26,0x28,0x1d,0xff,0x26,0x25,0x1a,0xff,0x24,0x25,0x19,0xff,
    0x25,0x25,0x1a,0xff,0x25,0x23,0x1a,0xff,0x24,0x23,0x18,0xff,0x20,0x21,0x17,0xff,
    0x21,0x20,0x16,0xff,0x20,0x21,0x17,0xff,0x23,0x21,0x19,0xff,0x24,0x23,0x1b,0xff,
    0x29,0x26,0x1e,0xff,0x2b,0x28,0x1f,0xff,0x27,0x27,0x1e,0xff,0x22,0x25,0x1e,0xff,
    0x1e,0x20,0x1a,0xff,0x1a,0x19,0x14,0xff,0x0d,0x10,0x0c,0xff,0x08,0x07,0x05,0xff,
    0x00,0x00,0x00,0xff,0x00,0x00,0x00,0xff,0x00,0x00,0x00,0xff,0x00,0x00,0x00,0xff,
    0x01,0x01,0x01,0xff,0x09,0x07,0x06,0xff,0x0c,0x0d,0x0a,0xff,0x0c,0x0d,0x09,0xff,
    0x04,0x03,0x01,0xff,0x00,0x00,0x00,0xff,0x1a,0x0d,0x06,0xff,0x47,0x24,0x0c,0xff,
    0x5d,0x36,0x1b,0xff,0x8d,0x69,0x4b,0xff,0x64,0x41,0x26,0xff,0x49,0x2e,0x15,0xff,
    0x38,0x1b,0x0a,0xff,0x43,0x2b,0x14,0xff,0x3c,0x23,0x0c,0xff,0x2d,0x1c,0x12,0xff,
    0x7f,0x71,0x65,0xff,0x5e,0x36,0x17,0xff,0x00,0x00,0x00,0x00,0x00,0x00,0x00,0x00,
    0x00,0x00,0x00,0x00,0x00,0x00,0x00,0x00,0x00,0x00,0x00,0x00,0x00,0x00,0x00,0x00,
    0x00,0x00,0x00,0x00,0x00,0x00,0x00,0x00,0x00,0x00,0x00,0x00,0x00,0x00,0x00,0x00,
    0x00,0x00,0x00,0x00,0x00,0x00,0x00,0x00,0x00,0x00,0x00,0x00,0x00,0x00,0x00,0x00,
    0x00,0x00,0x00,0x00,0x00,0x00,0x00,0x00,0x00,0x00,0x00,0x00,0x00,0x00,0x00,0x00,
    0x00,0x00,0x00,0x00,0x00,0x00,0x00,0x00,0x00,0x00,0x00,0x00,0x00,0x00,0x00,0x00,
    0x74,0x72,0x6a,0xff,0x63,0x4f,0x3d,0xff,0x4b,0x2c,0x16,0xff,0x3f,0x21,0x0b,0xff,
    0x47,0x26,0x0e,0xff,0x60,0x3d,0x20,0xff,0x9c,0x7b,0x5b,0xff,0x83,0x62,0x46,0xff,
    0x48,0x2a,0x11,0xff,0x1f,0x13,0x09,0xff,0x03,0x00,0x00,0xff,0x03,0x04,0x03,0xff,
    0x10,0x11,0x0f,0xff,0x0c,0x0c,0x0a,0xff,0x02,0x01,0x00,0xff,0x00,0x00,0x00,0xff,
    0x00,0x00,0x00,0xff,0x08,0x0a,0x08,0xff,0x20,0x1d,0x19,0xff,0x29,0x28,0x21,0xff,
    0x2e,0x2d,0x26,0xff,0x33,0x34,0x2c,0xff,0x3a,0x37,0x2e,0xff,0x38,0x37,0x2d,0xff,
    0x36,0x36,0x2b,0xff,0x35,0x34,0x2a,0xff,0x35,0x34,0x2a,0xff,0x35,0x34,0x2a,0xff,
    0x34,0x34,0x2a,0xff,0x37,0x35,0x2a,0xff,0x37,0x38,0x2b,0xff,0x3a,0x3a,0x2e,0xff,
    0x3d,0x3b,0x30,0xff,0x3f,0x3d,0x31,0xff,0x3f,0x3f,0x32,0xff,0x3e,0x3f,0x32,0xff,
    0x40,0x40,0x32,0xff,0x40,0x40,0x32,0xff,0x40,0x3f,0x31,0xff,0x40,0x3f,0x32,0xff,
    0x40,0x3f,0x31,0xff,0x41,0x40,0x32,0xff,0x42,0x41,0x32,0xff,0x41,0x41,0x32,0xff,
    0x42,0x41,0x32,0xff,0x3e,0x3e,0x2f,0xff,0x3e,0x3d,0x2f,0xff,0x3e,0x3d,0x2e,0xff,
    0x3d,0x3c,0x2e,0xff,0x3f,0x3b,0x2d,0xff,0x3b,0x3c,0x2e,0xff,0x3a,0x39,0x2b,0xff,
    0x37,0x37,0x29,0xff,0x3a,0x38,0x2b,0xff,0x37,0x39,0x2b,0xff,0x39,0x3a,0x2b,0xff,
    0x39,0x3a,0x2c,0xff,0x3c,0x3a,0x2b,0xff,0x3b,0x3b,0x2c,0xff,0x3c,0x3b,0x2c,0xff,
    0x3a,0x3b,0x2c,0xff,0x3c,0x3a,0x2c,0xff,0x3a,0x3a,0x2c,0xff,0x3b,0x3a,0x2c,0xff,
    0x3a,0x3a,0x2d,0xff,0x3a,0x39,0x2c,0xff,0x37,0x36,0x2a,0xff,0x35,0x36,0x2a,0xff,
    0x37,0x35,0x2a,0xff,0x34,0x35,0x29,0xff,0x33,0x33,0x27,0xff,0x31,0x32,0x25,0xff,
    0x2f,0x2e,0x23,0xff,0x2c,0x2b,0x21,0xff,0x27,0x29,0x1e,0xff,0x26,0x26,0x1d,0xff,
    0x26,0x25,0x1b,0xff,0x26,0x24,0x1b,0xff,0x26,0x25,0x1b,0xff,0x25,0x26,0x1c,0xff,
    0x27,0x28,0x1f,0xff,0x2a,0x2b,0x21,0xff,0x2a,0x2b,0x23,0xff,0x27,0x27,0x21,0xff,
    0x1f,0x1e,0x1a,0xff,0x12,0x12,0x0f,0xff,0x05,0x06,0x04,0xff,0x00,0x00,0x00,0xff,
    0x00,0x00,0x00,0xff,0x00,0x00,0x00,0xff,0x01,0x01,0x01,0xff,0x09,0x08,0x06,0xff,
    0x08,0x06,0x04,0xff,0x0f,0x0c,0x06,0xff,0x11,0x0c,0x07,0xff,0x24,0x0e,0x03,0xff,
    0x5b,0x37,0x1c,0xff,0x8d,0x67,0x49,0xff,0x67,0x43,0x28,0xff,0x49,0x2e,0x17,0xff,
    0x35,0x18,0x07,0xff,0x43,0x29,0x13,0xff,0x3d,0x24,0x0e,0xff,0x2c,0x1a,0x11,0xff,
    0x7f,0x71,0x66,0xff,0x5f,0x39,0x1a,0xff,0x00,0x00,0x00,0x00,0x00,0x00,0x00,0x00,
    0x00,0x00,0x00,0x00,0x00,0x00,0x00,0x00,0x00,0x00,0x00,0x00,0x00,0x00,0x00,0x00,
    0x00,0x00,0x00,0x00,0x00,0x00,0x00,0x00,0x00,0x00,0x00,0x00,0x00,0x00,0x00,0x00,
    0x00,0x00,0x00,0x00,0x00,0x00,0x00,0x00,0x00,0x00,0x00,0x00,0x00,0x00,0x00,0x00,
    0x00,0x00,0x00,0x00,0x00,0x00,0x00,0x00,0x00,0x00,0x00,0x00,0x00,0x00,0x00,0x00,
    0x00,0x00,0x00,0x00,0x00,0x00,0x00,0x00,0x00,0x00,0x00,0x00,0x00,0x00,0x00,0x00,
    0x73,0x72,0x69,0xff,0x6a,0x57,0x45,0xff,0x4d,0x31,0x1a,0xff,0x3d,0x22,0x0a,0xff,
    0x4c,0x28,0x10,0xff,0x5b,0x3b,0x1e,0xff,0x9b,0x7b,0x5a,0xff,0x82,0x64,0x48,0xff,
    0x28,0x17,0x09,0xff,0x04,0x05,0x01,0xff,0x03,0x03,0x01,0xff,0x04,0x06,0x03,0xff,
    0x03,0x02,0x02,0xff,0x00,0x00,0x00,0xff,0x00,0x00,0x00,0xff,0x08,0x07,0x07,0xff,
    0x1c,0x1d,0x19,0xff,0x33,0x35,0x2d,0xff,0x40,0x3f,0x36,0xff,0x40,0x3e,0x34,0xff,
    0x41,0x3d,0x32,0xff,0x3d,0x3b,0x2f,0xff,0x3b,0x3a,0x2d,0xff,0x3c,0x3a,0x2e,0xff,
    0x3e,0x3d,0x30,0xff,0x3d,0x41,0x33,0xff,0x46,0x45,0x37,0xff,0x48,0x47,0x39,0xff,
    0x47,0x49,0x3a,0xff,0x4a,0x49,0x3b,0xff,0x4a,0x49,0x3b,0xff,0x49,0x48,0x3a,0xff,
    0x4a,0x48,0x3a,0xff,0x46,0x47,0x38,0xff,0x48,0x45,0x38,0xff,0x45,0x45,0x36,0xff,
    0x44,0x44,0x35,0xff,0x42,0x42,0x34,0xff,0x42,0x41,0x33,0xff,0x43,0x40,0x32,0xff,
    0x41,0x3e,0x30,0xff,0x3e,0x3c,0x30,0xff,0x3d,0x3c,0x2f,0xff,0x3d,0x3b,0x2d,0xff,
    0x39,0x3b,0x2d,0xff,0x3a,0x3b,0x2c,0xff,0x3b,0x39,0x2c,0xff,0x37,0x39,0x2c,0xff,
    0x39,0x38,0x2b,0xff,0x39,0x37,0x2b,0xff,0x38,0x38,0x2a,0xff,0x3b,0x38,0x2c,0xff,
    0x39,0x38,0x2b,0xff,0x37,0x36,0x2b,0xff,0x38,0x35,0x29,0xff,0x37,0x37,0x28,0xff,
    0x37,0x38,0x2b,0xff,0x3a,0x39,0x2b,0xff,0x3b,0x3a,0x2c,0xff,0x3d,0x3a,0x2d,0xff,
    0x3c,0x3b,0x2e,0xff,0x3c,0x3b,0x2f,0xff,0x3d,0x3c,0x2f,0xff,0x3d,0x3d,0x2e,0xff,
    0x39,0x3c,0x2d,0xff,0x3e,0x3b,0x2d,0xff,0x3c,0x3d,0x2e,0xff,0x39,0x3c,0x2d,0xff,
    0x3b,0x3b,0x2d,0xff,0x3b,0x3b,0x2d,0xff,0x3a,0x3b,0x2d,0xff,0x3b,0x3a,0x2e,0xff,
    0x37,0x3a,0x2e,0xff,0x3b,0x39,0x2d,0xff,0x39,0x38,0x2b,0xff,0x37,0x37,0x2b,0xff,
    0x35,0x36,0x2a,0xff,0x34,0x33,0x28,0xff,0x33,0x31,0x27,0xff,0x2f,0x2e,0x23,0xff,
    0x2c,0x2b,0x22,0xff,0x29,0x29,0x1e,0xff,0x2a,0x28,0x1e,0xff,0x28,0x2a,0x20,0xff,
    0x2d,0x2c,0x24,0xff,0x30,0x2e,0x26,0xff,0x27,0x2a,0x22,0xff,0x1c,0x1d,0x18,0xff,
    0x0b,0x0b,0x09,0xff,0x00,0x00,0x00,0xff,0x00,0x00,0x00,0xff,0x00,0x02,0x00,0xff,
    0x02,0x02,0x01,0xff,0x0c,0x07,0x03,0xff,0x17,0x14,0x0a,0xff,0x0f,0x05,0x01,0xff,
    0x52,0x33,0x1c,0xff,0x8f,0x68,0x48,0xff,0x69,0x46,0x2a,0xff,0x4b,0x30,0x18,0xff,
    0x31,0x16,0x05,0xff,0x43,0x29,0x14,0xff,0x3f,0x28,0x12,0xff,0x26,0x16,0x0a,0xff,
    0x90,0x85,0x7c,0xff,0x67,0x42,0x25,0xff,0x00,0x00,0x00,0x00,0x00,0x00,0x00,0x00,
    0x00,0x00,0x00,0x00,0x00,0x00,0x00,0x00,0x00,0x00,0x00,0x00,0x00,0x00,0x00,0x00,
    0x00,0x00,0x00,0x00,0x00,0x00,0x00,0x00,0x00,0x00,0x00,0x00,0x00,0x00,0x00,0x00,
    0x00,0x00,0x00,0x00,0x00,0x00,0x00,0x00,0x00,0x00,0x00,0x00,0x00,0x00,0x00,0x00,
    0x00,0x00,0x00,0x00,0x00,0x00,0x00,0x00,0x00,0x00,0x00,0x00,0x00,0x00,0x00,0x00,
    0x00,0x00,0x00,0x00,0x00,0x00,0x00,0x00,0x00,0x00,0x00,0x00,0x00,0x00,0x00,0x00,
    0x72,0x6f,0x67,0xff,0x71,0x5d,0x4b,0xff,0x4e,0x31,0x1c,0xff,0x3d,0x21,0x0c,0xff,
    0x4c,0x2a,0x12,0xff,0x5c,0x3a,0x1e,0xff,0x9b,0x79,0x5a,0xff,0x83,0x65,0x4b,0xff,
    0x12,0x09,0x02,0xff,0x06,0x05,0x03,0xff,0x04,0x03,0x02,0xff,0x01,0x02,0x00,0xff,
    0x00,0x00,0x00,0xff,0x09,0x08,0x07,0xff,0x29,0x29,0x24,0xff,0x41,0x40,0x38,0xff,
    0x46,0x45,0x3c,0xff,0x43,0x41,0x35,0xff,0x40,0x3f,0x32,0xff,0x41,0x3f,0x33,0xff,
    0x43,0x42,0x36,0xff,0x4a,0x48,0x3a,0xff,0x4e,0x4e,0x3f,0xff,0x51,0x51,0x41,0xff,
    0x55,0x52,0x43,0xff,0x52,0x52,0x42,0xff,0x51,0x50,0x41,0xff,0x4f,0x4e,0x3e,0xff,
    0x4c,0x4b,0x3d,0xff,0x49,0x4a,0x3b,0xff,0x49,0x48,0x3a,0xff,0x47,0x47,0x38,0xff,
    0x48,0x46,0x38,0xff,0x47,0x45,0x37,0xff,0x45,0x44,0x37,0xff,0x46,0x43,0x36,0xff,
    0x44,0x43,0x35,0xff,0x42,0x42,0x34,0xff,0x43,0x42,0x34,0xff,0x3b,0x3a,0x2c,0xff,
    0x31,0x2e,0x21,0xff,0x2e,0x2c,0x22,0xff,0x2b,0x2c,0x20,0xff,0x2c,0x2b,0x1f,0xff,
    0x2c,0x2b,0x1f,0xff,0x29,0x29,0x1e,0xff,0x2c,0x29,0x1e,0xff,0x2a,0x28,0x1e,0xff,
    0x2a,0x28,0x1e,0xff,0x29,0x28,0x1e,0xff,0x2c,0x2b,0x20,0xff,0x33,0x31,0x26,0xff,
    0x2c,0x29,0x1e,0xff,0x27,0x27,0x1b,0xff,0x29,0x27,0x1c,0xff,0x29,0x27,0x1c,0xff,
    0x2a,0x27,0x1e,0xff,0x29,0x28,0x1e,0xff,0x29,0x29,0x1e,0xff,0x29,0x29,0x1f,0xff,
    0x2c,0x2a,0x1f,0xff,0x2a,0x2b,0x21,0xff,0x2b,0x2c,0x21,0xff,0x35,0x32,0x26,0xff,
    0x3d,0x3c,0x2e,0xff,0x3d,0x3b,0x2d,0xff,0x3c,0x3a,0x2c,0xff,0x3a,0x3a,0x2c,0xff,
    0x39,0x3a,0x2c,0xff,0x3b,0x3a,0x2d,0xff,0x38,0x3a,0x2c,0xff,0x39,0x3a,0x2b,0xff,
    0x3a,0x39,0x2d,0xff,0x39,0x3a,0x2d,0xff,0x3c,0x3a,0x2c,0xff,0x3c,0x3a,0x2c,0xff,
    0x3b,0x3a,0x2c,0xff,0x3b,0x3b,0x2d,0xff,0x3b,0x3b,0x2e,0xff,0x3d,0x3b,0x30,0xff,
    0x3b,0x3b,0x30,0xff,0x38,0x3a,0x2e,0xff,0x37,0x37,0x2c,0xff,0x33,0x31,0x28,0xff,
    0x2d,0x2d,0x23,0xff,0x2d,0x2a,0x21,0xff,0x2e,0x2e,0x25,0xff,0x33,0x32,0x2b,0xff,
    0x33,0x33,0x2c,0xff,0x25,0x25,0x20,0xff,0x0c,0x0d,0x0b,0xff,0x00,0x00,0x00,0xff,
    0x00,0x01,0x00,0xff,0x01,0x01,0x01,0xff,0x07,0x06,0x03,0xff,0x08,0x02,0x00,0xff,
    0x4a,0x30,0x1f,0xff,0x8f,0x6a,0x4c,0xff,0x6b,0x49,0x2d,0xff,0x4e,0x30,0x1c,0xff,
    0x2d,0x15,0x06,0xff,0x43,0x29,0x13,0xff,0x46,0x2a,0x14,0xff,0x2b,0x18,0x0c,0xff,
    0x8a,0x7f,0x75,0xff,0x67,0x41,0x24,0xff,0x00,0x00,0x00,0x00,0x00,0x00,0x00,0x00,
    0x00,0x00,0x00,0x00,0x00,0x00,0x00,0x00,0x00,0x00,0x00,0x00,0x00,0x00,0x00,0x00,
    0x00,0x00,0x00,0x00,0x00,0x00,0x00,0x00,0x00,0x00,0x00,0x00,0x00,0x00,0x00,0x00,
    0x00,0x00,0x00,0x00,0x00,0x00,0x00,0x00,0x00,0x00,0x00,0x00,0x00,0x00,0x00,0x00,
    0x00,0x00,0x00,0x00,0x00,0x00,0x00,0x00,0x00,0x00,0x00,0x00,0x00,0x00,0x00,0x00,
    0x00,0x00,0x00,0x00,0x00,0x00,0x00,0x00,0x00,0x00,0x00,0x00,0x00,0x00,0x00,0x00,
    0x70,0x6c,0x64,0xff,0x75,0x62,0x4f,0xff,0x4c,0x31,0x1c,0xff,0x3f,0x1e,0x09,0xff,
    0x4b,0x2a,0x12,0xff,0x59,0x38,0x1d,0xff,0x98,0x77,0x58,0xff,0x81,0x63,0x4b,0xff,
    0x13,0x0b,0x06,0xff,0x15,0x14,0x0f,0xff,0x00,0x00,0x00,0xff,0x04,0x02,0x02,0xff,
    0x26,0x24,0x22,0xff,0x4d,0x4d,0x46,0xff,0x53,0x54,0x49,0xff,0x4d,0x4a,0x40,0xff,
    0x48,0x46,0x3a,0xff,0x4e,0x4b,0x3e,0xff,0x54,0x53,0x44,0xff,0x5a,0x5a,0x4b,0xff,
    0x5b,0x5d,0x4e,0xff,0x5f,0x5c,0x4d,0xff,0x5a,0x59,0x49,0xff,0x57,0x56,0x46,0xff,
    0x52,0x53,0x43,0xff,0x51,0x50,0x40,0xff,0x4e,0x4e,0x3e,0xff,0x4d,0x4d,0x3c,0xff,
    0x4e,0x4a,0x3c,0xff,0x49,0x49,0x3b,0xff,0x49,0x48,0x39,0xff,0x4a,0x46,0x38,0xff,
    0x45,0x46,0x38,0xff,0x45,0x45,0x36,0xff,0x44,0x43,0x36,0xff,0x46,0x43,0x35,0xff,
    0x44,0x42,0x34,0xff,0x43,0x41,0x33,0xff,0x42,0x41,0x33,0xff,0x3c,0x3c,0x2e,0xff,
    0x2d,0x2c,0x20,0xff,0x2b,0x2b,0x20,0xff,0x2e,0x2b,0x20,0xff,0x2a,0x2c,0x1f,0xff,
    0x2b,0x2b,0x1f,0xff,0x2b,0x29,0x1f,0xff,0x2b,0x29,0x1f,0xff,0x2d,0x29,0x1e,0xff,
    0x2a,0x29,0x1e,0xff,0x28,0x29,0x1e,0xff,0x2f,0x2a,0x20,0xff,0x34,0x34,0x28,0xff,
    0x2c,0x2d,0x21,0xff,0x27,0x28,0x1d,0xff,0x2a,0x2a,0x1e,0xff,0x29,0x29,0x1d,0xff,
    0x2b,0x27,0x1d,0xff,0x28,0x27,0x1d,0xff,0x28,0x28,0x1d,0xff,0x27,0x26,0x1c,0xff,
    0x28,0x26,0x1d,0xff,0x28,0x27,0x1d,0xff,0x26,0x25,0x1b,0xff,0x2b,0x2c,0x21,0xff,
    0x3d,0x3a,0x2d,0xff,0x3a,0x3a,0x2b,0xff,0x3a,0x3a,0x2c,0xff,0x3c,0x3a,0x2c,0xff,
    0x38,0x39,0x2d,0xff,0x39,0x39,0x2d,0xff,0x3b,0x38,0x2d,0xff,0x37,0x3a,0x2c,0xff,
    0x39,0x39,0x2d,0xff,0x38,0x39,0x2c,0xff,0x3a,0x39,0x2b,0xff,0x3b,0x39,0x2c,0xff,
    0x3b,0x3a,0x2d,0xff,0x3b,0x3b,0x2e,0xff,0x3a,0x3b,0x2d,0xff,0x3c,0x3b,0x2f,0xff,
    0x3d,0x3d,0x31,0xff,0x3f,0x3e,0x30,0xff,0x3e,0x40,0x33,0xff,0x40,0x40,0x34,0xff,
    0x40,0x3f,0x33,0xff,0x3b,0x3b,0x30,0xff,0x38,0x34,0x2b,0xff,0x33,0x31,0x29,0xff,
    0x32,0x33,0x29,0xff,0x3c,0x38,0x30,0xff,0x3c,0x3b,0x34,0xff,0x29,0x29,0x24,0xff,
    0x0a,0x0b,0x09,0xff,0x00,0x00,0x00,0xff,0x07,0x09,0x07,0xff,0x0f,0x0c,0x0a,0xff,
    0x4d,0x33,0x22,0xff,0x8d,0x6c,0x4b,0xff,0x6b,0x4b,0x2d,0xff,0x4f,0x30,0x1b,0xff,
    0x2b,0x14,0x04,0xff,0x42,0x29,0x14,0xff,0x45,0x2b,0x16,0xff,0x2e,0x1e,0x11,0xff,
    0x87,0x7a,0x70,0xff,0x65,0x40,0x23,0xff,0x00,0x00,0x00,0x00,0x00,0x00,0x00,0x00,
    0x00,0x00,0x00,0x00,0x00,0x00,0x00,0x00,0x00,0x00,0x00,0x00,0x00,0x00,0x00,0x00,
    0x00,0x00,0x00,0x00,0x00,0x00,0x00,0x00,0x00,0x00,0x00,0x00,0x00,0x00,0x00,0x00,
    0x00,0x00,0x00,0x00,0x00,0x00,0x00,0x00,0x00,0x00,0x00,0x00,0x00,0x00,0x00,0x00,
    0x00,0x00,0x00,0x00,0x00,0x00,0x00,0x00,0x00,0x00,0x00,0x00,0x00,0x00,0x00,0x00,
    0x00,0x00,0x00,0x00,0x00,0x00,0x00,0x00,0x00,0x00,0x00,0x00,0x00,0x00,0x00,0x00,
    0x6d,0x69,0x60,0xff,0x76,0x64,0x52,0xff,0x4a,0x2e,0x19,0xff,0x4e,0x2d,0x16,0xff,
    0x54,0x31,0x19,0xff,0x54,0x33,0x1b,0xff,0x95,0x73,0x55,0xff,0x77,0x5c,0x47,0xff,
    0x15,0x0e,0x09,0xff,0x17,0x14,0x0e,0xff,0x0b,0x0b,0x07,0xff,0x3c,0x3c,0x37,0xff,
    0x5f,0x5e,0x55,0xff,0x5b,0x59,0x4f,0xff,0x55,0x53,0x48,0xff,0x5b,0x5a,0x4d,0xff,
    0x63,0x62,0x55,0xff,0x69,0x66,0x59,0xff,0x66,0x66,0x57,0xff,0x62,0x63,0x53,0xff,
    0x5c,0x5f,0x4e,0xff,0x5a,0x5b,0x4b,0xff,0x58,0x58,0x48,0xff,0x57,0x55,0x45,0xff,
    0x52,0x53,0x42,0xff,0x51,0x50,0x40,0xff,0x4e,0x4e,0x3e,0xff,0x4c,0x4c,0x3c,0xff,
    0x4d,0x4a,0x3c,0xff,0x4a,0x49,0x3a,0xff,0x49,0x48,0x39,0xff,0x48,0x45,0x38,0xff,
    0x45,0x44,0x36,0xff,0x44,0x43,0x35,0xff,0x43,0x43,0x34,0xff,0x43,0x42,0x34,0xff,
    0x44,0x42,0x34,0xff,0x43,0x41,0x33,0xff,0x41,0x41,0x33,0xff,0x41,0x41,0x32,0xff,
    0x36,0x36,0x29,0xff,0x30,0x30,0x23,0xff,0x32,0x31,0x25,0xff,0x32,0x31,0x26,0xff,
    0x32,0x31,0x26,0xff,0x33,0x31,0x26,0xff,0x32,0x32,0x26,0xff,0x36,0x32,0x26,0xff,
    0x33,0x32,0x26,0xff,0x32,0x32,0x27,0xff,0x35,0x32,0x27,0xff,0x35,0x33,0x27,0xff,
    0x34,0x34,0x27,0xff,0x33,0x33,0x27,0xff,0x33,0x32,0x27,0xff,0x32,0x30,0x25,0xff,
    0x34,0x31,0x25,0xff,0x33,0x31,0x25,0xff,0x32,0x31,0x25,0xff,0x31,0x30,0x25,0xff,
    0x30,0x2f,0x25,0xff,0x31,0x2e,0x24,0xff,0x2f,0x2d,0x22,0xff,0x32,0x33,0x27,0xff,
    0x3b,0x3a,0x2c,0xff,0x39,0x39,0x2b,0xff,0x3a,0x39,0x2b,0xff,0x3a,0x39,0x2b,0xff,
    0x38,0x39,0x2c,0xff,0x38,0x38,0x2c,0xff,0x39,0x38,0x2c,0xff,0x38,0x38,0x2d,0xff,
    0x38,0x38,0x2c,0xff,0x39,0x38,0x2c,0xff,0x39,0x38,0x2a,0xff,0x3a,0x39,0x2b,0xff,
    0x3b,0x3a,0x2c,0xff,0x3b,0x3a,0x2e,0xff,0x3a,0x3b,0x2d,0xff,0x3b,0x3c,0x2e,0xff,
    0x3d,0x3d,0x30,0xff,0x40,0x3f,0x30,0xff,0x40,0x3f,0x31,0xff,0x41,0x41,0x31,0xff,
    0x43,0x41,0x33,0xff,0x42,0x43,0x35,0xff,0x46,0x42,0x37,0xff,0x43,0x42,0x35,0xff,
    0x40,0x40,0x35,0xff,0x40,0x3e,0x34,0xff,0x42,0x40,0x35,0xff,0x46,0x44,0x3a,0xff,
    0x41,0x3f,0x38,0xff,0x16,0x16,0x13,0xff,0x04,0x06,0x04,0xff,0x12,0x10,0x0b,0xff,
    0x50,0x35,0x24,0xff,0x90,0x6e,0x4f,0xff,0x6a,0x4b,0x2e,0xff,0x4c,0x2f,0x19,0xff,
    0x29,0x14,0x02,0xff,0x43,0x2b,0x14,0xff,0x44,0x2b,0x15,0xff,0x2f,0x20,0x13,0xff,
    0x83,0x76,0x6c,0xff,0x64,0x40,0x22,0xff,0x00,0x00,0x00,0x00,0x00,0x00,0x00,0x00,
    0x00,0x00,0x00,0x00,0x00,0x00,0x00,0x00,0x00,0x00,0x00,0x00,0x00,0x00,0x00,0x00,
    0x00,0x00,0x00,0x00,0x00,0x00,0x00,0x00,0x00,0x00,0x00,0x00,0x00,0x00,0x00,0x00,
    0x00,0x00,0x00,0x00,0x00,0x00,0x00,0x00,0x00,0x00,0x00,0x00,0x00,0x00,0x00,0x00,
    0x00,0x00,0x00,0x00,0x00,0x00,0x00,0x00,0x00,0x00,0x00,0x00,0x00,0x00,0x00,0x00,
    0x00,0x00,0x00,0x00,0x00,0x00,0x00,0x00,0x00,0x00,0x00,0x00,0x00,0x00,0x00,0x00,
    0x6b,0x67,0x5e,0xff,0x77,0x66,0x56,0xff,0x43,0x28,0x18,0xff,0x66,0x4a,0x30,0xff,
    0x62,0x49,0x2e,0xff,0x4d,0x2b,0x12,0xff,0x95,0x6f,0x51,0xff,0x72,0x56,0x40,0xff,
    0x0c,0x09,0x05,0xff,0x19,0x16,0x11,0xff,0x39,0x36,0x2f,0xff,0x58,0x5c,0x51,0xff,
    0x7a,0x7b,0x6f,0xff,0x74,0x72,0x65,0xff,0x71,0x70,0x63,0xff,0x71,0x6f,0x61,0xff,
    0x69,0x6b,0x5c,0xff,0x64,0x67,0x58,0xff,0x62,0x63,0x54,0xff,0x5f,0x61,0x51,0xff,
    0x5e,0x5e,0x4e,0xff,0x5a,0x5b,0x4b,0xff,0x55,0x58,0x48,0xff,0x54,0x55,0x45,0xff,
    0x53,0x51,0x42,0xff,0x52,0x4f,0x40,0xff,0x4e,0x4e,0x3e,0xff,0x4b,0x4d,0x3d,0xff,
    0x4a,0x4b,0x3c,0xff,0x4c,0x49,0x3a,0xff,0x49,0x48,0x39,0xff,0x46,0x46,0x38,0xff,
    0x48,0x44,0x36,0xff,0x44,0x43,0x35,0xff,0x44,0x41,0x34,0xff,0x42,0x41,0x33,0xff,
    0x40,0x41,0x33,0xff,0x40,0x41,0x32,0xff,0x40,0x40,0x32,0xff,0x41,0x40,0x31,0xff,
    0x43,0x40,0x32,0xff,0x3f,0x40,0x31,0xff,0x3e,0x3f,0x32,0xff,0x40,0x3f,0x32,0xff,
    0x42,0x3e,0x31,0xff,0x40,0x3e,0x31,0xff,0x3d,0x3e,0x30,0xff,0x3c,0x3d,0x2f,0xff,
    0x3e,0x3c,0x2f,0xff,0x3f,0x3c,0x31,0xff,0x3b,0x3b,0x2f,0xff,0x3e,0x3b,0x2d,0xff,
    0x3e,0x3b,0x2d,0xff,0x3d,0x3b,0x2d,0xff,0x3d,0x3b,0x2d,0xff,0x3c,0x3c,0x2f,0xff,
    0x3c,0x3c,0x30,0xff,0x3d,0x3c,0x30,0xff,0x3d,0x3c,0x31,0xff,0x3e,0x3b,0x2f,0xff,
    0x3d,0x3c,0x2e,0xff,0x3b,0x3b,0x2f,0xff,0x3b,0x3b,0x2f,0xff,0x3b,0x39,0x2e,0xff,
    0x3b,0x38,0x2a,0xff,0x38,0x38,0x2b,0xff,0x35,0x38,0x2b,0xff,0x37,0x38,0x2b,0xff,
    0x39,0x37,0x2b,0xff,0x37,0x38,0x2c,0xff,0x36,0x37,0x2b,0xff,0x39,0x37,0x2b,0xff,
    0x38,0x37,0x2d,0xff,0x3a,0x38,0x2c,0xff,0x38,0x38,0x2a,0xff,0x36,0x39,0x2a,0xff,
    0x38,0x39,0x2a,0xff,0x38,0x3a,0x2b,0xff,0x3b,0x3b,0x2e,0xff,0x3d,0x3c,0x2f,0xff,
    0x3b,0x3d,0x30,0xff,0x3d,0x3f,0x30,0xff,0x3f,0x3f,0x31,0xff,0x42,0x40,0x32,0xff,
    0x43,0x42,0x34,0xff,0x41,0x43,0x35,0xff,0x41,0x43,0x35,0xff,0x46,0x45,0x36,0xff,
    0x4a,0x47,0x3a,0xff,0x49,0x4b,0x3d,0xff,0x55,0x52,0x46,0xff,0x56,0x52,0x48,0xff,
    0x4a,0x47,0x3d,0xff,0x3a,0x37,0x2f,0xff,0x10,0x13,0x0f,0xff,0x03,0x02,0x00,0xff,
    0x54,0x35,0x23,0xff,0x8a,0x67,0x48,0xff,0x6d,0x4a,0x2f,0xff,0x4d,0x2f,0x18,0xff,
    0x37,0x1f,0x0d,0xff,0x45,0x2c,0x16,0xff,0x47,0x2a,0x14,0xff,0x33,0x1e,0x11,0xff,
    0x82,0x73,0x68,0xff,0x63,0x3f,0x22,0xff,0x00,0x00,0x00,0x00,0x00,0x00,0x00,0x00,
    0x00,0x00,0x00,0x00,0x00,0x00,0x00,0x00,0x00,0x00,0x00,0x00,0x00,0x00,0x00,0x00,
    0x00,0x00,0x00,0x00,0x00,0x00,0x00,0x00,0x00,0x00,0x00,0x00,0x00,0x00,0x00,0x00,
    0x00,0x00,0x00,0x00,0x00,0x00,0x00,0x00,0x00,0x00,0x00,0x00,0x00,0x00,0x00,0x00,
    0x00,0x00,0x00,0x00,0x00,0x00,0x00,0x00,0x00,0x00,0x00,0x00,0x00,0x00,0x00,0x00,
    0x00,0x00,0x00,0x00,0x00,0x00,0x00,0x00,0x00,0x00,0x00,0x00,0x00,0x00,0x00,0x00,
    0x6c,0x65,0x5d,0xff,0x7a,0x68,0x58,0xff,0x41,0x25,0x17,0xff,0x64,0x40,0x28,0xff,
    0x78,0x5a,0x3e,0xff,0x48,0x28,0x11,0xff,0x8a,0x69,0x4b,0xff,0x6c,0x4f,0x38,0xff,
    0x0a,0x04,0x01,0xff,0x2c,0x2b,0x25,0xff,0x3d,0x3a,0x33,0xff,0x7c,0x83,0x77,0xff,
    0x91,0x96,0x88,0xff,0x7a,0x7a,0x6b,0xff,0x72,0x72,0x64,0xff,0x6c,0x6b,0x5e,0xff,
    0x69,0x68,0x5a,0xff,0x66,0x66,0x57,0xff,0x63,0x63,0x55,0xff,0x61,0x61,0x51,0xff,
    0x5d,0x5e,0x4d,0xff,0x5b,0x5b,0x4b,0xff,0x5a,0x57,0x48,0xff,0x54,0x54,0x44,0xff,
    0x53,0x54,0x44,0xff,0x4f,0x51,0x41,0xff,0x4f,0x4f,0x3f,0xff,0x4f,0x4d,0x3d,0xff,
    0x4b,0x4b,0x3c,0xff,0x4a,0x4a,0x3a,0xff,0x48,0x47,0x39,0xff,0x44,0x46,0x37,0xff,
    0x46,0x44,0x36,0xff,0x43,0x42,0x34,0xff,0x42,0x41,0x33,0xff,0x42,0x40,0x32,0xff,
    0x42,0x3f,0x31,0xff,0x3f,0x3e,0x30,0xff,0x42,0x3f,0x31,0xff,0x41,0x3f,0x31,0xff,
    0x3e,0x3e,0x30,0xff,0x40,0x3d,0x2f,0xff,0x3f,0x3d,0x2f,0xff,0x3e,0x3e,0x2f,0xff,
    0x3c,0x3d,0x2f,0xff,0x3c,0x3c,0x2e,0xff,0x3e,0x3c,0x2e,0xff,0x3d,0x3b,0x2d,0xff,
    0x3b,0x3b,0x2d,0xff,0x3d,0x3a,0x2d,0xff,0x39,0x3a,0x2e,0xff,0x3a,0x39,0x2d,0xff,
    0x3b,0x39,0x2b,0xff,0x39,0x39,0x2b,0xff,0x3b,0x3a,0x2c,0xff,0x3d,0x3a,0x2d,0xff,
    0x3c,0x3a,0x2c,0xff,0x3a,0x3a,0x2c,0xff,0x3b,0x39,0x2c,0xff,0x3b,0x3a,0x2c,0xff,
    0x3a,0x39,0x2b,0xff,0x3b,0x39,0x2c,0xff,0x3a,0x38,0x2d,0xff,0x38,0x38,0x2c,0xff,
    0x37,0x38,0x2a,0xff,0x39,0x38,0x2a,0xff,0x39,0x37,0x2a,0xff,0x36,0x37,0x2a,0xff,
    0x37,0x37,0x2b,0xff,0x36,0x37,0x2b,0xff,0x34,0x38,0x29,0xff,0x39,0x37,0x2a,0xff,
    0x38,0x37,0x2b,0xff,0x39,0x37,0x2c,0xff,0x3a,0x38,0x2b,0xff,0x3a,0x39,0x2a,0xff,
    0x39,0x39,0x2b,0xff,0x3a,0x3a,0x2c,0xff,0x3c,0x3b,0x2e,0xff,0x3b,0x3c,0x30,0xff,
    0x3e,0x3c,0x30,0xff,0x40,0x3e,0x30,0xff,0x3f,0x3f,0x31,0xff,0x3e,0x41,0x32,0xff,
    0x42,0x41,0x33,0xff,0x44,0x43,0x35,0xff,0x45,0x44,0x35,0xff,0x44,0x45,0x36,0xff,
    0x48,0x46,0x38,0xff,0x46,0x49,0x39,0xff,0x52,0x52,0x44,0xff,0x68,0x67,0x5a,0xff,
    0x60,0x5f,0x52,0xff,0x3d,0x3b,0x32,0xff,0x24,0x22,0x1b,0xff,0x0c,0x0a,0x06,0xff,
    0x50,0x31,0x1d,0xff,0x7b,0x56,0x36,0xff,0x6a,0x4e,0x35,0xff,0x4c,0x31,0x1b,0xff,
    0x44,0x2b,0x13,0xff,0x48,0x2c,0x16,0xff,0x45,0x2a,0x16,0xff,0x2f,0x1e,0x11,0xff,
    0x7f,0x73,0x66,0xff,0x63,0x3e,0x21,0xff,0x00,0x00,0x00,0x00,0x00,0x00,0x00,0x00,
    0x00,0x00,0x00,0x00,0x00,0x00,0x00,0x00,0x00,0x00,0x00,0x00,0x00,0x00,0x00,0x00,
    0x00,0x00,0x00,0x00,0x00,0x00,0x00,0x00,0x00,0x00,0x00,0x00,0x00,0x00,0x00,0x00,
    0x00,0x00,0x00,0x00,0x00,0x00,0x00,0x00,0x00,0x00,0x00,0x00,0x00,0x00,0x00,0x00,
    0x00,0x00,0x00,0x00,0x00,0x00,0x00,0x00,0x00,0x00,0x00,0x00,0x00,0x00,0x00,0x00,
    0x00,0x00,0x00,0x00,0x00,0x00,0x00,0x00,0x00,0x00,0x00,0x00,0x00,0x00,0x00,0x00,
    0x6e,0x66,0x5d,0xff,0x73,0x67,0x56,0xff,0x3a,0x24,0x16,0xff,0x60,0x41,0x29,0xff,
    0x69,0x50,0x3d,0xff,0x31,0x1a,0x09,0xff,0x87,0x64,0x45,0xff,0x67,0x4a,0x32,0xff,
    0x15,0x0c,0x07,0xff,0x3c,0x37,0x2f,0xff,0x45,0x44,0x3c,0xff,0x9c,0xa0,0x95,0xff,
    0x8e,0x91,0x83,0xff,0x78,0x77,0x69,0xff,0x72,0x71,0x63,0xff,0x6a,0x6e,0x5f,0xff,
    0x68,0x68,0x5a,0xff,0x67,0x65,0x56,0xff,0x5f,0x63,0x54,0xff,0x5f,0x60,0x50,0xff,
    0x5c,0x5c,0x4d,0xff,0x58,0x5a,0x4a,0xff,0x56,0x56,0x46,0xff,0x58,0x56,0x47,0xff,
    0x57,0x55,0x45,0xff,0x52,0x51,0x41,0xff,0x4f,0x4f,0x3e,0xff,0x4c,0x4c,0x3c,0xff,
    0x4d,0x4a,0x3c,0xff,0x49,0x49,0x39,0xff,0x47,0x46,0x38,0xff,0x46,0x44,0x36,0xff,
    0x44,0x43,0x35,0xff,0x43,0x41,0x33,0xff,0x41,0x41,0x33,0xff,0x3e,0x40,0x31,0xff,
    0x41,0x3f,0x31,0xff,0x3f,0x3e,0x30,0xff,0x3e,0x3e,0x30,0xff,0x42,0x3d,0x30,0xff,
    0x3d,0x3d,0x2f,0xff,0x3e,0x3d,0x2e,0xff,0x3e,0x3d,0x2f,0xff,0x3f,0x3c,0x2e,0xff,
    0x3d,0x3c,0x2e,0xff,0x3d,0x3b,0x2d,0xff,0x3b,0x3b,0x2d,0xff,0x3e,0x3b,0x2d,0xff,
    0x3c,0x3b,0x2d,0xff,0x3b,0x3a,0x2c,0xff,0x3b,0x3a,0x2d,0xff,0x3a,0x39,0x2e,0xff,
    0x39,0x39,0x2c,0xff,0x3a,0x38,0x2c,0xff,0x38,0x39,0x2d,0xff,0x3b,0x38,0x2d,0xff,
    0x3b,0x39,0x2b,0xff,0x35,0x3a,0x2b,0xff,0x3a,0x39,0x2b,0xff,0x3a,0x39,0x2b,0xff,
    0x37,0x39,0x2a,0xff,0x38,0x39,0x2b,0xff,0x38,0x38,0x2b,0xff,0x38,0x37,0x2a,0xff,
    0x37,0x36,0x29,0xff,0x36,0x36,0x2a,0xff,0x35,0x36,0x29,0xff,0x38,0x35,0x29,0xff,
    0x36,0x35,0x2a,0xff,0x36,0x36,0x2a,0xff,0x36,0x36,0x2a,0xff,0x36,0x36,0x28,0xff,
    0x38,0x37,0x29,0xff,0x39,0x36,0x2a,0xff,0x37,0x38,0x2b,0xff,0x3b,0x38,0x2c,0xff,
    0x38,0x39,0x2b,0xff,0x38,0x3a,0x2c,0xff,0x3d,0x3b,0x2d,0xff,0x39,0x3c,0x2e,0xff,
    0x3d,0x3d,0x2f,0xff,0x3e,0x3e,0x30,0xff,0x40,0x3f,0x31,0xff,0x40,0x40,0x32,0xff,
    0x43,0x41,0x33,0xff,0x41,0x43,0x34,0xff,0x45,0x43,0x35,0xff,0x46,0x44,0x37,0xff,
    0x47,0x46,0x38,0xff,0x4a,0x48,0x3a,0xff,0x52,0x51,0x42,0xff,0x65,0x64,0x56,0xff,
    0x75,0x71,0x64,0xff,0x51,0x50,0x47,0xff,0x20,0x1f,0x17,0xff,0x15,0x10,0x0a,0xff,
    0x4c,0x2e,0x19,0xff,0x74,0x50,0x30,0xff,0x37,0x28,0x18,0xff,0x32,0x1f,0x12,0xff,
    0x4d,0x33,0x1b,0xff,0x47,0x2b,0x15,0xff,0x47,0x29,0x16,0xff,0x2d,0x1c,0x10,0xff,
    0x84,0x77,0x6b,0xff,0x63,0x3f,0x22,0xff,0x00,0x00,0x00,0x00,0x00,0x00,0x00,0x00,
    0x00,0x00,0x00,0x00,0x00,0x00,0x00,0x00,0x00,0x00,0x00,0x00,0x00,0x00,0x00,0x00,
    0x00,0x00,0x00,0x00,0x00,0x00,0x00,0x00,0x00,0x00,0x00,0x00,0x00,0x00,0x00,0x00,
    0x00,0x00,0x00,0x00,0x00,0x00,0x00,0x00,0x00,0x00,0x00,0x00,0x00,0x00,0x00,0x00,
    0x00,0x00,0x00,0x00,0x00,0x00,0x00,0x00,0x00,0x00,0x00,0x00,0x00,0x00,0x00,0x00,
    0x00,0x00,0x00,0x00,0x00,0x00,0x00,0x00,0x00,0x00,0x00,0x00,0x00,0x00,0x00,0x00,
    0x71,0x6b,0x62,0xff,0x62,0x57,0x46,0xff,0x2e,0x1c,0x0f,0xff,0x63,0x48,0x2c,0xff,
    0x3e,0x33,0x22,0xff,0x21,0x0f,0x05,0xff,0x81,0x5c,0x3d,0xff,0x6b,0x4c,0x30,0xff,
    0x22,0x18,0x0e,0xff,0x35,0x30,0x27,0xff,0x54,0x53,0x4a,0xff,0xa3,0xa8,0x9c,0xff,
    0x91,0x92,0x85,0xff,0x79,0x79,0x6b,0xff,0x71,0x72,0x64,0xff,0x6b,0x6c,0x5e,0xff,
    0x68,0x68,0x59,0xff,0x66,0x65,0x56,0xff,0x61,0x63,0x53,0xff,0x5c,0x5f,0x4f,0xff,
    0x5b,0x5c,0x4c,0xff,0x58,0x58,0x48,0xff,0x55,0x58,0x47,0xff,0x5a,0x59,0x4b,0xff,
    0x55,0x55,0x45,0xff,0x52,0x50,0x41,0xff,0x50,0x4d,0x3e,0xff,0x4d,0x4b,0x3c,0xff,
    0x4a,0x49,0x3b,0xff,0x49,0x47,0x39,0xff,0x47,0x45,0x37,0xff,0x46,0x43,0x35,0xff,
    0x46,0x42,0x34,0xff,0x41,0x41,0x32,0xff,0x40,0x40,0x32,0xff,0x3e,0x40,0x31,0xff,
    0x3f,0x3f,0x30,0xff,0x3e,0x3d,0x2f,0xff,0x3c,0x3d,0x2f,0xff,0x3c,0x3c,0x2e,0xff,
    0x3f,0x3b,0x2d,0xff,0x3c,0x3c,0x2d,0xff,0x3b,0x3c,0x2d,0xff,0x3c,0x3c,0x2e,0xff,
    0x3e,0x3b,0x2d,0xff,0x3e,0x3a,0x2d,0xff,0x3d,0x39,0x2c,0xff,0x3a,0x3a,0x2c,0xff,
    0x3b,0x3a,0x2c,0xff,0x3c,0x39,0x2c,0xff,0x3a,0x39,0x2d,0xff,0x3a,0x38,0x2c,0xff,
    0x3a,0x37,0x2c,0xff,0x38,0x37,0x2c,0xff,0x38,0x37,0x2c,0xff,0x38,0x37,0x2b,0xff,
    0x38,0x38,0x2b,0xff,0x36,0x38,0x29,0xff,0x36,0x38,0x29,0xff,0x39,0x37,0x2a,0xff,
    0x3a,0x37,0x2a,0xff,0x37,0x37,0x29,0xff,0x35,0x36,0x2a,0xff,0x36,0x37,0x29,0xff,
    0x37,0x36,0x28,0xff,0x37,0x36,0x29,0xff,0x34,0x35,0x28,0xff,0x35,0x35,0x28,0xff,
    0x36,0x35,0x29,0xff,0x36,0x36,0x28,0xff,0x36,0x34,0x28,0xff,0x3a,0x35,0x28,0xff,
    0x36,0x36,0x28,0xff,0x37,0x37,0x29,0xff,0x38,0x37,0x2a,0xff,0x39,0x38,0x2c,0xff,
    0x39,0x39,0x2d,0xff,0x39,0x3a,0x2c,0xff,0x3a,0x3b,0x2d,0xff,0x3c,0x3b,0x2f,0xff,
    0x3d,0x3c,0x2f,0xff,0x3d,0x3e,0x2f,0xff,0x3d,0x40,0x31,0xff,0x41,0x40,0x32,0xff,
    0x42,0x41,0x33,0xff,0x42,0x42,0x33,0xff,0x42,0x43,0x35,0xff,0x46,0x44,0x36,0xff,
    0x48,0x47,0x37,0xff,0x4a,0x48,0x3a,0xff,0x54,0x50,0x43,0xff,0x66,0x65,0x57,0xff,
    0x76,0x76,0x66,0xff,0x60,0x60,0x54,0xff,0x1f,0x1d,0x14,0xff,0x17,0x11,0x0b,0xff,
    0x4d,0x2d,0x18,0xff,0x6e,0x4c,0x2c,0xff,0x1c,0x11,0x0a,0xff,0x1a,0x0e,0x08,0xff,
    0x4d,0x33,0x1d,0xff,0x44,0x2a,0x13,0xff,0x43,0x2a,0x15,0xff,0x2c,0x1a,0x0d,0xff,
    0x9d,0x92,0x89,0xff,0x77,0x57,0x3e,0xff,0x00,0x00,0x00,0x00,0x00,0x00,0x00,0x00,
    0x00,0x00,0x00,0x00,0x00,0x00,0x00,0x00,0x00,0x00,0x00,0x00,0x00,0x00,0x00,0x00,
    0x00,0x00,0x00,0x00,0x00,0x00,0x00,0x00,0x00,0x00,0x00,0x00,0x00,0x00,0x00,0x00,
    0x00,0x00,0x00,0x00,0x00,0x00,0x00,0x00,0x00,0x00,0x00,0x00,0x00,0x00,0x00,0x00,
    0x00,0x00,0x00,0x00,0x00,0x00,0x00,0x00,0x00,0x00,0x00,0x00,0x00,0x00,0x00,0x00,
    0x00,0x00,0x00,0x00,0x00,0x00,0x00,0x00,0x00,0x00,0x00,0x00,0x84,0x6b,0x58,0xff,
    0x7a,0x72,0x69,0xff,0x5f,0x50,0x40,0xff,0x31,0x1a,0x0f,0xff,0x6d,0x4a,0x2f,0xff,
    0x35,0x26,0x18,0xff,0x1c,0x0b,0x04,0xff,0x77,0x52,0x36,0xff,0x72,0x4d,0x30,0xff,
    0x30,0x1b,0x0e,0xff,0x2e,0x29,0x20,0xff,0x58,0x59,0x4f,0xff,0xa2,0xab,0x9f,0xff,
    0x91,0x95,0x88,0xff,0x7c,0x7b,0x6e,0xff,0x71,0x72,0x64,0xff,0x6d,0x6d,0x5f,0xff,
    0x65,0x68,0x59,0xff,0x64,0x66,0x56,0xff,0x62,0x62,0x52,0xff,0x5f,0x5e,0x4f,0xff,
    0x57,0x5c,0x4c,0xff,0x56,0x56,0x47,0xff,0x5d,0x5b,0x4d,0xff,0x5c,0x59,0x4b,0xff,
    0x54,0x53,0x45,0xff,0x4f,0x50,0x41,0xff,0x4c,0x4d,0x3f,0xff,0x4c,0x4a,0x3c,0xff,
    0x48,0x48,0x3a,0xff,0x47,0x46,0x38,0xff,0x43,0x45,0x36,0xff,0x41,0x43,0x35,0xff,
    0x43,0x41,0x33,0xff,0x41,0x40,0x32,0xff,0x3f,0x3f,0x32,0xff,0x3e,0x3f,0x31,0xff,
    0x3b,0x3f,0x30,0xff,0x3d,0x3d,0x2f,0xff,0x3f,0x3d,0x2f,0xff,0x3c,0x3b,0x2d,0xff,
    0x3a,0x3a,0x2c,0xff,0x3a,0x39,0x2b,0xff,0x3d,0x39,0x2c,0xff,0x3c,0x3b,0x2d,0xff,
    0x3b,0x3b,0x2d,0xff,0x39,0x3a,0x2c,0xff,0x3b,0x39,0x2b,0xff,0x39,0x39,0x2b,0xff,
    0x39,0x39,0x2a,0xff,0x38,0x38,0x2a,0xff,0x33,0x38,0x2c,0xff,0x36,0x38,0x2c,0xff,
    0x38,0x36,0x2b,0xff,0x37,0x36,0x2b,0xff,0x37,0x36,0x2b,0xff,0x34,0x36,0x2a,0xff,
    0x35,0x36,0x2a,0xff,0x37,0x36,0x2a,0xff,0x39,0x36,0x28,0xff,0x36,0x37,0x29,0xff,
    0x37,0x36,0x28,0xff,0x37,0x36,0x28,0xff,0x36,0x36,0x29,0xff,0x35,0x35,0x29,0xff,
    0x33,0x35,0x29,0xff,0x34,0x35,0x29,0xff,0x35,0x34,0x28,0xff,0x33,0x34,0x28,0xff,
    0x35,0x35,0x29,0xff,0x32,0x36,0x28,0xff,0x32,0x35,0x28,0xff,0x36,0x35,0x28,0xff,
    0x36,0x36,0x29,0xff,0x37,0x36,0x2b,0xff,0x37,0x36,0x2a,0xff,0x36,0x37,0x2b,0xff,
    0x39,0x38,0x2d,0xff,0x3b,0x38,0x2c,0xff,0x39,0x3a,0x2e,0xff,0x39,0x3b,0x2f,0xff,
    0x3c,0x3b,0x2e,0xff,0x40,0x3c,0x2f,0xff,0x3f,0x3e,0x30,0xff,0x40,0x3f,0x31,0xff,
    0x3f,0x41,0x33,0xff,0x41,0x41,0x33,0xff,0x43,0x43,0x34,0xff,0x45,0x44,0x36,0xff,
    0x46,0x47,0x38,0xff,0x46,0x49,0x3b,0xff,0x50,0x50,0x42,0xff,0x67,0x65,0x58,0xff,
    0x78,0x77,0x68,0xff,0x65,0x64,0x58,0xff,0x1c,0x1e,0x15,0xff,0x17,0x13,0x0e,0xff,
    0x4f,0x2d,0x17,0xff,0x6c,0x45,0x2a,0xff,0x1a,0x14,0x0c,0xff,0x0e,0x0a,0x05,0xff,
    0x48,0x2b,0x19,0xff,0x49,0x29,0x12,0xff,0x46,0x28,0x15,0xff,0x2e,0x1b,0x0e,0xff,
    0x8b,0x85,0x7c,0xff,0x78,0x5b,0x45,0xff,0x00,0x00,0x00,0x00,0x00,0x00,0x00,0x00,
    0x00,0x00,0x00,0x00,0x00,0x00,0x00,0x00,0x00,0x00,0x00,0x00,0x00,0x00,0x00,0x00,
    0x00,0x00,0x00,0x00,0x00,0x00,0x00,0x00,0x00,0x00,0x00,0x00,0x00,0x00,0x00,0x00,
    0x00,0x00,0x00,0x00,0x00,0x00,0x00,0x00,0x00,0x00,0x00,0x00,0x00,0x00,0x00,0x00,
    0x00,0x00,0x00,0x00,0x00,0x00,0x00,0x00,0x00,0x00,0x00,0x00,0x00,0x00,0x00,0x00,
    0x00,0x00,0x00,0x00,0x00,0x00,0x00,0x00,0x00,0x00,0x00,0x00,0x86,0x6f,0x5b,0xff,
    0x77,0x71,0x67,0xff,0x57,0x4b,0x39,0xff,0x30,0x1e,0x13,0xff,0x5f,0x45,0x29,0xff,
    0x20,0x16,0x0b,0xff,0x1e,0x13,0x0d,0xff,0x66,0x45,0x2a,0xff,0x6d,0x4d,0x2c,0xff,
    0x32,0x1f,0x0f,0xff,0x29,0x24,0x1b,0xff,0x59,0x56,0x4c,0xff,0xa6,0xac,0xa0,0xff,
    0x93,0x97,0x8a,0xff,0x7d,0x7d,0x70,0xff,0x71,0x74,0x65,0xff,0x6d,0x6d,0x5f,0xff,
    0x68,0x68,0x59,0xff,0x65,0x65,0x56,0xff,0x5d,0x61,0x52,0xff,0x5b,0x5e,0x4e,0xff,
    0x5a,0x59,0x4b,0xff,0x58,0x58,0x4a,0xff,0x5f,0x60,0x51,0xff,0x57,0x59,0x4a,0xff,
    0x53,0x53,0x45,0xff,0x50,0x4f,0x41,0xff,0x4d,0x4c,0x3e,0xff,0x4a,0x4a,0x3c,0xff,
    0x46,0x47,0x39,0xff,0x49,0x44,0x37,0xff,0x45,0x43,0x35,0xff,0x41,0x42,0x34,0xff,
    0x40,0x40,0x33,0xff,0x3e,0x3f,0x33,0xff,0x3d,0x3e,0x33,0xff,0x3f,0x3d,0x30,0xff,
    0x3d,0x3d,0x2f,0xff,0x3d,0x3e,0x2f,0xff,0x3b,0x3d,0x2f,0xff,0x3b,0x3a,0x2c,0xff,
    0x3a,0x38,0x2a,0xff,0x37,0x37,0x2a,0xff,0x39,0x38,0x2b,0xff,0x3c,0x3a,0x2c,0xff,
    0x3b,0x3a,0x2c,0xff,0x3a,0x39,0x2b,0xff,0x39,0x38,0x2a,0xff,0x38,0x38,0x2a,0xff,
    0x39,0x37,0x29,0xff,0x39,0x36,0x29,0xff,0x35,0x36,0x2a,0xff,0x36,0x36,0x2b,0xff,
    0x36,0x34,0x2a,0xff,0x35,0x36,0x2a,0xff,0x36,0x35,0x2a,0xff,0x36,0x35,0x29,0xff,
    0x35,0x34,0x29,0xff,0x33,0x35,0x2a,0xff,0x36,0x36,0x28,0xff,0x39,0x35,0x27,0xff,
    0x36,0x34,0x27,0xff,0x34,0x35,0x27,0xff,0x34,0x34,0x29,0xff,0x34,0x35,0x29,0xff,
    0x34,0x34,0x28,0xff,0x34,0x33,0x28,0xff,0x33,0x34,0x28,0xff,0x31,0x33,0x27,0xff,
    0x36,0x33,0x28,0xff,0x34,0x34,0x28,0xff,0x35,0x34,0x27,0xff,0x34,0x34,0x28,0xff,
    0x34,0x35,0x28,0xff,0x34,0x35,0x29,0xff,0x37,0x34,0x29,0xff,0x37,0x36,0x2b,0xff,
    0x36,0x38,0x2b,0xff,0x35,0x38,0x2c,0xff,0x3a,0x39,0x2d,0xff,0x3b,0x3a,0x2f,0xff,
    0x3c,0x3b,0x2e,0xff,0x3d,0x3c,0x2d,0xff,0x3e,0x3c,0x2e,0xff,0x40,0x3f,0x31,0xff,
    0x43,0x40,0x33,0xff,0x42,0x41,0x33,0xff,0x42,0x43,0x33,0xff,0x46,0x42,0x35,0xff,
    0x4a,0x46,0x38,0xff,0x4a,0x49,0x3b,0xff,0x52,0x50,0x42,0xff,0x68,0x67,0x59,0xff,
    0x79,0x79,0x6a,0xff,0x66,0x64,0x58,0xff,0x1e,0x1c,0x14,0xff,0x1d,0x14,0x0e,0xff,
    0x4c,0x2e,0x16,0xff,0x57,0x3a,0x1f,0xff,0x2c,0x22,0x15,0xff,0x16,0x11,0x0c,0xff,
    0x32,0x1d,0x0c,0xff,0x41,0x28,0x10,0xff,0x48,0x28,0x14,0xff,0x36,0x1f,0x10,0xff,
    0x61,0x57,0x4e,0xff,0x70,0x53,0x3c,0xff,0x00,0x00,0x00,0x00,0x00,0x00,0x00,0x00,
    0x00,0x00,0x00,0x00,0x00,0x00,0x00,0x00,0x00,0x00,0x00,0x00,0x00,0x00,0x00,0x00,
    0x00,0x00,0x00,0x00,0x00,0x00,0x00,0x00,0x00,0x00,0x00,0x00,0x00,0x00,0x00,0x00,
    0x00,0x00,0x00,0x00,0x00,0x00,0x00,0x00,0x00,0x00,0x00,0x00,0x00,0x00,0x00,0x00,
    0x00,0x00,0x00,0x00,0x00,0x00,0x00,0x00,0x00,0x00,0x00,0x00,0x00,0x00,0x00,0x00,
    0x00,0x00,0x00,0x00,0x00,0x00,0x00,0x00,0x00,0x00,0x00,0x00,0x85,0x6c,0x57,0xff,
    0x78,0x73,0x69,0xff,0x54,0x46,0x36,0xff,0x1a,0x0d,0x06,0xff,0x5d,0x4d,0x39,0xff,
    0xb8,0xab,0xa2,0xff,0xb7,0xad,0xa4,0xff,0x57,0x41,0x29,0xff,0x64,0x41,0x21,0xff,
    0x3d,0x29,0x13,0xff,0x25,0x1f,0x17,0xff,0x53,0x4f,0x46,0xff,0xa5,0xab,0x9f,0xff,
    0x92,0x98,0x8b,0xff,0x7b,0x7e,0x6f,0xff,0x75,0x73,0x64,0xff,0x6a,0x6d,0x5f,0xff,
    0x67,0x68,0x5a,0xff,0x65,0x64,0x56,0xff,0x5f,0x60,0x51,0xff,0x5b,0x5d,0x4e,0xff,
    0x56,0x57,0x48,0xff,0x5c,0x5a,0x4b,0xff,0x5f,0x62,0x54,0xff,0x56,0x57,0x49,0xff,
    0x55,0x52,0x44,0xff,0x4e,0x4e,0x40,0xff,0x4c,0x4b,0x3d,0xff,0x49,0x49,0x3a,0xff,
    0x45,0x46,0x38,0xff,0x47,0x44,0x36,0xff,0x44,0x42,0x34,0xff,0x42,0x40,0x32,0xff,
    0x3d,0x40,0x31,0xff,0x40,0x3e,0x32,0xff,0x3e,0x3d,0x31,0xff,0x3b,0x3d,0x30,0xff,
    0x3e,0x3c,0x30,0xff,0x3e,0x3e,0x32,0xff,0x3b,0x3c,0x2f,0xff,0x36,0x38,0x2a,0xff,
    0x39,0x37,0x29,0xff,0x36,0x35,0x29,0xff,0x35,0x38,0x2c,0xff,0x3c,0x38,0x2d,0xff,
    0x39,0x38,0x2b,0xff,0x38,0x38,0x2a,0xff,0x39,0x37,0x29,0xff,0x36,0x37,0x29,0xff,
    0x38,0x36,0x29,0xff,0x37,0x34,0x29,0xff,0x35,0x34,0x29,0xff,0x33,0x34,0x29,0xff,
    0x33,0x34,0x29,0xff,0x36,0x34,0x29,0xff,0x31,0x34,0x28,0xff,0x34,0x34,0x28,0xff,
    0x35,0x34,0x28,0xff,0x33,0x34,0x28,0xff,0x32,0x34,0x28,0xff,0x34,0x33,0x27,0xff,
    0x36,0x32,0x27,0xff,0x32,0x34,0x28,0xff,0x34,0x34,0x28,0xff,0x34,0x33,0x27,0xff,
    0x32,0x34,0x27,0xff,0x33,0x32,0x27,0xff,0x32,0x32,0x26,0xff,0x31,0x33,0x27,0xff,
    0x34,0x32,0x27,0xff,0x33,0x33,0x27,0xff,0x34,0x33,0x28,0xff,0x32,0x34,0x28,0xff,
    0x36,0x33,0x28,0xff,0x34,0x34,0x29,0xff,0x32,0x35,0x29,0xff,0x37,0x35,0x2a,0xff,
    0x36,0x36,0x2a,0xff,0x36,0x37,0x2b,0xff,0x37,0x38,0x2c,0xff,0x3b,0x38,0x2d,0xff,
    0x3a,0x3a,0x2d,0xff,0x3a,0x3c,0x2e,0xff,0x40,0x3c,0x2e,0xff,0x3f,0x3d,0x30,0xff,
    0x40,0x3f,0x31,0xff,0x41,0x40,0x32,0xff,0x41,0x42,0x33,0xff,0x45,0x43,0x35,0xff,
    0x48,0x45,0x37,0xff,0x48,0x47,0x39,0xff,0x51,0x51,0x43,0xff,0x68,0x68,0x59,0xff,
    0x7e,0x7b,0x6d,0xff,0x5e,0x60,0x54,0xff,0x19,0x17,0x10,0xff,0x20,0x18,0x0d,0xff,
    0x4b,0x2a,0x14,0xff,0x4a,0x2f,0x19,0xff,0x89,0x74,0x60,0xff,0x92,0x81,0x6f,0xff,
    0x5b,0x49,0x34,0xff,0x3f,0x26,0x10,0xff,0x41,0x24,0x0f,0xff,0x32,0x1f,0x10,0xff,
    0x6d,0x66,0x5c,0xff,0x78,0x5c,0x45,0xff,0x00,0x00,0x00,0x00,0x00,0x00,0x00,0x00,
    0x00,0x00,0x00,0x00,0x00,0x00,0x00,0x00,0x00,0x00,0x00,0x00,0x00,0x00,0x00,0x00,
    0x00,0x00,0x00,0x00,0x00,0x00,0x00,0x00,0x00,0x00,0x00,0x00,0x00,0x00,0x00,0x00,
    0x00,0x00,0x00,0x00,0x00,0x00,0x00,0x00,0x00,0x00,0x00,0x00,0x00,0x00,0x00,0x00,
    0x00,0x00,0x00,0x00,0x00,0x00,0x00,0x00,0x00,0x00,0x00,0x00,0x00,0x00,0x00,0x00,
    0x00,0x00,0x00,0x00,0x00,0x00,0x00,0x00,0x00,0x00,0x00,0x00,0x8b,0x72,0x60,0xff,
    0x76,0x66,0x5c,0xff,0x52,0x45,0x31,0xff,0x3b,0x2b,0x20,0xff,0x53,0x48,0x3b,0xff,
    0x72,0x65,0x5c,0xff,0x8b,0x81,0x78,0xff,0x48,0x39,0x2b,0xff,0x59,0x36,0x1c,0xff,
    0x4e,0x30,0x1b,0xff,0x22,0x1b,0x14,0xff,0x46,0x46,0x3c,0xff,0xa1,0xa6,0x9b,0xff,
    0x98,0x99,0x8e,0xff,0x7d,0x7e,0x70,0xff,0x74,0x72,0x64,0xff,0x6e,0x6d,0x5f,0xff,
    0x67,0x67,0x59,0xff,0x63,0x62,0x54,0xff,0x5e,0x5f,0x50,0xff,0x5c,0x5b,0x4d,0xff,
    0x52,0x55,0x46,0xff,0x5a,0x5a,0x4d,0xff,0x61,0x62,0x56,0xff,0x54,0x56,0x48,0xff,
    0x52,0x51,0x43,0xff,0x4f,0x4e,0x40,0xff,0x4c,0x4b,0x3d,0xff,0x4a,0x48,0x3a,0xff,
    0x45,0x46,0x38,0xff,0x43,0x43,0x35,0xff,0x43,0x42,0x34,0xff,0x43,0x40,0x32,0xff,
    0x40,0x3f,0x31,0xff,0x40,0x3e,0x32,0xff,0x3f,0x3c,0x31,0xff,0x3c,0x3c,0x30,0xff,
    0x3c,0x3b,0x2f,0xff,0x3d,0x3e,0x31,0xff,0x3c,0x3b,0x30,0xff,0x36,0x36,0x29,0xff,
    0x34,0x36,0x27,0xff,0x35,0x33,0x28,0xff,0x34,0x37,0x2a,0xff,0x36,0x37,0x2b,0xff,
    0x37,0x36,0x2a,0xff,0x37,0x36,0x28,0xff,0x37,0x36,0x28,0xff,0x37,0x35,0x29,0xff,
    0x33,0x35,0x29,0xff,0x34,0x35,0x28,0xff,0x35,0x34,0x28,0xff,0x35,0x33,0x28,0xff,
    0x34,0x35,0x28,0xff,0x36,0x33,0x28,0xff,0x35,0x33,0x28,0xff,0x34,0x34,0x28,0xff,
    0x34,0x34,0x28,0xff,0x33,0x34,0x28,0xff,0x35,0x33,0x28,0xff,0x31,0x32,0x26,0xff,
    0x32,0x32,0x26,0xff,0x31,0x32,0x26,0xff,0x31,0x33,0x27,0xff,0x33,0x32,0x26,0xff,
    0x32,0x32,0x26,0xff,0x32,0x32,0x26,0xff,0x33,0x32,0x26,0xff,0x31,0x32,0x26,0xff,
    0x31,0x32,0x26,0xff,0x33,0x33,0x27,0xff,0x34,0x31,0x26,0xff,0x33,0x33,0x27,0xff,
    0x34,0x33,0x27,0xff,0x35,0x32,0x27,0xff,0x34,0x34,0x28,0xff,0x35,0x34,0x28,0xff,
    0x35,0x35,0x2a,0xff,0x37,0x36,0x2a,0xff,0x37,0x37,0x2b,0xff,0x37,0x39,0x2d,0xff,
    0x3b,0x39,0x2e,0xff,0x3b,0x3b,0x2f,0xff,0x3d,0x3c,0x30,0xff,0x3f,0x3d,0x30,0xff,
    0x3f,0x3e,0x30,0xff,0x40,0x3f,0x31,0xff,0x43,0x3f,0x32,0xff,0x41,0x42,0x34,0xff,
    0x45,0x45,0x37,0xff,0x49,0x47,0x39,0xff,0x54,0x51,0x43,0xff,0x69,0x68,0x5b,0xff,
    0x7f,0x7c,0x6e,0xff,0x59,0x58,0x4d,0xff,0x14,0x13,0x0b,0xff,0x2a,0x18,0x0d,0xff,
    0x50,0x2d,0x15,0xff,0x39,0x22,0x13,0xff,0x49,0x3a,0x2c,0xff,0x57,0x42,0x2f,0xff,
    0x5f,0x45,0x31,0xff,0x60,0x4c,0x38,0xff,0x3f,0x28,0x15,0xff,0x20,0x0e,0x03,0xff,
    0x7a,0x73,0x6b,0xff,0x76,0x58,0x3e,0xff,0x00,0x00,0x00,0x00,0x00,0x00,0x00,0x00,
    0x00,0x00,0x00,0x00,0x00,0x00,0x00,0x00,0x00,0x00,0x00,0x00,0x00,0x00,0x00,0x00,
    0x00,0x00,0x00,0x00,0x00,0x00,0x00,0x00,0x00,0x00,0x00,0x00,0x00,0x00,0x00,0x00,
    0x00,0x00,0x00,0x00,0x00,0x00,0x00,0x00,0x00,0x00,0x00,0x00,0x00,0x00,0x00,0x00,
    0x00,0x00,0x00,0x00,0x00,0x00,0x00,0x00,0x00,0x00,0x00,0x00,0x00,0x00,0x00,0x00,
    0x9d,0x89,0x79,0xff,0x9f,0x8d,0x82,0xff,0x9d,0x92,0x86,0xff,0x6b,0x5c,0x4c,0xff,
    0x3e,0x21,0x13,0xff,0x41,0x2c,0x1f,0xff,0x47,0x39,0x2b,0xff,0x3d,0x2a,0x1e,0xff,
    0x2b,0x1d,0x10,0xff,0x0d,0x0a,0x06,0xff,0x1a,0x10,0x09,0xff,0x59,0x37,0x1e,0xff,
    0x54,0x35,0x1b,0xff,0x23,0x19,0x0e,0xff,0x3d,0x3a,0x31,0xff,0x9b,0x9e,0x95,0xff,
    0x98,0x9e,0x92,0xff,0x7d,0x7f,0x70,0xff,0x70,0x73,0x64,0xff,0x6b,0x6e,0x60,0xff,
    0x68,0x68,0x59,0xff,0x63,0x62,0x54,0xff,0x5a,0x5e,0x4f,0xff,0x57,0x56,0x48,0xff,
    0x52,0x51,0x43,0xff,0x59,0x5a,0x4d,0xff,0x62,0x62,0x56,0xff,0x57,0x56,0x48,0xff,
    0x50,0x50,0x42,0xff,0x4e,0x4c,0x3e,0xff,0x49,0x4a,0x3c,0xff,0x46,0x47,0x39,0xff,
    0x46,0x45,0x37,0xff,0x42,0x43,0x34,0xff,0x42,0x41,0x33,0xff,0x40,0x40,0x32,0xff,
    0x40,0x3f,0x31,0xff,0x3d,0x3e,0x31,0xff,0x3a,0x3d,0x30,0xff,0x3a,0x3c,0x30,0xff,
    0x3d,0x3b,0x2f,0xff,0x3d,0x3e,0x31,0xff,0x3a,0x3c,0x30,0xff,0x36,0x34,0x28,0xff,
    0x33,0x33,0x27,0xff,0x31,0x32,0x26,0xff,0x35,0x34,0x27,0xff,0x36,0x36,0x2a,0xff,
    0x35,0x36,0x2a,0xff,0x35,0x36,0x28,0xff,0x31,0x35,0x27,0xff,0x35,0x34,0x28,0xff,
    0x33,0x34,0x28,0xff,0x32,0x34,0x27,0xff,0x33,0x33,0x27,0xff,0x33,0x34,0x28,0xff,
    0x32,0x33,0x27,0xff,0x30,0x33,0x27,0xff,0x30,0x33,0x27,0xff,0x33,0x33,0x27,0xff,
    0x33,0x32,0x27,0xff,0x2f,0x32,0x26,0xff,0x33,0x32,0x26,0xff,0x33,0x31,0x25,0xff,
    0x31,0x31,0x25,0xff,0x32,0x32,0x26,0xff,0x33,0x31,0x26,0xff,0x31,0x31,0x25,0xff,
    0x31,0x31,0x25,0xff,0x2f,0x32,0x25,0xff,0x2e,0x31,0x25,0xff,0x33,0x30,0x25,0xff,
    0x30,0x31,0x25,0xff,0x31,0x31,0x25,0xff,0x30,0x31,0x25,0xff,0x31,0x32,0x26,0xff,
    0x31,0x32,0x26,0xff,0x31,0x33,0x27,0xff,0x34,0x33,0x28,0xff,0x36,0x32,0x27,0xff,
    0x34,0x34,0x28,0xff,0x36,0x35,0x29,0xff,0x39,0x36,0x2b,0xff,0x39,0x38,0x2c,0xff,
    0x39,0x39,0x2d,0xff,0x3d,0x3a,0x2e,0xff,0x3d,0x3b,0x2f,0xff,0x3c,0x3c,0x2d,0xff,
    0x3e,0x3c,0x2f,0xff,0x3a,0x3d,0x2f,0xff,0x40,0x3e,0x30,0xff,0x43,0x41,0x33,0xff,
    0x45,0x45,0x37,0xff,0x48,0x47,0x39,0xff,0x53,0x53,0x45,0xff,0x6a,0x6a,0x5c,0xff,
    0x7b,0x7d,0x6e,0xff,0x4a,0x4b,0x40,0xff,0x13,0x11,0x0b,0xff,0x35,0x1d,0x10,0xff,
    0x47,0x2b,0x12,0xff,0x29,0x1e,0x13,0xff,0x0a,0x05,0x02,0xff,0x1e,0x16,0x0b,0xff,
    0x32,0x20,0x0d,0xff,0x28,0x1b,0x11,0xff,0x2c,0x1a,0x0f,0xff,0x2b,0x12,0x02,0xff,
    0x72,0x66,0x5b,0xff,0xa4,0x9c,0x94,0xff,0x90,0x7e,0x71,0xff,0x82,0x6b,0x58,0xff,
    0x00,0x00,0x00,0x00,0x00,0x00,0x00,0x00,0x00,0x00,0x00,0x00,0x00,0x00,0x00,0x00,
    0x00,0x00,0x00,0x00,0x00,0x00,0x00,0x00,0x00,0x00,0x00,0x00,0x00,0x00,0x00,0x00,
    0x00,0x00,0x00,0x00,0x00,0x00,0x00,0x00,0x00,0x00,0x00,0x00,0x00,0x00,0x00,0x00,
    0x00,0x00,0x00,0x00,0x00,0x00,0x00,0x00,0x86,0x70,0x60,0xff,0x8b,0x7a,0x70,0xff,
    0x87,0x73,0x63,0xff,0x71,0x52,0x3f,0xff,0x5d,0x3c,0x21,0xff,0x54,0x32,0x14,0xff,
    0x4b,0x25,0x0f,0xff,0x12,0x05,0x00,0xff,0x09,0x09,0x05,0xff,0x34,0x26,0x1b,0xff,
    0x33,0x27,0x1e,0xff,0x02,0x03,0x02,0xff,0x0f,0x0d,0x08,0xff,0x53,0x32,0x1b,0xff,
    0x5a,0x39,0x1c,0xff,0x24,0x19,0x0e,0xff,0x2f,0x2e,0x25,0xff,0x8d,0x91,0x88,0xff,
    0xa0,0xa3,0x98,0xff,0x80,0x81,0x73,0xff,0x74,0x72,0x64,0xff,0x6c,0x6e,0x60,0xff,
    0x67,0x68,0x59,0xff,0x62,0x62,0x54,0xff,0x5c,0x5c,0x4e,0xff,0x54,0x55,0x47,0xff,
    0x4f,0x4f,0x41,0xff,0x59,0x59,0x4c,0xff,0x62,0x62,0x57,0xff,0x55,0x55,0x48,0xff,
    0x4f,0x4f,0x42,0xff,0x4d,0x4b,0x3f,0xff,0x49,0x49,0x3c,0xff,0x47,0x46,0x3a,0xff,
    0x46,0x44,0x37,0xff,0x41,0x43,0x34,0xff,0x41,0x41,0x33,0xff,0x3f,0x3f,0x33,0xff,
    0x3e,0x3e,0x32,0xff,0x3e,0x3c,0x31,0xff,0x3c,0x3b,0x2f,0xff,0x3a,0x3b,0x2f,0xff,
    0x3b,0x3a,0x2e,0xff,0x3e,0x3e,0x32,0xff,0x3b,0x3c,0x30,0xff,0x33,0x34,0x28,0xff,
    0x32,0x32,0x26,0xff,0x31,0x31,0x25,0xff,0x34,0x34,0x28,0xff,0x36,0x36,0x2a,0xff,
    0x35,0x34,0x28,0xff,0x35,0x33,0x28,0xff,0x30,0x33,0x27,0xff,0x34,0x31,0x26,0xff,
    0x32,0x31,0x26,0xff,0x30,0x32,0x26,0xff,0x32,0x30,0x25,0xff,0x30,0x30,0x24,0xff,
    0x30,0x30,0x24,0xff,0x32,0x2f,0x25,0xff,0x2e,0x30,0x25,0xff,0x31,0x30,0x24,0xff,
    0x30,0x30,0x24,0xff,0x30,0x30,0x25,0xff,0x30,0x30,0x25,0xff,0x30,0x30,0x25,0xff,
    0x2f,0x2e,0x23,0xff,0x30,0x2f,0x24,0xff,0x30,0x30,0x24,0xff,0x30,0x30,0x24,0xff,
    0x31,0x2f,0x24,0xff,0x2f,0x30,0x24,0xff,0x2f,0x30,0x24,0xff,0x32,0x2f,0x23,0xff,
    0x2e,0x30,0x24,0xff,0x30,0x30,0x24,0xff,0x31,0x31,0x25,0xff,0x31,0x31,0x25,0xff,
    0x32,0x31,0x25,0xff,0x33,0x32,0x26,0xff,0x32,0x32,0x26,0xff,0x34,0x32,0x27,0xff,
    0x34,0x33,0x27,0xff,0x35,0x34,0x28,0xff,0x35,0x35,0x29,0xff,0x37,0x36,0x2a,0xff,
    0x38,0x37,0x29,0xff,0x3a,0x39,0x2b,0xff,0x3b,0x39,0x2d,0xff,0x3d,0x3b,0x2d,0xff,
    0x3e,0x3b,0x2d,0xff,0x3c,0x3d,0x2e,0xff,0x43,0x3f,0x31,0xff,0x44,0x42,0x35,0xff,
    0x45,0x45,0x37,0xff,0x49,0x46,0x38,0xff,0x55,0x54,0x46,0xff,0x6d,0x6b,0x5d,0xff,
    0x7c,0x7a,0x6d,0xff,0x39,0x3b,0x31,0xff,0x10,0x10,0x09,0xff,0x43,0x23,0x11,0xff,
    0x3f,0x25,0x0e,0xff,0x2b,0x22,0x1a,0xff,0x05,0x06,0x06,0xff,0x0b,0x06,0x02,0xff,
    0x2d,0x1f,0x11,0xff,0x02,0x01,0x00,0xff,0x18,0x0e,0x08,0xff,0x55,0x37,0x1d,0xff,
    0x42,0x28,0x13,0xff,0x4a,0x35,0x27,0xff,0x67,0x55,0x49,0xff,0x75,0x6c,0x64,0xff,
    0x84,0x79,0x71,0xff,0x87,0x72,0x61,0xff,0x00,0x00,0x00,0x00,0x00,0x00,0x00,0x00,
    0x00,0x00,0x00,0x00,0x00,0x00,0x00,0x00,0x00,0x00,0x00,0x00,0x00,0x00,0x00,0x00,
    0x00,0x00,0x00,0x00,0x00,0x00,0x00,0x00,0x00,0x00,0x00,0x00,0x00,0x00,0x00,0x00,
    0x00,0x00,0x00,0x00,0x96,0x89,0x7d,0xff,0x6d,0x54,0x45,0xff,0x5b,0x3a,0x22,0xff,
    0x61,0x3e,0x20,0xff,0x6a,0x43,0x25,0xff,0x6d,0x43,0x22,0xff,0x62,0x3b,0x18,0xff,
    0x4f,0x26,0x0c,0xff,0x14,0x07,0x03,0xff,0x03,0x03,0x02,0xff,0x31,0x25,0x1f,0xff,
    0x16,0x12,0x0d,0xff,0x00,0x00,0x00,0xff,0x09,0x09,0x05,0xff,0x3e,0x2c,0x15,0xff,
    0x60,0x3b,0x1c,0xff,0x30,0x1c,0x10,0xff,0x23,0x23,0x1b,0xff,0x75,0x7b,0x72,0xff,
    0xa3,0xa7,0x9d,0xff,0x82,0x84,0x77,0xff,0x74,0x72,0x64,0xff,0x6e,0x6d,0x5f,0xff,
    0x67,0x67,0x58,0xff,0x60,0x61,0x53,0xff,0x5c,0x5b,0x4d,0xff,0x53,0x55,0x46,0xff,
    0x4d,0x4d,0x41,0xff,0x56,0x57,0x4b,0xff,0x64,0x61,0x56,0xff,0x55,0x55,0x4a,0xff,
    0x4f,0x4f,0x43,0xff,0x4e,0x4b,0x3f,0xff,0x49,0x48,0x3d,0xff,0x46,0x46,0x3a,0xff,
    0x45,0x43,0x37,0xff,0x43,0x42,0x34,0xff,0x41,0x40,0x32,0xff,0x3f,0x3d,0x32,0xff,
    0x3c,0x3d,0x31,0xff,0x3e,0x3b,0x30,0xff,0x3c,0x3a,0x2f,0xff,0x3b,0x3b,0x2f,0xff,
    0x39,0x3a,0x2e,0xff,0x3d,0x3e,0x32,0xff,0x3b,0x3b,0x2f,0xff,0x31,0x32,0x27,0xff,
    0x31,0x31,0x25,0xff,0x31,0x30,0x25,0xff,0x35,0x33,0x28,0xff,0x2e,0x31,0x24,0xff,
    0x2c,0x2a,0x1f,0xff,0x2e,0x2c,0x21,0xff,0x2c,0x2c,0x20,0xff,0x2c,0x2c,0x20,0xff,
    0x2d,0x2b,0x20,0xff,0x2c,0x2c,0x20,0xff,0x2b,0x2a,0x1f,0xff,0x2b,0x2b,0x21,0xff,
    0x2e,0x2d,0x23,0xff,0x2f,0x2b,0x22,0xff,0x2c,0x2a,0x20,0xff,0x2a,0x2a,0x1f,0xff,
    0x29,0x2a,0x1f,0xff,0x2a,0x28,0x1f,0xff,0x28,0x29,0x1f,0xff,0x2c,0x2b,0x21,0xff,
    0x2c,0x2c,0x22,0xff,0x30,0x2c,0x23,0xff,0x2f,0x2f,0x23,0xff,0x2e,0x2e,0x23,0xff,
    0x30,0x2d,0x22,0xff,0x2f,0x2d,0x22,0xff,0x2e,0x2e,0x22,0xff,0x2f,0x2e,0x23,0xff,
    0x2f,0x2e,0x23,0xff,0x2f,0x2f,0x23,0xff,0x2f,0x2f,0x23,0xff,0x2e,0x2f,0x24,0xff,
    0x32,0x2f,0x24,0xff,0x32,0x30,0x25,0xff,0x32,0x32,0x26,0xff,0x32,0x32,0x26,0xff,
    0x33,0x32,0x26,0xff,0x33,0x33,0x28,0xff,0x33,0x34,0x27,0xff,0x36,0x36,0x27,0xff,
    0x39,0x37,0x2a,0xff,0x3a,0x37,0x2d,0xff,0x38,0x38,0x2d,0xff,0x3e,0x3a,0x2c,0xff,
    0x3e,0x3b,0x2c,0xff,0x3e,0x3d,0x2f,0xff,0x42,0x40,0x32,0xff,0x45,0x42,0x34,0xff,
    0x46,0x45,0x36,0xff,0x47,0x45,0x37,0xff,0x56,0x57,0x48,0xff,0x6e,0x6d,0x5f,0xff,
    0x74,0x73,0x65,0xff,0x2d,0x2b,0x22,0xff,0x19,0x14,0x0b,0xff,0x48,0x25,0x11,0xff,
    0x3b,0x21,0x11,0xff,0x22,0x1c,0x16,0xff,0x00,0x01,0x01,0xff,0x01,0x02,0x01,0xff,
    0x1c,0x12,0x0c,0xff,0x03,0x02,0x02,0xff,0x18,0x0e,0x09,0xff,0x5a,0x37,0x1a,0xff,
    0x4c,0x29,0x0b,0xff,0x4c,0x29,0x0a,0xff,0x42,0x20,0x04,0xff,0x3b,0x1e,0x05,0xff,
    0x49,0x2f,0x1e,0xff,0x6e,0x5e,0x55,0xff,0x97,0x8e,0x84,0xff,0x00,0x00,0x00,0x00,
    0x00,0x00,0x00,0x00,0x00,0x00,0x00,0x00,0x00,0x00,0x00,0x00,0x00,0x00,0x00,0x00,
    0x00,0x00,0x00,0x00,0x00,0x00,0x00,0x00,0x00,0x00,0x00,0x00,0x00,0x00,0x00,0x00,
    0x86,0x77,0x6e,0xff,0x61,0x47,0x32,0xff,0x6e,0x4b,0x32,0xff,0x7a,0x58,0x3c,0xff,
    0x79,0x53,0x33,0xff,0x6e,0x44,0x24,0xff,0x5c,0x36,0x16,0xff,0x4c,0x2a,0x0b,0xff,
    0x3e,0x1c,0x07,0xff,0x0e,0x04,0x01,0xff,0x01,0x04,0x02,0xff,0x0d,0x0b,0x08,0xff,
    0x00,0x01,0x00,0xff,0x02,0x02,0x01,0xff,0x07,0x03,0x03,0xff,0x31,0x20,0x13,0xff,
    0x5d,0x3c,0x1c,0xff,0x38,0x27,0x13,0xff,0x1c,0x1a,0x15,0xff,0x60,0x5f,0x56,0xff,
    0xa1,0xa5,0x9b,0xff,0x85,0x87,0x7a,0xff,0x70,0x72,0x62,0xff,0x69,0x6d,0x5f,0xff,
    0x66,0x67,0x59,0xff,0x60,0x60,0x52,0xff,0x5c,0x59,0x4b,0xff,0x54,0x54,0x46,0xff,
    0x4b,0x4b,0x40,0xff,0x50,0x55,0x49,0xff,0x62,0x62,0x56,0xff,0x54,0x55,0x48,0xff,
    0x4d,0x4e,0x42,0xff,0x4b,0x4b,0x3f,0xff,0x47,0x48,0x3c,0xff,0x46,0x45,0x39,0xff,
    0x42,0x43,0x36,0xff,0x41,0x40,0x33,0xff,0x3e,0x3e,0x31,0xff,0x3d,0x3c,0x31,0xff,
    0x3a,0x3b,0x2f,0xff,0x3b,0x3a,0x2f,0xff,0x37,0x3a,0x2e,0xff,0x37,0x39,0x2d,0xff,
    0x39,0x39,0x2d,0xff,0x3f,0x3d,0x31,0xff,0x3e,0x3a,0x2f,0xff,0x31,0x31,0x25,0xff,
    0x2b,0x2f,0x23,0xff,0x2d,0x2f,0x23,0xff,0x31,0x2f,0x24,0xff,0x2f,0x31,0x25,0xff,
    0x2d,0x2d,0x21,0xff,0x2d,0x2e,0x22,0xff,0x2d,0x2d,0x21,0xff,0x2e,0x2d,0x22,0xff,
    0x2d,0x2d,0x21,0xff,0x2f,0x2e,0x22,0xff,0x2e,0x2d,0x23,0xff,0x2c,0x2c,0x22,0xff,
    0x2b,0x2b,0x21,0xff,0x2b,0x2b,0x21,0xff,0x29,0x2b,0x20,0xff,0x2b,0x2b,0x1f,0xff,
    0x2b,0x2b,0x20,0xff,0x2e,0x2a,0x1f,0xff,0x2b,0x29,0x1f,0xff,0x29,0x2b,0x20,0xff,
    0x28,0x2d,0x22,0xff,0x2d,0x2b,0x21,0xff,0x2d,0x2d,0x21,0xff,0x2c,0x2d,0x21,0xff,
    0x2c,0x2c,0x20,0xff,0x2b,0x2c,0x20,0xff,0x2d,0x2c,0x20,0xff,0x2c,0x2c,0x21,0xff,
    0x2e,0x2c,0x21,0xff,0x2d,0x2d,0x21,0xff,0x2d,0x2d,0x21,0xff,0x2b,0x2e,0x22,0xff,
    0x2e,0x2d,0x22,0xff,0x2c,0x2f,0x23,0xff,0x2e,0x30,0x24,0xff,0x30,0x30,0x24,0xff,
    0x33,0x31,0x26,0xff,0x34,0x31,0x26,0xff,0x33,0x33,0x26,0xff,0x31,0x35,0x28,0xff,
    0x34,0x36,0x2a,0xff,0x39,0x36,0x2b,0xff,0x36,0x37,0x2b,0xff,0x3b,0x38,0x2c,0xff,
    0x3b,0x3b,0x2d,0xff,0x3d,0x3c,0x2f,0xff,0x40,0x3e,0x32,0xff,0x42,0x41,0x35,0xff,
    0x45,0x44,0x37,0xff,0x46,0x44,0x36,0xff,0x59,0x59,0x4a,0xff,0x70,0x71,0x63,0xff,
    0x63,0x64,0x58,0xff,0x1e,0x1b,0x12,0xff,0x2a,0x19,0x0f,0xff,0x47,0x27,0x0e,0xff,
    0x37,0x1e,0x12,0xff,0x12,0x0e,0x0b,0xff,0x00,0x00,0x00,0xff,0x00,0x02,0x01,0xff,
    0x0a,0x08,0x06,0xff,0x01,0x02,0x01,0xff,0x0b,0x08,0x04,0xff,0x49,0x2d,0x12,0xff,
    0x4e,0x2b,0x0c,0xff,0x59,0x33,0x0e,0xff,0x5b,0x34,0x0f,0xff,0x5b,0x32,0x12,0xff,
    0x51,0x2d,0x10,0xff,0x47,0x27,0x10,0xff,0x56,0x45,0x38,0xff,0x9c,0x95,0x8c,0xff,
    0x84,0x69,0x52,0xff,0x00,0x00,0x00,0x00,0x00,0x00,0x00,0x00,0x00,0x00,0x00,0x00,
    0x00,0x00,0x00,0x00,0x00,0x00,0x00,0x00,0x88,0x71,0x5f,0xff,0x79,0x69,0x5e,0xff,
    0x65,0x46,0x2d,0xff,0x7c,0x59,0x3d,0xff,0x81,0x5d,0x40,0xff,0x79,0x51,0x32,0xff,
    0x63,0x3e,0x1d,0xff,0x59,0x33,0x11,0xff,0x55,0x2c,0x0d,0xff,0x4e,0x27,0x0b,0xff,
    0x31,0x17,0x06,0xff,0x06,0x02,0x01,0xff,0x00,0x02,0x00,0xff,0x01,0x02,0x00,0xff,
    0x01,0x02,0x01,0xff,0x01,0x02,0x01,0xff,0x00,0x00,0x00,0xff,0x1c,0x13,0x0b,0xff,
    0x5e,0x3a,0x1e,0xff,0x4f,0x2f,0x16,0xff,0x1f,0x19,0x13,0xff,0x44,0x44,0x3b,0xff,
    0x9b,0x9d,0x93,0xff,0x86,0x8a,0x7e,0xff,0x6f,0x70,0x61,0xff,0x6b,0x6b,0x5f,0xff,
    0x65,0x66,0x5a,0xff,0x5e,0x60,0x52,0xff,0x58,0x58,0x4a,0xff,0x51,0x52,0x45,0xff,
    0x4c,0x4a,0x3e,0xff,0x51,0x52,0x46,0xff,0x62,0x62,0x56,0xff,0x54,0x56,0x49,0xff,
    0x4d,0x4e,0x42,0xff,0x49,0x4a,0x3f,0xff,0x48,0x48,0x3c,0xff,0x43,0x44,0x38,0xff,
    0x3e,0x42,0x36,0xff,0x40,0x3f,0x33,0xff,0x3d,0x3d,0x31,0xff,0x3b,0x3c,0x30,0xff,
    0x3b,0x3b,0x2f,0xff,0x38,0x38,0x2d,0xff,0x39,0x38,0x2c,0xff,0x36,0x37,0x2b,0xff,
    0x36,0x37,0x2b,0xff,0x3c,0x3e,0x31,0xff,0x3b,0x3b,0x2f,0xff,0x31,0x30,0x24,0xff,
    0x2e,0x2e,0x22,0xff,0x2e,0x2e,0x22,0xff,0x2f,0x2e,0x22,0xff,0x2e,0x2e,0x23,0xff,
    0x2d,0x2e,0x23,0xff,0x2e,0x2e,0x23,0xff,0x2c,0x2c,0x21,0xff,0x2a,0x2d,0x21,0xff,
    0x2b,0x2d,0x21,0xff,0x2d,0x2b,0x21,0xff,0x2b,0x2b,0x21,0xff,0x2c,0x2a,0x20,0xff,
    0x2b,0x2b,0x20,0xff,0x2c,0x2a,0x20,0xff,0x2b,0x2a,0x20,0xff,0x2b,0x2a,0x20,0xff,
    0x29,0x2b,0x20,0xff,0x2b,0x2a,0x1f,0xff,0x2b,0x2a,0x20,0xff,0x2d,0x2a,0x21,0xff,
    0x29,0x29,0x1f,0xff,0x2c,0x2b,0x20,0xff,0x2c,0x2c,0x20,0xff,0x2a,0x2b,0x1f,0xff,
    0x2a,0x2a,0x1f,0xff,0x2b,0x2a,0x1f,0xff,0x29,0x2b,0x1f,0xff,0x28,0x2b,0x20,0xff,
    0x2c,0x2a,0x20,0xff,0x2a,0x2a,0x20,0xff,0x2b,0x2c,0x20,0xff,0x2c,0x2c,0x20,0xff,
    0x2b,0x2b,0x21,0xff,0x2e,0x2c,0x22,0xff,0x2d,0x2e,0x22,0xff,0x2d,0x2e,0x23,0xff,
    0x2e,0x30,0x24,0xff,0x31,0x31,0x25,0xff,0x33,0x32,0x27,0xff,0x33,0x33,0x28,0xff,
    0x34,0x34,0x29,0xff,0x37,0x36,0x2a,0xff,0x37,0x37,0x2b,0xff,0x37,0x38,0x2c,0xff,
    0x3a,0x39,0x2e,0xff,0x3b,0x3b,0x30,0xff,0x3a,0x3e,0x32,0xff,0x3f,0x41,0x35,0xff,
    0x45,0x43,0x38,0xff,0x44,0x44,0x36,0xff,0x5b,0x5a,0x4e,0xff,0x73,0x74,0x66,0xff,
    0x4f,0x51,0x44,0xff,0x12,0x13,0x0d,0xff,0x30,0x1e,0x14,0xff,0x47,0x28,0x10,0xff,
    0x23,0x15,0x0b,0xff,0x01,0x00,0x00,0xff,0x03,0x01,0x01,0xff,0x00,0x00,0x00,0xff,
    0x00,0x00,0x00,0xff,0x02,0x01,0x01,0xff,0x05,0x02,0x01,0xff,0x45,0x29,0x13,0xff,
    0x54,0x2d,0x0e,0xff,0x55,0x30,0x0c,0xff,0x52,0x30,0x0c,0xff,0x57,0x2f,0x0d,0xff,
    0x56,0x31,0x0f,0xff,0x59,0x34,0x12,0xff,0x4b,0x28,0x0d,0xff,0x50,0x3c,0x2e,0xff,
    0x9c,0x93,0x8d,0xff,0x84,0x6a,0x55,0xff,0x00,0x00,0x00,0x00,0x00,0x00,0x00,0x00,
    0x00,0x00,0x00,0x00,0x7d,0x62,0x4b,0xff,0x7b,0x70,0x66,0xff,0x6a,0x4b,0x34,0xff,
    0x84,0x60,0x43,0xff,0x87,0x5e,0x41,0xff,0x77,0x53,0x32,0xff,0x65,0x3b,0x19,0xff,
    0x5e,0x33,0x12,0xff,0x4c,0x2a,0x0e,0xff,0x3b,0x1e,0x0b,0xff,0x27,0x15,0x07,0xff,
    0x13,0x0a,0x04,0xff,0x01,0x00,0x00,0xff,0x01,0x01,0x00,0xff,0x03,0x05,0x03,0xff,
    0x03,0x02,0x02,0xff,0x02,0x02,0x01,0xff,0x01,0x01,0x01,0xff,0x0a,0x0a,0x05,0xff,
    0x55,0x35,0x1d,0xff,0x5c,0x37,0x1a,0xff,0x2c,0x20,0x15,0xff,0x2b,0x2e,0x26,0xff,
    0x89,0x8a,0x82,0xff,0x91,0x91,0x86,0xff,0x6c,0x6f,0x62,0xff,0x69,0x69,0x5d,0xff,
    0x64,0x64,0x57,0xff,0x5d,0x5d,0x51,0xff,0x56,0x57,0x49,0xff,0x51,0x51,0x45,0xff,
    0x4a,0x49,0x3e,0xff,0x4f,0x4f,0x43,0xff,0x5e,0x62,0x56,0xff,0x54,0x55,0x4a,0xff,
    0x4e,0x4e,0x42,0xff,0x45,0x4a,0x3e,0xff,0x47,0x46,0x3b,0xff,0x43,0x43,0x37,0xff,
    0x3e,0x40,0x34,0xff,0x3e,0x3e,0x32,0xff,0x3c,0x3c,0x30,0xff,0x39,0x3a,0x2e,0xff,
    0x3b,0x38,0x2d,0xff,0x35,0x37,0x2b,0xff,0x36,0x36,0x2a,0xff,0x35,0x35,0x29,0xff,
    0x36,0x37,0x2b,0xff,0x3d,0x3d,0x33,0xff,0x3b,0x3b,0x2f,0xff,0x2d,0x2d,0x22,0xff,
    0x29,0x28,0x1d,0xff,0x28,0x27,0x1c,0xff,0x26,0x26,0x1b,0xff,0x27,0x25,0x1b,0xff,
    0x24,0x25,0x1b,0xff,0x24,0x25,0x1b,0xff,0x26,0x23,0x1a,0xff,0x22,0x24,0x1a,0xff,
    0x23,0x23,0x19,0xff,0x25,0x23,0x19,0xff,0x23,0x24,0x1a,0xff,0x24,0x24,0x19,0xff,
    0x25,0x24,0x1a,0xff,0x22,0x24,0x19,0xff,0x24,0x23,0x1a,0xff,0x24,0x23,0x1a,0xff,
    0x23,0x24,0x1a,0xff,0x24,0x23,0x19,0xff,0x25,0x25,0x1b,0xff,0x26,0x25,0x1b,0xff,
    0x26,0x25,0x1b,0xff,0x29,0x29,0x1f,0xff,0x2a,0x29,0x1e,0xff,0x29,0x28,0x1e,0xff,
    0x27,0x29,0x1e,0xff,0x2b,0x28,0x1e,0xff,0x29,0x29,0x1e,0xff,0x27,0x29,0x1f,0xff,
    0x2a,0x29,0x1f,0xff,0x2a,0x29,0x1f,0xff,0x29,0x2a,0x1f,0xff,0x2c,0x29,0x1f,0xff,
    0x29,0x2a,0x1f,0xff,0x2c,0x2b,0x20,0xff,0x2d,0x2d,0x21,0xff,0x2d,0x2e,0x22,0xff,
    0x2e,0x2e,0x22,0xff,0x30,0x30,0x24,0xff,0x31,0x31,0x25,0xff,0x32,0x33,0x26,0xff,
    0x34,0x34,0x28,0xff,0x33,0x35,0x29,0xff,0x37,0x34,0x29,0xff,0x35,0x36,0x2b,0xff,
    0x36,0x37,0x2b,0xff,0x3c,0x3a,0x2e,0xff,0x3b,0x3c,0x30,0xff,0x3e,0x3f,0x33,0xff,
    0x42,0x42,0x35,0xff,0x45,0x45,0x38,0xff,0x5f,0x5d,0x52,0xff,0x72,0x72,0x66,0xff,
    0x36,0x3a,0x2d,0xff,0x17,0x13,0x0d,0xff,0x3a,0x22,0x14,0xff,0x43,0x26,0x10,0xff,
    0x16,0x0d,0x06,0xff,0x00,0x00,0x00,0xff,0x02,0x02,0x01,0xff,0x06,0x08,0x06,0xff,
    0x0d,0x0d,0x0c,0xff,0x01,0x00,0x00,0xff,0x00,0x00,0x00,0xff,0x1c,0x10,0x09,0xff,
    0x34,0x1b,0x0b,0xff,0x45,0x29,0x0c,0xff,0x54,0x30,0x0d,0xff,0x56,0x30,0x0b,0xff,
    0x56,0x30,0x0c,0xff,0x5b,0x32,0x12,0xff,0x61,0x36,0x16,0xff,0x4e,0x2e,0x11,0xff,
    0x52,0x3d,0x2c,0xff,0x9e,0x98,0x92,0xff,0x73,0x53,0x3a,0xff,0x00,0x00,0x00,0x00,
    0x00,0x00,0x00,0x00,0x6e,0x63,0x5a,0xff,0x60,0x4c,0x37,0xff,0x8b,0x64,0x47,0xff,
    0x8c,0x61,0x43,0xff,0x85,0x5a,0x39,0xff,0x61,0x3c,0x1b,0xff,0x41,0x27,0x10,0xff,
    0x24,0x14,0x09,0xff,0x0d,0x07,0x03,0xff,0x05,0x05,0x04,0xff,0x00,0x03,0x03,0xff,
    0x00,0x00,0x00,0xff,0x09,0x05,0x04,0xff,0x0f,0x0c,0x09,0xff,0x02,0x04,0x03,0xff,
    0x00,0x00,0x00,0xff,0x02,0x00,0x00,0xff,0x05,0x03,0x02,0xff,0x05,0x02,0x01,0xff,
    0x40,0x2a,0x16,0xff,0x61,0x3e,0x1c,0xff,0x3a,0x27,0x18,0xff,0x22,0x21,0x1b,0xff,
    0x6e,0x70,0x6a,0xff,0x98,0x98,0x8f,0xff,0x70,0x70,0x64,0xff,0x66,0x65,0x59,0xff,
    0x62,0x61,0x56,0xff,0x5b,0x5b,0x4f,0xff,0x51,0x54,0x47,0xff,0x4d,0x4d,0x41,0xff,
    0x47,0x46,0x3a,0xff,0x49,0x47,0x3d,0xff,0x5c,0x5f,0x54,0xff,0x53,0x57,0x4c,0xff,
    0x4e,0x4f,0x45,0xff,0x4b,0x4c,0x41,0xff,0x48,0x49,0x3d,0xff,0x43,0x46,0x3a,0xff,
    0x42,0x43,0x36,0xff,0x3e,0x40,0x35,0xff,0x3d,0x3c,0x32,0xff,0x3a,0x3a,0x30,0xff,
    0x38,0x39,0x2e,0xff,0x39,0x38,0x2d,0xff,0x38,0x37,0x2c,0xff,0x39,0x36,0x2b,0xff,
    0x37,0x38,0x2d,0xff,0x3b,0x3b,0x30,0xff,0x32,0x32,0x28,0xff,0x21,0x20,0x16,0xff,
    0x1f,0x1d,0x14,0xff,0x1e,0x1d,0x13,0xff,0x1a,0x1d,0x13,0xff,0x1a,0x1c,0x12,0xff,
    0x1d,0x1c,0x12,0xff,0x1b,0x1b,0x10,0xff,0x1c,0x1a,0x11,0xff,0x1a,0x19,0x0f,0xff,
    0x19,0x19,0x0e,0xff,0x17,0x1a,0x0f,0xff,0x1a,0x1a,0x0f,0xff,0x17,0x1a,0x0f,0xff,
    0x18,0x19,0x0f,0xff,0x18,0x1a,0x10,0xff,0x19,0x18,0x10,0xff,0x19,0x19,0x11,0xff,
    0x19,0x19,0x11,0xff,0x17,0x1a,0x10,0xff,0x19,0x1b,0x10,0xff,0x1b,0x1b,0x12,0xff,
    0x20,0x1d,0x13,0xff,0x24,0x25,0x1a,0xff,0x26,0x28,0x1d,0xff,0x27,0x27,0x1d,0xff,
    0x29,0x28,0x1e,0xff,0x29,0x27,0x1e,0xff,0x28,0x27,0x1e,0xff,0x28,0x27,0x1e,0xff,
    0x26,0x28,0x1e,0xff,0x29,0x29,0x1f,0xff,0x28,0x29,0x1e,0xff,0x28,0x28,0x1e,0xff,
    0x2a,0x28,0x1f,0xff,0x2b,0x2a,0x1f,0xff,0x2d,0x2b,0x21,0xff,0x2c,0x2c,0x21,0xff,
    0x2d,0x2e,0x22,0xff,0x2e,0x2f,0x23,0xff,0x30,0x30,0x24,0xff,0x33,0x32,0x26,0xff,
    0x33,0x33,0x27,0xff,0x32,0x34,0x28,0xff,0x33,0x35,0x29,0xff,0x36,0x35,0x29,0xff,
    0x37,0x36,0x2a,0xff,0x3a,0x38,0x2c,0xff,0x3c,0x3a,0x2f,0xff,0x3c,0x3d,0x31,0xff,
    0x3d,0x3f,0x33,0xff,0x48,0x45,0x3a,0xff,0x5f,0x62,0x56,0xff,0x6a,0x69,0x5d,0xff,
    0x24,0x23,0x1c,0xff,0x1e,0x1a,0x10,0xff,0x43,0x23,0x12,0xff,0x3f,0x22,0x10,0xff,
    0x0d,0x06,0x03,0xff,0x01,0x00,0x00,0xff,0x01,0x00,0x00,0xff,0x06,0x06,0x05,0xff,
    0x10,0x12,0x10,0xff,0x0a,0x09,0x05,0xff,0x05,0x05,0x03,0xff,0x00,0x00,0x00,0xff,
    0x03,0x03,0x03,0xff,0x0d,0x07,0x03,0xff,0x21,0x12,0x07,0xff,0x3d,0x23,0x0c,0xff,
    0x55,0x30,0x10,0xff,0x5d,0x33,0x0e,0xff,0x5d,0x33,0x0f,0xff,0x62,0x3a,0x17,0xff,
    0x51,0x2d,0x13,0xff,0x65,0x54,0x48,0xff,0x9d,0x8c,0x80,0xff,0x5a,0x33,0x14,0xff,
    0x79,0x61,0x4b,0xff,0x62,0x51,0x4a,0xff,0x88,0x5f,0x44,0xff,0x95,0x6a,0x49,0xff,
    0x7f,0x58,0x3b,0xff,0x46,0x2d,0x19,0xff,0x1c,0x0e,0x06,0xff,0x06,0x03,0x01,0xff,
    0x04,0x05,0x04,0xff,0x07,0x06,0x04,0xff,0x02,0x01,0x00,0xff,0x00,0x00,0x00,0xff,
    0x07,0x08,0x05,0xff,0x33,0x25,0x1b,0xff,0x30,0x1f,0x15,0xff,0x1b,0x10,0x09,0xff,
    0x2e,0x2c,0x27,0xff,0x0c,0x0f,0x0b,0xff,0x00,0x01,0x00,0xff,0x01,0x01,0x01,0xff,
    0x31,0x22,0x10,0xff,0x66,0x3e,0x20,0xff,0x47,0x2d,0x1a,0xff,0x24,0x1f,0x19,0xff,
    0x55,0x54,0x4d,0xff,0x9a,0x9b,0x91,0xff,0x6f,0x72,0x66,0xff,0x60,0x60,0x54,0xff,
    0x5b,0x5b,0x50,0xff,0x55,0x52,0x48,0xff,0x4c,0x4c,0x41,0xff,0x46,0x46,0x3b,0xff,
    0x40,0x41,0x37,0xff,0x3e,0x3c,0x33,0xff,0x48,0x47,0x3d,0xff,0x4a,0x48,0x3e,0xff,
    0x42,0x44,0x3a,0xff,0x41,0x41,0x37,0xff,0x3d,0x3e,0x34,0xff,0x3b,0x3b,0x31,0xff,
    0x3c,0x38,0x2e,0xff,0x34,0x35,0x2b,0xff,0x33,0x33,0x29,0xff,0x35,0x30,0x26,0xff,
    0x2e,0x2e,0x24,0xff,0x2d,0x2d,0x23,0xff,0x2a,0x2c,0x21,0xff,0x2c,0x2b,0x21,0xff,
    0x2a,0x28,0x1e,0xff,0x27,0x25,0x1b,0xff,0x21,0x20,0x16,0xff,0x1c,0x1d,0x13,0xff,
    0x1d,0x1d,0x13,0xff,0x1c,0x1d,0x13,0xff,0x1d,0x1b,0x13,0xff,0x1b,0x1c,0x13,0xff,
    0x1c,0x1c,0x13,0xff,0x1b,0x1b,0x11,0xff,0x1c,0x1d,0x12,0xff,0x20,0x1b,0x12,0xff,
    0x1c,0x19,0x10,0xff,0x1a,0x1a,0x11,0xff,0x1d,0x19,0x11,0xff,0x1b,0x1a,0x10,0xff,
    0x1a,0x1a,0x10,0xff,0x18,0x1b,0x10,0xff,0x1a,0x1b,0x11,0xff,0x1b,0x1b,0x11,0xff,
    0x1d,0x1a,0x10,0xff,0x1d,0x1c,0x13,0xff,0x1b,0x19,0x12,0xff,0x19,0x1b,0x12,0xff,
    0x1c,0x1a,0x11,0xff,0x1f,0x1d,0x13,0xff,0x23,0x20,0x17,0xff,0x20,0x20,0x16,0xff,
    0x21,0x20,0x17,0xff,0x21,0x21,0x17,0xff,0x23,0x21,0x17,0xff,0x26,0x21,0x17,0xff,
    0x22,0x21,0x18,0xff,0x23,0x22,0x18,0xff,0x25,0x21,0x18,0xff,0x23,0x23,0x18,0xff,
    0x23,0x23,0x19,0xff,0x23,0x24,0x1a,0xff,0x27,0x25,0x1b,0xff,0x27,0x25,0x1b,0xff,
    0x29,0x26,0x1d,0xff,0x29,0x29,0x1e,0xff,0x28,0x29,0x1f,0xff,0x2b,0x2b,0x20,0xff,
    0x2d,0x2c,0x22,0xff,0x30,0x2c,0x22,0xff,0x2e,0x2e,0x23,0xff,0x2f,0x2f,0x24,0xff,
    0x31,0x31,0x25,0xff,0x33,0x33,0x27,0xff,0x39,0x35,0x2a,0xff,0x3b,0x39,0x2e,0xff,
    0x3b,0x3d,0x30,0xff,0x4a,0x48,0x3d,0xff,0x66,0x66,0x5a,0xff,0x5a,0x58,0x4e,0xff,
    0x19,0x16,0x11,0xff,0x2f,0x1e,0x15,0xff,0x41,0x23,0x11,0xff,0x33,0x22,0x11,0xff,
    0x07,0x06,0x04,0xff,0x00,0x02,0x01,0xff,0x05,0x08,0x05,0xff,0x2c,0x2b,0x25,0xff,
    0x21,0x1d,0x17,0xff,0x19,0x0c,0x05,0xff,0x27,0x1b,0x13,0xff,0x0d,0x08,0x03,0xff,
    0x03,0x03,0x03,0xff,0x0b,0x0b,0x0b,0xff,0x04,0x02,0x00,0xff,0x0e,0x07,0x03,0xff,
    0x1d,0x10,0x05,0xff,0x39,0x27,0x0b,0xff,0x55,0x33,0x13,0xff,0x63,0x37,0x15,0xff,
    0x67,0x3d,0x19,0xff,0x4c,0x30,0x14,0xff,0x81,0x7a,0x71,0xff,0x83,0x69,0x55,0xff,
    0x8c,0x7f,0x70,0xff,0x6f,0x5a,0x49,0xff,0x95,0x6f,0x52,0xff,0x5f,0x43,0x2e,0xff,
    0x20,0x12,0x09,0xff,0x08,0x07,0x05,0xff,0x0f,0x0f,0x0d,0xff,0x0f,0x0f,0x0c,0xff,
    0x06,0x08,0x04,0xff,0x0d,0x0f,0x0d,0xff,0x2e,0x2d,0x2a,0xff,0x77,0x73,0x6d,0xff,
    0x57,0x53,0x4c,0xff,0x35,0x21,0x11,0xff,0x25,0x12,0x06,0xff,0x3f,0x2f,0x21,0xff,
    0x6e,0x68,0x5c,0xff,0x20,0x1f,0x1b,0xff,0x14,0x13,0x11,0xff,0x00,0x00,0x00,0xff,
    0x26,0x19,0x0e,0xff,0x61,0x3d,0x1f,0xff,0x4f,0x30,0x16,0xff,0x26,0x22,0x19,0xff,
    0x3d,0x3d,0x37,0xff,0x95,0x95,0x8d,0xff,0x77,0x78,0x6d,0xff,0x5d,0x5d,0x51,0xff,
    0x55,0x56,0x4a,0xff,0x4f,0x50,0x45,0xff,0x4a,0x4a,0x3e,0xff,0x44,0x45,0x38,0xff,
    0x40,0x3f,0x35,0xff,0x3b,0x3a,0x30,0xff,0x34,0x34,0x2a,0xff,0x33,0x33,0x28,0xff,
    0x2f,0x30,0x26,0xff,0x2e,0x2d,0x24,0xff,0x2a,0x2d,0x23,0xff,0x2c,0x2d,0x23,0xff,
    0x2e,0x2c,0x23,0xff,0x2b,0x2b,0x21,0xff,0x2b,0x2a,0x21,0xff,0x28,0x28,0x1e,0xff,
    0x26,0x25,0x1b,0xff,0x24,0x23,0x19,0xff,0x23,0x22,0x18,0xff,0x22,0x21,0x17,0xff,
    0x1f,0x1f,0x15,0xff,0x1b,0x1c,0x13,0xff,0x1c,0x1c,0x13,0xff,0x1c,0x1c,0x13,0xff,
    0x1c,0x1d,0x14,0xff,0x1b,0x1c,0x13,0xff,0x19,0x1b,0x12,0xff,0x1a,0x1b,0x12,0xff,
    0x19,0x1a,0x11,0xff,0x1b,0x1b,0x12,0xff,0x1f,0x22,0x18,0xff,0x1d,0x1c,0x13,0xff,
    0x1a,0x18,0x10,0xff,0x1a,0x18,0x10,0xff,0x19,0x17,0x0f,0xff,0x19,0x19,0x0f,0xff,
    0x18,0x19,0x0f,0xff,0x18,0x19,0x0f,0xff,0x19,0x19,0x0f,0xff,0x18,0x19,0x0f,0xff,
    0x19,0x19,0x0e,0xff,0x1e,0x1c,0x12,0xff,0x1c,0x1a,0x12,0xff,0x1b,0x19,0x11,0xff,
    0x1c,0x19,0x12,0xff,0x1b,0x19,0x11,0xff,0x1a,0x19,0x11,0xff,0x1b,0x1a,0x11,0xff,
    0x1d,0x19,0x11,0xff,0x1a,0x1a,0x12,0xff,0x1b,0x1c,0x12,0xff,0x1e,0x1c,0x14,0xff,
    0x1e,0x1c,0x13,0xff,0x1e,0x1d,0x14,0xff,0x1e,0x1e,0x14,0xff,0x1f,0x1d,0x14,0xff,
    0x20,0x1e,0x15,0xff,0x20,0x1f,0x15,0xff,0x21,0x20,0x16,0xff,0x21,0x21,0x16,0xff,
    0x22,0x21,0x17,0xff,0x23,0x22,0x19,0xff,0x25,0x24,0x1a,0xff,0x26,0x26,0x1c,0xff,
    0x28,0x27,0x1d,0xff,0x26,0x26,0x1c,0xff,0x27,0x26,0x1c,0xff,0x2a,0x28,0x1f,0xff,
    0x2d,0x2c,0x21,0xff,0x2d,0x2e,0x23,0xff,0x33,0x31,0x26,0xff,0x36,0x35,0x29,0xff,
    0x3a,0x39,0x2d,0xff,0x4e,0x4e,0x42,0xff,0x69,0x69,0x5d,0xff,0x45,0x42,0x3a,0xff,
    0x13,0x15,0x0d,0xff,0x38,0x1f,0x14,0xff,0x43,0x25,0x11,0xff,0x2d,0x22,0x12,0xff,
    0x07,0x05,0x03,0xff,0x1e,0x20,0x1c,0xff,0x14,0x14,0x10,0xff,0x53,0x51,0x48,0xff,
    0x41,0x3c,0x33,0xff,0x12,0x09,0x00,0xff,0x27,0x18,0x09,0xff,0x29,0x1c,0x11,0xff,
    0x61,0x5b,0x54,0xff,0x53,0x4f,0x4a,0xff,0x29,0x25,0x21,0xff,0x18,0x0f,0x08,0xff,
    0x15,0x0f,0x07,0xff,0x12,0x0b,0x05,0xff,0x1f,0x12,0x09,0xff,0x41,0x29,0x0f,0xff,
    0x64,0x3d,0x1a,0xff,0x66,0x3c,0x1a,0xff,0x62,0x4b,0x38,0xff,0x9c,0x8c,0x80,0xff,
    0x8f,0x8c,0x82,0xff,0x5b,0x4c,0x3c,0xff,0x36,0x29,0x1d,0xff,0x08,0x05,0x01,0xff,
    0x13,0x13,0x10,0xff,0x1c,0x1b,0x1a,0xff,0x12,0x16,0x13,0xff,0x1b,0x1e,0x1c,0xff,
    0x3f,0x3c,0x37,0xff,0x62,0x52,0x43,0xff,0x67,0x44,0x29,0xff,0x83,0x66,0x4f,0xff,
    0x5e,0x59,0x51,0xff,0x2f,0x1c,0x0c,0xff,0x16,0x07,0x01,0xff,0x5a,0x46,0x34,0xff,
    0x6f,0x6c,0x5d,0xff,0x1d,0x1c,0x17,0xff,0x37,0x37,0x31,0xff,0x08,0x08,0x08,0xff,
    0x12,0x0e,0x07,0xff,0x5c,0x3e,0x20,0xff,0x5a,0x36,0x17,0xff,0x2b,0x25,0x1b,0xff,
    0x2b,0x2b,0x26,0xff,0x84,0x83,0x7a,0xff,0x7f,0x80,0x75,0xff,0x5b,0x5c,0x50,0xff,
    0x53,0x54,0x49,0xff,0x4e,0x4f,0x44,0xff,0x49,0x49,0x3d,0xff,0x41,0x43,0x37,0xff,
    0x3f,0x3e,0x32,0xff,0x39,0x38,0x2e,0xff,0x34,0x35,0x2b,0xff,0x30,0x31,0x27,0xff,
    0x2f,0x30,0x26,0xff,0x2e,0x2e,0x26,0xff,0x2a,0x2c,0x22,0xff,0x26,0x28,0x1d,0xff,
    0x24,0x25,0x1b,0xff,0x27,0x23,0x1a,0xff,0x22,0x22,0x18,0xff,0x1e,0x20,0x16,0xff,
    0x21,0x1e,0x14,0xff,0x1e,0x1e,0x14,0xff,0x20,0x1e,0x14,0xff,0x1e,0x1e,0x14,0xff,
    0x1c,0x1e,0x14,0xff,0x1c,0x1d,0x14,0xff,0x1b,0x1d,0x14,0xff,0x1b,0x1c,0x13,0xff,
    0x1c,0x1c,0x13,0xff,0x19,0x1b,0x12,0xff,0x18,0x1a,0x11,0xff,0x19,0x1a,0x11,0xff,
    0x19,0x18,0x10,0xff,0x1c,0x1d,0x14,0xff,0x1e,0x1f,0x16,0xff,0x18,0x19,0x10,0xff,
    0x18,0x17,0x0f,0xff,0x1a,0x17,0x0f,0xff,0x14,0x18,0x0e,0xff,0x18,0x17,0x0e,0xff,
    0x17,0x17,0x0e,0xff,0x16,0x17,0x0e,0xff,0x17,0x18,0x0f,0xff,0x16,0x18,0x0f,0xff,
    0x16,0x18,0x0f,0xff,0x1b,0x1b,0x12,0xff,0x1b,0x1a,0x12,0xff,0x1a,0x17,0x10,0xff,
    0x1a,0x19,0x10,0xff,0x19,0x19,0x11,0xff,0x1b,0x19,0x11,0xff,0x1c,0x1a,0x11,0xff,
    0x1c,0x19,0x11,0xff,0x1c,0x1a,0x12,0xff,0x1d,0x1d,0x14,0xff,0x1d,0x1d,0x15,0xff,
    0x21,0x1c,0x15,0xff,0x1e,0x1d,0x15,0xff,0x1e,0x1e,0x16,0xff,0x22,0x1d,0x16,0xff,
    0x1f,0x1f,0x15,0xff,0x20,0x1f,0x15,0xff,0x21,0x21,0x16,0xff,0x20,0x22,0x17,0xff,
    0x22,0x21,0x17,0xff,0x23,0x23,0x19,0xff,0x24,0x24,0x19,0xff,0x26,0x25,0x1c,0xff,
    0x26,0x26,0x1b,0xff,0x26,0x26,0x1c,0xff,0x28,0x27,0x1d,0xff,0x2b,0x2a,0x20,0xff,
    0x2e,0x2d,0x23,0xff,0x32,0x30,0x26,0xff,0x34,0x34,0x29,0xff,0x39,0x36,0x2b,0xff,
    0x3e,0x39,0x2f,0xff,0x53,0x53,0x47,0xff,0x69,0x68,0x5a,0xff,0x2e,0x2c,0x25,0xff,
    0x19,0x19,0x10,0xff,0x3a,0x1f,0x12,0xff,0x46,0x29,0x16,0xff,0x1f,0x1a,0x10,0xff,
    0x0f,0x0f,0x0c,0xff,0x41,0x42,0x3a,0xff,0x0f,0x0f,0x0a,0xff,0x53,0x4f,0x48,0xff,
    0x49,0x43,0x37,0xff,0x14,0x08,0x01,0xff,0x26,0x14,0x07,0xff,0x31,0x22,0x17,0xff,
    0x86,0x75,0x6a,0xff,0x72,0x4e,0x31,0xff,0x6f,0x55,0x41,0xff,0x56,0x49,0x40,0xff,
    0x34,0x32,0x2e,0xff,0x1c,0x18,0x12,0xff,0x0d,0x08,0x02,0xff,0x0a,0x07,0x02,0xff,
    0x22,0x17,0x0c,0xff,0x4f,0x31,0x1a,0xff,0x50,0x38,0x1f,0xff,0x8f,0x83,0x7a,0xff,
    0x70,0x71,0x6c,0xff,0x06,0x00,0x00,0xff,0x00,0x00,0x00,0xff,0x16,0x1a,0x1a,0xff,
    0x2b,0x2f,0x2b,0xff,0x3e,0x3c,0x38,0xff,0x54,0x4b,0x41,0xff,0x6f,0x5a,0x47,0xff,
    0x6e,0x4b,0x2f,0xff,0x00,0x00,0x00,0x00,0x00,0x00,0x00,0x00,0x00,0x00,0x00,0x00,
    0x58,0x4f,0x46,0xff,0x31,0x1d,0x0b,0xff,0x1d,0x05,0x00,0xff,0x7a,0x5d,0x4b,0xff,
    0x75,0x6e,0x60,0xff,0x1b,0x19,0x15,0xff,0x37,0x3a,0x33,0xff,0x25,0x28,0x23,0xff,
    0x12,0x10,0x0c,0xff,0x4a,0x34,0x1c,0xff,0x65,0x3e,0x1c,0xff,0x34,0x26,0x18,0xff,
    0x20,0x25,0x1e,0xff,0x65,0x66,0x5d,0xff,0x85,0x85,0x7a,0xff,0x5a,0x5b,0x4f,0xff,
    0x55,0x53,0x48,0xff,0x50,0x4e,0x42,0xff,0x48,0x49,0x3d,0xff,0x46,0x42,0x37,0xff,
    0x3f,0x3e,0x32,0xff,0x39,0x39,0x2e,0xff,0x37,0x34,0x2a,0xff,0x32,0x33,0x29,0xff,
    0x2b,0x2d,0x23,0xff,0x22,0x25,0x1a,0xff,0x27,0x28,0x1e,0xff,0x35,0x32,0x28,0xff,
    0x39,0x39,0x2f,0xff,0x3a,0x3b,0x31,0xff,0x3a,0x38,0x2e,0xff,0x31,0x35,0x2a,0xff,
    0x2d,0x2e,0x24,0xff,0x27,0x26,0x1c,0xff,0x1f,0x1e,0x14,0xff,0x1b,0x1a,0x10,0xff,
    0x1c,0x1b,0x11,0xff,0x1b,0x1c,0x14,0xff,0x1c,0x1b,0x13,0xff,0x1f,0x1c,0x14,0xff,
    0x1a,0x1d,0x13,0xff,0x1c,0x1a,0x12,0xff,0x1a,0x1a,0x11,0xff,0x19,0x19,0x11,0xff,
    0x15,0x18,0x0f,0xff,0x1b,0x1c,0x13,0xff,0x19,0x19,0x11,0xff,0x18,0x16,0x0e,0xff,
    0x14,0x17,0x0e,0xff,0x17,0x17,0x0e,0xff,0x15,0x17,0x0e,0xff,0x14,0x17,0x0e,0xff,
    0x16,0x17,0x0e,0xff,0x16,0x16,0x0e,0xff,0x16,0x16,0x0d,0xff,0x18,0x16,0x0e,0xff,
    0x17,0x16,0x0f,0xff,0x17,0x17,0x10,0xff,0x1f,0x1a,0x12,0xff,0x1a,0x18,0x10,0xff,
    0x1a,0x18,0x0f,0xff,0x1c,0x18,0x10,0xff,0x1b,0x19,0x11,0xff,0x1a,0x19,0x11,0xff,
    0x19,0x19,0x11,0xff,0x1b,0x19,0x11,0xff,0x1d,0x19,0x11,0xff,0x1b,0x1a,0x12,0xff,
    0x1b,0x1a,0x12,0xff,0x1c,0x1a,0x12,0xff,0x1a,0x1c,0x13,0xff,0x1e,0x1d,0x15,0xff,
    0x1f,0x1d,0x14,0xff,0x20,0x1f,0x15,0xff,0x20,0x1f,0x15,0xff,0x24,0x1f,0x16,0xff,
    0x22,0x21,0x17,0xff,0x25,0x22,0x19,0xff,0x27,0x24,0x1a,0xff,0x25,0x25,0x1b,0xff,
    0x28,0x26,0x1c,0xff,0x29,0x27,0x1d,0xff,0x2a,0x29,0x1f,0xff,0x2a,0x2c,0x22,0xff,
    0x2f,0x2e,0x24,0xff,0x33,0x31,0x27,0xff,0x39,0x34,0x2a,0xff,0x36,0x37,0x2b,0xff,
    0x3c,0x3a,0x2e,0xff,0x57,0x58,0x4a,0xff,0x5d,0x5e,0x51,0xff,0x1b,0x1c,0x15,0xff,
    0x25,0x1d,0x12,0xff,0x3f,0x22,0x12,0xff,0x45,0x2b,0x18,0xff,0x18,0x19,0x11,0xff,
    0x29,0x2b,0x26,0xff,0x4d,0x49,0x3f,0xff,0x0d,0x0d,0x07,0xff,0x53,0x50,0x48,0xff,
    0x58,0x4f,0x41,0xff,0x1b,0x0a,0x00,0xff,0x29,0x14,0x06,0xff,0x2c,0x1e,0x11,0xff,
    0x8e,0x83,0x7a,0xff,0x62,0x3c,0x1f,0xff,0x00,0x00,0x00,0x00,0x00,0x00,0x00,0x00,
    0x70,0x56,0x40,0xff,0x5d,0x52,0x45,0xff,0x41,0x3c,0x38,0xff,0x1d,0x1f,0x1c,0xff,
    0x06,0x0a,0x08,0xff,0x09,0x07,0x03,0xff,0x27,0x22,0x19,0xff,0x77,0x74,0x6b,0xff,
    0x7b,0x6a,0x59,0xff,0x3c,0x40,0x40,0xff,0x5f,0x59,0x4f,0xff,0x69,0x53,0x3f,0xff,
    0x67,0x49,0x31,0xff,0x6f,0x4d,0x32,0xff,0x00,0x00,0x00,0x00,0x00,0x00,0x00,0x00,
    0x00,0x00,0x00,0x00,0x00,0x00,0x00,0x00,0x00,0x00,0x00,0x00,0x00,0x00,0x00,0x00,
    0x58,0x4f,0x46,0xff,0x32,0x1d,0x0b,0xff,0x1c,0x07,0x00,0xff,0x85,0x6e,0x5b,0xff,
    0x74,0x6f,0x61,0xff,0x1e,0x1c,0x18,0xff,0x3a,0x37,0x2f,0xff,0x3f,0x44,0x3b,0xff,
    0x3c,0x40,0x3f,0xff,0x33,0x24,0x14,0xff,0x6c,0x49,0x24,0xff,0x3d,0x28,0x17,0xff,
    0x23,0x21,0x1d,0xff,0x49,0x4b,0x43,0xff,0x85,0x83,0x78,0xff,0x59,0x5b,0x4f,0xff,
    0x51,0x52,0x46,0xff,0x50,0x4d,0x42,0xff,0x45,0x48,0x3c,0xff,0x41,0x42,0x36,0xff,
    0x40,0x3e,0x32,0xff,0x39,0x3b,0x2f,0xff,0x35,0x36,0x2b,0xff,0x2a,0x2b,0x20,0xff,
    0x33,0x32,0x27,0xff,0x4f,0x4e,0x44,0xff,0x5a,0x5a,0x4f,0xff,0x4f,0x51,0x47,0xff,
    0x47,0x45,0x3c,0xff,0x41,0x40,0x36,0xff,0x3f,0x3d,0x33,0xff,0x3e,0x3d,0x33,0xff,
    0x3e,0x3d,0x34,0xff,0x41,0x40,0x36,0xff,0x40,0x3f,0x35,0xff,0x34,0x38,0x2c,0xff,
    0x29,0x27,0x1e,0xff,0x1a,0x1b,0x12,0xff,0x17,0x1b,0x12,0xff,0x1d,0x1c,0x13,0xff,
    0x19,0x1b,0x12,0xff,0x18,0x1a,0x12,0xff,0x17,0x1a,0x11,0xff,0x19,0x18,0x10,0xff,
    0x18,0x17,0x0f,0xff,0x1a,0x19,0x11,0xff,0x13,0x17,0x0e,0xff,0x15,0x17,0x0e,0xff,
    0x17,0x16,0x0e,0xff,0x16,0x17,0x0e,0xff,0x17,0x17,0x0e,0xff,0x17,0x16,0x0e,0xff,
    0x15,0x16,0x0d,0xff,0x17,0x16,0x0d,0xff,0x14,0x16,0x0d,0xff,0x16,0x15,0x0d,0xff,
    0x17,0x14,0x0f,0xff,0x12,0x15,0x0e,0xff,0x1a,0x1a,0x11,0xff,0x1b,0x18,0x10,0xff,
    0x18,0x18,0x0f,0xff,0x18,0x19,0x10,0xff,0x19,0x18,0x10,0xff,0x1a,0x17,0x0f,0xff,
    0x1c,0x19,0x12,0xff,0x1c,0x1c,0x14,0xff,0x1a,0x1b,0x13,0xff,0x1d,0x1b,0x13,0xff,
    0x1e,0x1c,0x13,0xff,0x1d,0x1b,0x13,0xff,0x1f,0x1c,0x14,0xff,0x20,0x1d,0x15,0xff,
    0x1f,0x1e,0x15,0xff,0x20,0x1e,0x16,0xff,0x1e,0x20,0x16,0xff,0x23,0x20,0x17,0xff,
    0x21,0x21,0x17,0xff,0x20,0x23,0x18,0xff,0x26,0x23,0x1a,0xff,0x25,0x25,0x1b,0xff,
    0x27,0x27,0x1d,0xff,0x27,0x28,0x1e,0xff,0x2b,0x29,0x1f,0xff,0x2d,0x2c,0x22,0xff,
    0x32,0x2e,0x23,0xff,0x31,0x30,0x26,0xff,0x36,0x34,0x29,0xff,0x38,0x35,0x2a,0xff,
    0x3e,0x3c,0x2f,0xff,0x60,0x5e,0x4f,0xff,0x4d,0x4a,0x42,0xff,0x14,0x15,0x0f,0xff,
    0x31,0x20,0x13,0xff,0x46,0x26,0x15,0xff,0x35,0x26,0x16,0xff,0x39,0x39,0x32,0xff,
    0x43,0x46,0x3f,0xff,0x49,0x49,0x3f,0xff,0x12,0x10,0x0a,0xff,0x50,0x4e,0x46,0xff,
    0x67,0x60,0x51,0xff,0x26,0x12,0x04,0xff,0x2c,0x12,0x05,0xff,0x2f,0x1d,0x0e,0xff,
    0x8d,0x81,0x76,0xff,0x65,0x41,0x24,0xff,0x00,0x00,0x00,0x00,0x00,0x00,0x00,0x00,
    0x00,0x00,0x00,0x00,0x00,0x00,0x00,0x00,0x6a,0x48,0x2c,0xff,0x69,0x54,0x42,0xff,
    0x52,0x4b,0x45,0xff,0x25,0x28,0x25,0xff,0x2f,0x31,0x33,0xff,0x7e,0x70,0x64,0xff,
    0x5c,0x35,0x17,0xff,0x73,0x59,0x45,0xff,0x68,0x44,0x29,0xff,0x00,0x00,0x00,0x00,
    0x00,0x00,0x00,0x00,0x00,0x00,0x00,0x00,0x00,0x00,0x00,0x00,0x00,0x00,0x00,0x00,
    0x00,0x00,0x00,0x00,0x00,0x00,0x00,0x00,0x00,0x00,0x00,0x00,0x85,0x6e,0x5b,0xff,
    0x5f,0x58,0x50,0xff,0x36,0x1b,0x0a,0xff,0x20,0x09,0x00,0xff,0x8f,0x79,0x67,0xff,
    0x73,0x6e,0x63,0xff,0x1f,0x1d,0x18,0xff,0x3a,0x3c,0x33,0xff,0x44,0x43,0x3e,0xff,
    0x57,0x5d,0x5a,0xff,0x29,0x24,0x19,0xff,0x70,0x51,0x2c,0xff,0x4e,0x33,0x1c,0xff,
    0x22,0x20,0x1a,0xff,0x36,0x36,0x2f,0xff,0x7c,0x7a,0x6f,0xff,0x5e,0x5f,0x52,0xff,
    0x50,0x50,0x44,0xff,0x4d,0x4d,0x41,0xff,0x48,0x48,0x3c,0xff,0x41,0x42,0x37,0xff,
    0x3d,0x3d,0x32,0xff,0x39,0x36,0x2c,0xff,0x30,0x30,0x25,0xff,0x54,0x56,0x4b,0xff,
    0x72,0x75,0x6a,0xff,0x5a,0x5b,0x50,0xff,0x3b,0x39,0x2f,0xff,0x2c,0x2b,0x21,0xff,
    0x26,0x26,0x1b,0xff,0x25,0x24,0x1a,0xff,0x22,0x22,0x18,0xff,0x21,0x21,0x17,0xff,
    0x22,0x1f,0x16,0xff,0x20,0x22,0x18,0xff,0x29,0x28,0x1e,0xff,0x37,0x35,0x2c,0xff,
    0x41,0x40,0x36,0xff,0x36,0x35,0x2a,0xff,0x1e,0x1e,0x15,0xff,0x19,0x1a,0x11,0xff,
    0x1d,0x1b,0x12,0xff,0x1a,0x1a,0x12,0xff,0x1b,0x1b,0x12,0xff,0x17,0x19,0x10,0xff,
    0x18,0x17,0x0f,0xff,0x18,0x18,0x10,0xff,0x17,0x15,0x0c,0xff,0x14,0x16,0x0d,0xff,
    0x17,0x15,0x0d,0xff,0x18,0x15,0x0e,0xff,0x16,0x16,0x0e,0xff,0x17,0x15,0x0e,0xff,
    0x16,0x14,0x0d,0xff,0x13,0x14,0x0d,0xff,0x14,0x14,0x0d,0xff,0x15,0x14,0x0e,0xff,
    0x16,0x13,0x0e,0xff,0x15,0x15,0x0e,0xff,0x17,0x18,0x0f,0xff,0x19,0x17,0x10,0xff,
    0x1b,0x17,0x10,0xff,0x19,0x18,0x10,0xff,0x1a,0x19,0x12,0xff,0x1b,0x1d,0x14,0xff,
    0x1e,0x1e,0x16,0xff,0x1e,0x1e,0x15,0xff,0x1d,0x1e,0x15,0xff,0x1c,0x1e,0x15,0xff,
    0x1e,0x1f,0x16,0xff,0x1f,0x1e,0x15,0xff,0x20,0x1f,0x17,0xff,0x23,0x1e,0x17,0xff,
    0x22,0x20,0x18,0xff,0x24,0x23,0x1a,0xff,0x26,0x24,0x1c,0xff,0x27,0x26,0x1e,0xff,
    0x2a,0x27,0x20,0xff,0x2a,0x29,0x20,0xff,0x29,0x2a,0x21,0xff,0x2d,0x2b,0x21,0xff,
    0x2d,0x2c,0x22,0xff,0x2d,0x2c,0x22,0xff,0x2d,0x2f,0x24,0xff,0x30,0x30,0x26,0xff,
    0x31,0x31,0x25,0xff,0x35,0x31,0x27,0xff,0x34,0x34,0x29,0xff,0x35,0x34,0x29,0xff,
    0x40,0x3f,0x33,0xff,0x60,0x60,0x52,0xff,0x32,0x35,0x2e,0xff,0x1b,0x15,0x10,0xff,
    0x3b,0x22,0x13,0xff,0x47,0x28,0x16,0xff,0x2b,0x27,0x1b,0xff,0x4e,0x52,0x4b,0xff,
    0x49,0x4a,0x41,0xff,0x49,0x4c,0x43,0xff,0x15,0x16,0x0e,0xff,0x51,0x4d,0x46,0xff,
    0x72,0x6e,0x5e,0xff,0x2d,0x18,0x08,0xff,0x2b,0x12,0x04,0xff,0x2d,0x1b,0x0d,0xff,
    0x84,0x77,0x6d,0xff,0x63,0x3e,0x21,0xff,0x00,0x00,0x00,0x00,0x00,0x00,0x00,0x00,
    0x00,0x00,0x00,0x00,0x00,0x00,0x00,0x00,0x00,0x00,0x00,0x00,0x00,0x00,0x00,0x00,
    0x66,0x3f,0x21,0xff,0x6f,0x56,0x41,0xff,0x75,0x69,0x5e,0xff,0x63,0x3f,0x24,0xff,
    0x00,0x00,0x00,0x00,0x00,0x00,0x00,0x00,0x00,0x00,0x00,0x00,0x00,0x00,0x00,0x00,
    0x00,0x00,0x00,0x00,0x00,0x00,0x00,0x00,0x00,0x00,0x00,0x00,0x00,0x00,0x00,0x00,
    0x00,0x00,0x00,0x00,0x00,0x00,0x00,0x00,0x00,0x00,0x00,0x00,0x86,0x6e,0x5b,0xff,
    0x63,0x5a,0x52,0xff,0x37,0x1e,0x0a,0xff,0x25,0x09,0x00,0xff,0x96,0x80,0x6f,0xff,
    0x72,0x6e,0x62,0xff,0x22,0x23,0x1d,0xff,0x3d,0x3f,0x3a,0xff,0x42,0x45,0x40,0xff,
    0x60,0x66,0x61,0xff,0x30,0x30,0x29,0xff,0x64,0x49,0x2e,0xff,0x6a,0x47,0x28,0xff,
    0x28,0x21,0x16,0xff,0x2b,0x28,0x23,0xff,0x6c,0x6a,0x5e,0xff,0x64,0x61,0x56,0xff,
    0x4c,0x4d,0x41,0xff,0x4e,0x4e,0x42,0xff,0x47,0x48,0x3d,0xff,0x43,0x40,0x36,0xff,
    0x38,0x3a,0x2f,0xff,0x35,0x35,0x2b,0xff,0x63,0x62,0x58,0xff,0x6e,0x6e,0x64,0xff,
    0x3e,0x3d,0x33,0xff,0x26,0x27,0x1d,0xff,0x28,0x29,0x1f,0xff,0x2c,0x2a,0x20,0xff,
    0x29,0x29,0x1f,0xff,0x29,0x27,0x1d,0xff,0x24,0x26,0x1c,0xff,0x23,0x26,0x1b,0xff,
    0x24,0x23,0x19,0xff,0x20,0x20,0x17,0xff,0x1f,0x1e,0x15,0xff,0x1c,0x1a,0x12,0xff,
    0x20,0x22,0x18,0xff,0x33,0x33,0x29,0xff,0x37,0x35,0x2b,0xff,0x22,0x20,0x17,0xff,
    0x18,0x19,0x10,0xff,0x1c,0x1a,0x12,0xff,0x1c,0x1a,0x12,0xff,0x1b,0x19,0x12,0xff,
    0x19,0x18,0x10,0xff,0x17,0x17,0x0f,0xff,0x16,0x14,0x0d,0xff,0x16,0x15,0x0d,0xff,
    0x17,0x14,0x0e,0xff,0x17,0x13,0x0f,0xff,0x13,0x15,0x0e,0xff,0x15,0x14,0x0e,0xff,
    0x16,0x13,0x0e,0xff,0x14,0x13,0x0d,0xff,0x14,0x13,0x0d,0xff,0x11,0x13,0x0e,0xff,
    0x14,0x13,0x0e,0xff,0x14,0x14,0x0e,0xff,0x18,0x15,0x0f,0xff,0x17,0x18,0x0f,0xff,
    0x17,0x16,0x0f,0xff,0x1c,0x19,0x11,0xff,0x20,0x1d,0x16,0xff,0x1d,0x1f,0x15,0xff,
    0x1c,0x1f,0x16,0xff,0x1b,0x1e,0x15,0xff,0x20,0x1e,0x16,0xff,0x1e,0x1f,0x16,0xff,
    0x1f,0x1e,0x15,0xff,0x1e,0x1f,0x16,0xff,0x1e,0x20,0x17,0xff,0x22,0x20,0x18,0xff,
    0x23,0x22,0x19,0xff,0x26,0x24,0x1c,0xff,0x27,0x25,0x1d,0xff,0x26,0x27,0x1e,0xff,
    0x28,0x27,0x1f,0xff,0x2a,0x28,0x1f,0xff,0x2b,0x28,0x20,0xff,0x29,0x2a,0x20,0xff,
    0x2c,0x2b,0x21,0xff,0x2e,0x2b,0x22,0xff,0x2e,0x2d,0x23,0xff,0x2f,0x2e,0x24,0xff,
    0x2d,0x2f,0x25,0xff,0x32,0x30,0x27,0xff,0x34,0x32,0x28,0xff,0x35,0x33,0x28,0xff,
    0x42,0x41,0x35,0xff,0x58,0x5b,0x4e,0xff,0x1e,0x23,0x1c,0xff,0x27,0x1c,0x13,0xff,
    0x43,0x24,0x10,0xff,0x3a,0x28,0x16,0xff,0x31,0x30,0x27,0xff,0x55,0x55,0x50,0xff,
    0x47,0x48,0x42,0xff,0x4f,0x4d,0x45,0xff,0x18,0x1b,0x12,0xff,0x4d,0x4d,0x45,0xff,
    0x7a,0x75,0x66,0xff,0x32,0x1d,0x0c,0xff,0x2e,0x15,0x06,0xff,0x27,0x15,0x07,0xff,
    0x89,0x7f,0x77,0xff,0x6c,0x4b,0x30,0xff,0x00,0x00,0x00,0x00,0x00,0x00,0x00,0x00,
    0x00,0x00,0x00,0x00,0x00,0x00,0x00,0x00,0x00,0x00,0x00,0x00,0x00,0x00,0x00,0x00,
    0x00,0x00,0x00,0x00,0x00,0x00,0x00,0x00,0x5d,0x35,0x16,0xff,0x58,0x32,0x13,0xff,
    0x00,0x00,0x00,0x00,0x00,0x00,0x00,0x00,0x00,0x00,0x00,0x00,0x00,0x00,0x00,0x00,
    0x00,0x00,0x00,0x00,0x00,0x00,0x00,0x00,0x00,0x00,0x00,0x00,0x00,0x00,0x00,0x00,
    0x00,0x00,0x00,0x00,0x00,0x00,0x00,0x00,0x00,0x00,0x00,0x00,0x83,0x6d,0x59,0xff,
    0x63,0x5a,0x52,0xff,0x3b,0x1e,0x0a,0xff,0x25,0x0b,0x00,0xff,0x98,0x86,0x75,0xff,
    0x70,0x6d,0x61,0xff,0x24,0x25,0x20,0xff,0x43,0x41,0x3c,0xff,0x43,0x46,0x41,0xff,
    0x5d,0x64,0x5f,0xff,0x3c,0x3f,0x39,0xff,0x4f,0x3e,0x28,0xff,0x84,0x5d,0x40,0xff,
    0x32,0x24,0x19,0xff,0x21,0x21,0x1b,0xff,0x57,0x57,0x4c,0xff,0x67,0x65,0x5a,0xff,
    0x4e,0x4e,0x42,0xff,0x4e,0x4d,0x42,0xff,0x41,0x44,0x38,0xff,0x3c,0x3e,0x33,0xff,
    0x3a,0x36,0x2d,0xff,0x48,0x46,0x3c,0xff,0x51,0x54,0x49,0xff,0x2d,0x2f,0x25,0xff,
    0x29,0x27,0x1d,0xff,0x28,0x27,0x1d,0xff,0x28,0x26,0x1c,0xff,0x24,0x24,0x1a,0xff,
    0x22,0x23,0x19,0xff,0x26,0x22,0x18,0xff,0x24,0x21,0x17,0xff,0x21,0x21,0x16,0xff,
    0x1e,0x1f,0x15,0xff,0x1f,0x1e,0x15,0xff,0x1e,0x1f,0x16,0xff,0x1f,0x1d,0x15,0xff,
    0x21,0x1e,0x16,0xff,0x1f,0x1f,0x15,0xff,0x2a,0x2c,0x21,0xff,0x32,0x30,0x27,0xff,
    0x20,0x1c,0x14,0xff,0x1c,0x1b,0x12,0xff,0x1b,0x1c,0x13,0xff,0x1e,0x1a,0x13,0xff,
    0x1a,0x19,0x10,0xff,0x1b,0x16,0x0f,0xff,0x19,0x14,0x0d,0xff,0x16,0x15,0x0d,0xff,
    0x17,0x15,0x0c,0xff,0x18,0x13,0x0e,0xff,0x17,0x14,0x0d,0xff,0x18,0x15,0x0c,0xff,
    0x18,0x13,0x0e,0xff,0x15,0x13,0x0d,0xff,0x16,0x14,0x0c,0xff,0x17,0x13,0x0d,0xff,
    0x15,0x13,0x0e,0xff,0x10,0x14,0x0e,0xff,0x13,0x14,0x0e,0xff,0x1a,0x17,0x0f,0xff,
    0x1b,0x18,0x10,0xff,0x1e,0x1e,0x15,0xff,0x20,0x1f,0x17,0xff,0x1f,0x1f,0x15,0xff,
    0x1e,0x1f,0x16,0xff,0x20,0x1e,0x16,0xff,0x1f,0x1f,0x16,0xff,0x1e,0x1f,0x16,0xff,
    0x23,0x1e,0x17,0xff,0x22,0x1e,0x17,0xff,0x22,0x20,0x18,0xff,0x21,0x21,0x18,0xff,
    0x24,0x22,0x19,0xff,0x24,0x25,0x1c,0xff,0x27,0x25,0x1c,0xff,0x28,0x25,0x1c,0xff,
    0x26,0x25,0x1d,0xff,0x24,0x27,0x1c,0xff,0x29,0x27,0x1e,0xff,0x2b,0x27,0x1e,0xff,
    0x29,0x28,0x1e,0xff,0x28,0x29,0x1e,0xff,0x2b,0x28,0x1f,0xff,0x2a,0x29,0x1f,0xff,
    0x2c,0x2a,0x21,0xff,0x2e,0x2c,0x22,0xff,0x2e,0x2e,0x24,0xff,0x2f,0x2d,0x22,0xff,
    0x43,0x3f,0x33,0xff,0x4c,0x4c,0x41,0xff,0x15,0x19,0x12,0xff,0x32,0x22,0x14,0xff,
    0x50,0x29,0x13,0xff,0x38,0x2c,0x1b,0xff,0x33,0x34,0x2e,0xff,0x53,0x53,0x4d,0xff,
    0x47,0x4b,0x44,0xff,0x4d,0x50,0x47,0xff,0x21,0x1d,0x16,0xff,0x50,0x4c,0x45,0xff,
    0x82,0x7d,0x6f,0xff,0x37,0x20,0x0e,0xff,0x33,0x16,0x07,0xff,0x27,0x13,0x04,0xff,
    0x88,0x7f,0x76,0xff,0x70,0x4f,0x36,0xff,0x00,0x00,0x00,0x00,0x00,0x00,0x00,0x00,
    0x00,0x00,0x00,0x00,0x00,0x00,0x00,0x00,0x00,0x00,0x00,0x00,0x00,0x00,0x00,0x00,
    0x00,0x00,0x00,0x00,0x00,0x00,0x00,0x00,0x00,0x00,0x00,0x00,0x00,0x00,0x00,0x00,
    0x00,0x00,0x00,0x00,0x00,0x00,0x00,0x00,0x00,0x00,0x00,0x00,0x00,0x00,0x00,0x00,
    0x00,0x00,0x00,0x00,0x00,0x00,0x00,0x00,0x00,0x00,0x00,0x00,0x00,0x00,0x00,0x00,
    0x00,0x00,0x00,0x00,0x00,0x00,0x00,0x00,0x00,0x00,0x00,0x00,0x83,0x6c,0x57,0xff,
    0x64,0x5b,0x52,0xff,0x39,0x1d,0x09,0xff,0x2c,0x0d,0x00,0xff,0x9f,0x8c,0x78,0xff,
    0x6f,0x6c,0x61,0xff,0x29,0x27,0x23,0xff,0x42,0x43,0x3d,0xff,0x47,0x4a,0x44,0xff,
    0x5a,0x5e,0x5a,0xff,0x41,0x45,0x40,0xff,0x46,0x39,0x29,0xff,0x8c,0x67,0x4a,0xff,
    0x43,0x30,0x1f,0xff,0x22,0x20,0x19,0xff,0x42,0x3d,0x36,0xff,0x70,0x70,0x65,0xff,
    0x5a,0x5b,0x4f,0xff,0x4b,0x4b,0x3f,0xff,0x43,0x43,0x36,0xff,0x3f,0x3e,0x34,0xff,
    0x3b,0x3c,0x32,0xff,0x3e,0x3b,0x31,0xff,0x35,0x36,0x2c,0xff,0x34,0x34,0x2a,0xff,
    0x3c,0x39,0x30,0xff,0x38,0x39,0x2f,0xff,0x3b,0x39,0x2f,0xff,0x3c,0x3a,0x30,0xff,
    0x38,0x39,0x2e,0xff,0x35,0x34,0x2a,0xff,0x36,0x35,0x2b,0xff,0x36,0x34,0x2a,0xff,
    0x31,0x32,0x28,0xff,0x34,0x31,0x27,0xff,0x29,0x27,0x1f,0xff,0x1e,0x1f,0x16,0xff,
    0x22,0x1e,0x17,0xff,0x1f,0x1d,0x16,0xff,0x1e,0x1c,0x13,0xff,0x1e,0x1f,0x16,0xff,
    0x1c,0x1a,0x12,0xff,0x19,0x17,0x0f,0xff,0x17,0x18,0x10,0xff,0x19,0x16,0x0f,0xff,
    0x15,0x16,0x0e,0xff,0x13,0x16,0x0e,0xff,0x18,0x14,0x0e,0xff,0x13,0x14,0x0e,0xff,
    0x14,0x13,0x0e,0xff,0x16,0x13,0x0e,0xff,0x14,0x13,0x0d,0xff,0x13,0x13,0x0d,0xff,
    0x13,0x13,0x0d,0xff,0x10,0x13,0x0d,0xff,0x12,0x12,0x0d,0xff,0x12,0x11,0x0d,0xff,
    0x14,0x12,0x0d,0xff,0x14,0x12,0x0d,0xff,0x15,0x13,0x0e,0xff,0x11,0x14,0x0e,0xff,
    0x19,0x16,0x0f,0xff,0x18,0x17,0x10,0xff,0x19,0x17,0x11,0xff,0x1c,0x18,0x11,0xff,
    0x1a,0x1a,0x12,0xff,0x1b,0x1b,0x13,0xff,0x1c,0x1c,0x13,0xff,0x1c,0x1d,0x14,0xff,
    0x1f,0x1e,0x15,0xff,0x21,0x1f,0x16,0xff,0x23,0x20,0x19,0xff,0x22,0x22,0x1a,0xff,
    0x26,0x23,0x1b,0xff,0x27,0x24,0x1c,0xff,0x25,0x26,0x1c,0xff,0x28,0x26,0x1d,0xff,
    0x27,0x25,0x1d,0xff,0x28,0x26,0x1d,0xff,0x26,0x26,0x1d,0xff,0x28,0x26,0x1d,0xff,
    0x28,0x27,0x1d,0xff,0x25,0x29,0x1e,0xff,0x2a,0x28,0x1e,0xff,0x2a,0x2a,0x1f,0xff,
    0x2b,0x2b,0x21,0xff,0x2d,0x2c,0x22,0xff,0x2e,0x2e,0x24,0xff,0x37,0x37,0x2c,0xff,
    0x51,0x50,0x44,0xff,0x34,0x35,0x2f,0xff,0x19,0x18,0x11,0xff,0x3e,0x21,0x11,0xff,
    0x56,0x32,0x1d,0xff,0x37,0x30,0x22,0xff,0x33,0x35,0x2f,0xff,0x4d,0x50,0x49,0xff,
    0x4c,0x4c,0x45,0xff,0x51,0x51,0x48,0xff,0x20,0x23,0x1a,0xff,0x4b,0x49,0x44,0xff,
    0x85,0x80,0x72,0xff,0x3a,0x24,0x10,0xff,0x34,0x18,0x08,0xff,0x28,0x14,0x05,0xff,
    0x83,0x78,0x6e,0xff,0x6d,0x4b,0x31,0xff,0x00,0x00,0x00,0x00,0x00,0x00,0x00,0x00,
    0x00,0x00,0x00,0x00,0x00,0x00,0x00,0x00,0x00,0x00,0x00,0x00,0x00,0x00,0x00,0x00,
    0x00,0x00,0x00,0x00,0x00,0x00,0x00,0x00,0x00,0x00,0x00,0x00,0x00,0x00,0x00,0x00,
    0x00,0x00,0x00,0x00,0x00,0x00,0x00,0x00,0x00,0x00,0x00,0x00,0x00,0x00,0x00,0x00,
    0x00,0x00,0x00,0x00,0x00,0x00,0x00,0x00,0x00,0x00,0x00,0x00,0x00,0x00,0x00,0x00,
    0x00,0x00,0x00,0x00,0x00,0x00,0x00,0x00,0x00,0x00,0x00,0x00,0x81,0x69,0x56,0xff,
    0x66,0x5a,0x52,0xff,0x39,0x1c,0x08,0xff,0x2e,0x10,0x00,0xff,0xa9,0x92,0x7e,0xff,
    0x6b,0x6b,0x61,0xff,0x2c,0x29,0x25,0xff,0x45,0x45,0x3f,0xff,0x47,0x4d,0x46,0xff,
    0x58,0x5a,0x56,0xff,0x3d,0x40,0x3c,0xff,0x4c,0x46,0x3e,0xff,0x8a,0x6b,0x51,0xff,
    0x58,0x3f,0x2b,0xff,0x29,0x20,0x1a,0xff,0x2d,0x2a,0x23,0xff,0x70,0x6e,0x64,0xff,
    0x60,0x5f,0x53,0xff,0x4a,0x49,0x3e,0xff,0x41,0x43,0x38,0xff,0x41,0x3e,0x35,0xff,
    0x3c,0x3c,0x32,0xff,0x39,0x38,0x2e,0xff,0x35,0x35,0x2a,0xff,0x37,0x38,0x2e,0xff,
    0x50,0x50,0x45,0xff,0x4e,0x4c,0x42,0xff,0x43,0x43,0x3a,0xff,0x3d,0x3b,0x32,0xff,
    0x34,0x32,0x29,0xff,0x2c,0x2c,0x23,0xff,0x2a,0x28,0x1f,0xff,0x27,0x24,0x1b,0xff,
    0x22,0x20,0x17,0xff,0x20,0x1d,0x16,0xff,0x1d,0x1c,0x14,0xff,0x1b,0x19,0x11,0xff,
    0x1a,0x18,0x0f,0xff,0x18,0x17,0x0f,0xff,0x17,0x16,0x0e,0xff,0x17,0x14,0x0e,0xff,
    0x14,0x14,0x0f,0xff,0x16,0x14,0x0f,0xff,0x14,0x13,0x0e,0xff,0x11,0x13,0x0e,0xff,
    0x12,0x11,0x0d,0xff,0x10,0x12,0x0c,0xff,0x13,0x12,0x0b,0xff,0x12,0x11,0x0b,0xff,
    0x11,0x10,0x0b,0xff,0x11,0x10,0x0b,0xff,0x10,0x10,0x0b,0xff,0x10,0x10,0x0a,0xff,
    0x10,0x0f,0x0a,0xff,0x0c,0x0f,0x0a,0xff,0x12,0x0e,0x0a,0xff,0x0e,0x0f,0x0b,0xff,
    0x10,0x0f,0x0b,0xff,0x0f,0x10,0x0a,0xff,0x12,0x0f,0x0b,0xff,0x11,0x0f,0x0a,0xff,
    0x11,0x10,0x0a,0xff,0x12,0x0f,0x0a,0xff,0x11,0x10,0x0a,0xff,0x12,0x10,0x0b,0xff,
    0x15,0x10,0x0b,0xff,0x12,0x13,0x0b,0xff,0x15,0x14,0x0b,0xff,0x15,0x13,0x0c,0xff,
    0x16,0x15,0x0c,0xff,0x17,0x15,0x0d,0xff,0x17,0x15,0x10,0xff,0x19,0x17,0x11,0xff,
    0x1b,0x19,0x11,0xff,0x1c,0x1a,0x13,0xff,0x1f,0x1d,0x15,0xff,0x21,0x1f,0x16,0xff,
    0x22,0x21,0x19,0xff,0x25,0x23,0x1b,0xff,0x27,0x26,0x1d,0xff,0x28,0x27,0x1f,0xff,
    0x2a,0x29,0x20,0xff,0x29,0x29,0x21,0xff,0x2b,0x2a,0x22,0xff,0x2d,0x2b,0x23,0xff,
    0x30,0x2f,0x25,0xff,0x32,0x33,0x28,0xff,0x39,0x36,0x2d,0xff,0x49,0x49,0x3e,0xff,
    0x57,0x57,0x4d,0xff,0x20,0x22,0x1e,0xff,0x21,0x1d,0x11,0xff,0x46,0x1f,0x0c,0xff,
    0x61,0x46,0x31,0xff,0x31,0x2b,0x21,0xff,0x34,0x36,0x30,0xff,0x4c,0x4c,0x47,0xff,
    0x4c,0x4d,0x48,0xff,0x54,0x52,0x4c,0xff,0x24,0x26,0x1e,0xff,0x46,0x46,0x41,0xff,
    0x88,0x81,0x75,0xff,0x3b,0x26,0x12,0xff,0x34,0x1a,0x09,0xff,0x2a,0x12,0x04,0xff,
    0x7e,0x74,0x6a,0xff,0x6f,0x4f,0x35,0xff,0x00,0x00,0x00,0x00,0x00,0x00,0x00,0x00,
    0x00,0x00,0x00,0x00,0x00,0x00,0x00,0x00,0x00,0x00,0x00,0x00,0x00,0x00,0x00,0x00,
    0x00,0x00,0x00,0x00,0x00,0x00,0x00,0x00,0x00,0x00,0x00,0x00,0x00,0x00,0x00,0x00,
    0x00,0x00,0x00,0x00,0x00,0x00,0x00,0x00,0x00,0x00,0x00,0x00,0x00,0x00,0x00,0x00,
    0x00,0x00,0x00,0x00,0x00,0x00,0x00,0x00,0x00,0x00,0x00,0x00,0x00,0x00,0x00,0x00,
    0x00,0x00,0x00,0x00,0x00,0x00,0x00,0x00,0x00,0x00,0x00,0x00,0x7e,0x66,0x53,0xff,
    0x64,0x58,0x4f,0xff,0x3c,0x1b,0x08,0xff,0x30,0x11,0x00,0xff,0xab,0x98,0x87,0xff,
    0x6c,0x69,0x61,0xff,0x28,0x2a,0x25,0xff,0x49,0x4b,0x45,0xff,0x48,0x51,0x4a,0xff,
    0x54,0x58,0x51,0xff,0x3a,0x3d,0x39,0xff,0x48,0x48,0x44,0xff,0x84,0x6b,0x57,0xff,
    0x73,0x52,0x3e,0xff,0x31,0x23,0x1a,0xff,0x2a,0x27,0x1d,0xff,0x4f,0x52,0x48,0xff,
    0x5f,0x5d,0x52,0xff,0x4c,0x4a,0x3f,0xff,0x46,0x47,0x3c,0xff,0x44,0x43,0x39,0xff,
    0x3f,0x3c,0x33,0xff,0x36,0x36,0x2c,0xff,0x2d,0x2e,0x25,0xff,0x2d,0x28,0x1f,0xff,
    0x24,0x22,0x19,0xff,0x1b,0x1a,0x13,0xff,0x19,0x18,0x10,0xff,0x17,0x18,0x0e,0xff,
    0x1a,0x16,0x0f,0xff,0x18,0x16,0x0f,0xff,0x17,0x14,0x0f,0xff,0x14,0x15,0x0e,0xff,
    0x15,0x13,0x0d,0xff,0x16,0x13,0x0d,0xff,0x15,0x14,0x0d,0xff,0x19,0x14,0x0c,0xff,
    0x1c,0x14,0x0c,0xff,0x18,0x15,0x0c,0xff,0x19,0x15,0x0c,0xff,0x1c,0x14,0x0c,0xff,
    0x1f,0x14,0x0d,0xff,0x1f,0x15,0x0d,0xff,0x21,0x16,0x0c,0xff,0x25,0x16,0x0d,0xff,
    0x23,0x18,0x0d,0xff,0x29,0x18,0x0d,0xff,0x2b,0x19,0x0c,0xff,0x2d,0x1a,0x0c,0xff,
    0x2d,0x1a,0x0c,0xff,0x2c,0x1a,0x0c,0xff,0x2b,0x1a,0x0c,0xff,0x2d,0x19,0x0c,0xff,
    0x2d,0x18,0x0b,0xff,0x28,0x19,0x0b,0xff,0x2c,0x18,0x0b,0xff,0x2c,0x18,0x0c,0xff,
    0x28,0x18,0x0a,0xff,0x22,0x19,0x0b,0xff,0x26,0x18,0x0b,0xff,0x25,0x16,0x0a,0xff,
    0x24,0x16,0x0a,0xff,0x20,0x15,0x0a,0xff,0x22,0x14,0x09,0xff,0x1d,0x13,0x09,0xff,
    0x1a,0x12,0x09,0xff,0x18,0x11,0x08,0xff,0x17,0x10,0x09,0xff,0x16,0x0f,0x08,0xff,
    0x14,0x11,0x08,0xff,0x13,0x11,0x08,0xff,0x11,0x10,0x0b,0xff,0x12,0x10,0x0b,0xff,
    0x0f,0x11,0x0c,0xff,0x0f,0x12,0x0c,0xff,0x10,0x14,0x0c,0xff,0x15,0x14,0x0c,0xff,
    0x13,0x14,0x0d,0xff,0x13,0x16,0x0f,0xff,0x1a,0x17,0x11,0xff,0x1e,0x1a,0x13,0xff,
    0x21,0x1e,0x16,0xff,0x25,0x24,0x1b,0xff,0x29,0x29,0x20,0xff,0x2f,0x2e,0x25,0xff,
    0x32,0x32,0x27,0xff,0x31,0x36,0x2b,0xff,0x37,0x34,0x2b,0xff,0x49,0x48,0x3d,0xff,
    0x43,0x45,0x3a,0xff,0x18,0x18,0x12,0xff,0x32,0x21,0x11,0xff,0x4e,0x26,0x10,0xff,
    0x67,0x56,0x42,0xff,0x22,0x1f,0x18,0xff,0x3b,0x3b,0x34,0xff,0x4a,0x49,0x43,0xff,
    0x4e,0x4f,0x49,0xff,0x58,0x57,0x52,0xff,0x2a,0x27,0x20,0xff,0x44,0x42,0x3d,0xff,
    0x88,0x82,0x76,0xff,0x3e,0x28,0x12,0xff,0x37,0x1d,0x0a,0xff,0x27,0x11,0x00,0xff,
    0x82,0x78,0x6f,0xff,0x81,0x66,0x50,0xff,0x00,0x00,0x00,0x00,0x00,0x00,0x00,0x00,
    0x00,0x00,0x00,0x00,0x00,0x00,0x00,0x00,0x00,0x00,0x00,0x00,0x00,0x00,0x00,0x00,
    0x00,0x00,0x00,0x00,0x00,0x00,0x00,0x00,0x00,0x00,0x00,0x00,0x00,0x00,0x00,0x00,
    0x00,0x00,0x00,0x00,0x00,0x00,0x00,0x00,0x00,0x00,0x00,0x00,0x00,0x00,0x00,0x00,
    0x00,0x00,0x00,0x00,0x00,0x00,0x00,0x00,0x00,0x00,0x00,0x00,0x00,0x00,0x00,0x00,
    0x00,0x00,0x00,0x00,0x00,0x00,0x00,0x00,0x00,0x00,0x00,0x00,0x7d,0x64,0x51,0xff,
    0x61,0x57,0x4c,0xff,0x3a,0x1c,0x07,0xff,0x33,0x14,0x00,0xff,0xab,0x9c,0x8b,0xff,
    0x6d,0x66,0x60,0xff,0x30,0x2b,0x28,0xff,0x50,0x50,0x4a,0xff,0x4f,0x56,0x4f,0xff,
    0x4f,0x54,0x4e,0xff,0x3a,0x3f,0x3a,0xff,0x3e,0x40,0x3c,0xff,0x7b,0x6b,0x5c,0xff,
    0x87,0x63,0x4c,0xff,0x37,0x28,0x1e,0xff,0x30,0x28,0x20,0xff,0x38,0x37,0x2f,0xff,
    0x5a,0x5b,0x50,0xff,0x4b,0x4a,0x3f,0xff,0x3f,0x3d,0x34,0xff,0x33,0x34,0x2b,0xff,
    0x2b,0x2a,0x21,0xff,0x26,0x24,0x1b,0xff,0x22,0x1f,0x18,0xff,0x1d,0x1e,0x16,0xff,
    0x1f,0x1b,0x14,0xff,0x1b,0x1b,0x16,0xff,0x1b,0x19,0x12,0xff,0x1a,0x18,0x0f,0xff,
    0x1a,0x17,0x0e,0xff,0x1f,0x17,0x0e,0xff,0x20,0x19,0x0e,0xff,0x26,0x1c,0x0e,0xff,
    0x2d,0x1f,0x10,0xff,0x36,0x22,0x11,0xff,0x3c,0x25,0x12,0xff,0x3e,0x27,0x12,0xff,
    0x43,0x2a,0x13,0xff,0x48,0x2c,0x14,0xff,0x49,0x2c,0x14,0xff,0x48,0x2e,0x13,0xff,
    0x4c,0x2e,0x12,0xff,0x4e,0x2e,0x13,0xff,0x4b,0x2f,0x13,0xff,0x50,0x2f,0x13,0xff,
    0x51,0x30,0x13,0xff,0x53,0x31,0x13,0xff,0x53,0x31,0x13,0xff,0x51,0x31,0x13,0xff,
    0x54,0x31,0x12,0xff,0x53,0x31,0x12,0xff,0x4f,0x31,0x12,0xff,0x52,0x2f,0x12,0xff,
    0x53,0x30,0x12,0xff,0x51,0x30,0x12,0xff,0x51,0x2f,0x12,0xff,0x4f,0x30,0x11,0xff,
    0x52,0x2f,0x12,0xff,0x52,0x2f,0x12,0xff,0x52,0x30,0x12,0xff,0x4f,0x30,0x10,0xff,
    0x53,0x2f,0x12,0xff,0x4c,0x2f,0x11,0xff,0x4b,0x2e,0x10,0xff,0x4c,0x2c,0x11,0xff,
    0x47,0x2b,0x12,0xff,0x46,0x29,0x12,0xff,0x40,0x27,0x11,0xff,0x3a,0x25,0x10,0xff,
    0x38,0x23,0x0f,0xff,0x33,0x21,0x0f,0xff,0x2e,0x1e,0x0f,0xff,0x2b,0x1b,0x0e,0xff,
    0x28,0x18,0x0e,0xff,0x25,0x16,0x0d,0xff,0x1d,0x14,0x0c,0xff,0x1c,0x12,0x0b,0xff,
    0x16,0x12,0x0a,0xff,0x13,0x12,0x0b,0xff,0x12,0x12,0x0c,0xff,0x13,0x14,0x0c,0xff,
    0x14,0x15,0x0c,0xff,0x17,0x16,0x0e,0xff,0x1a,0x18,0x11,0xff,0x22,0x1c,0x15,0xff,
    0x28,0x24,0x1b,0xff,0x2d,0x2d,0x23,0xff,0x37,0x35,0x2b,0xff,0x47,0x46,0x3a,0xff,
    0x2a,0x2c,0x23,0xff,0x1b,0x16,0x0f,0xff,0x42,0x21,0x0d,0xff,0x5b,0x34,0x1f,0xff,
    0x66,0x59,0x49,0xff,0x2e,0x2e,0x27,0xff,0x3d,0x3d,0x38,0xff,0x46,0x46,0x40,0xff,
    0x51,0x51,0x4b,0xff,0x5c,0x5e,0x58,0xff,0x29,0x29,0x23,0xff,0x42,0x40,0x3b,0xff,
    0x8b,0x85,0x7a,0xff,0x3d,0x29,0x14,0xff,0x3b,0x1d,0x0b,0xff,0x2a,0x10,0x00,0xff,
    0x7d,0x70,0x65,0xff,0x7d,0x60,0x4a,0xff,0x00,0x00,0x00,0x00,0x00,0x00,0x00,0x00,
    0x00,0x00,0x00,0x00,0x00,0x00,0x00,0x00,0x00,0x00,0x00,0x00,0x00,0x00,0x00,0x00,
    0x00,0x00,0x00,0x00,0x00,0x00,0x00,0x00,0x00,0x00,0x00,0x00,0x00,0x00,0x00,0x00,
    0x00,0x00,0x00,0x00,0x00,0x00,0x00,0x00,0x00,0x00,0x00,0x00,0x00,0x00,0x00,0x00,
    0x00,0x00,0x00,0x00,0x00,0x00,0x00,0x00,0x00,0x00,0x00,0x00,0x00,0x00,0x00,0x00,
    0x00,0x00,0x00,0x00,0x00,0x00,0x00,0x00,0x00,0x00,0x00,0x00,0x79,0x62,0x4d,0xff,
    0x5f,0x55,0x49,0xff,0x3b,0x1c,0x07,0xff,0x35,0x16,0x00,0xff,0xaf,0x9c,0x8d,0xff,
    0x67,0x62,0x5d,0xff,0x2f,0x2d,0x29,0xff,0x54,0x56,0x50,0xff,0x53,0x58,0x51,0xff,
    0x4c,0x52,0x4c,0xff,0x3d,0x40,0x3a,0xff,0x34,0x37,0x32,0xff,0x6e,0x68,0x5d,0xff,
    0x92,0x6e,0x57,0xff,0x4b,0x2f,0x23,0xff,0x31,0x29,0x1c,0xff,0x30,0x2b,0x25,0xff,
    0x3d,0x3d,0x35,0xff,0x2c,0x2d,0x24,0xff,0x28,0x24,0x1d,0xff,0x23,0x22,0x1a,0xff,
    0x20,0x20,0x18,0xff,0x1c,0x1f,0x16,0xff,0x22,0x1c,0x15,0xff,0x22,0x1c,0x12,0xff,
    0x27,0x1d,0x10,0xff,0x2b,0x1e,0x10,0xff,0x35,0x22,0x11,0xff,0x3d,0x26,0x12,0xff,
    0x41,0x2a,0x12,0xff,0x4e,0x2b,0x13,0xff,0x50,0x2e,0x12,0xff,0x53,0x30,0x12,0xff,
    0x56,0x31,0x12,0xff,0x57,0x31,0x13,0xff,0x57,0x32,0x12,0xff,0x5a,0x31,0x11,0xff,
    0x56,0x32,0x11,0xff,0x58,0x31,0x11,0xff,0x58,0x30,0x10,0xff,0x56,0x2f,0x10,0xff,
    0x57,0x2e,0x0f,0xff,0x55,0x2e,0x0e,0xff,0x55,0x2e,0x0f,0xff,0x55,0x2d,0x0f,0xff,
    0x53,0x2d,0x0e,0xff,0x54,0x2e,0x0f,0xff,0x55,0x2d,0x0f,0xff,0x50,0x2d,0x0f,0xff,
    0x52,0x2d,0x0e,0xff,0x53,0x2d,0x0e,0xff,0x4f,0x2d,0x0e,0xff,0x51,0x2d,0x0f,0xff,
    0x51,0x2c,0x0e,0xff,0x4f,0x2c,0x0d,0xff,0x52,0x2c,0x0d,0xff,0x50,0x2c,0x0d,0xff,
    0x4f,0x2c,0x0d,0xff,0x52,0x2c,0x0e,0xff,0x52,0x2d,0x0d,0xff,0x52,0x2b,0x0d,0xff,
    0x53,0x2c,0x0d,0xff,0x52,0x2c,0x0d,0xff,0x52,0x2c,0x0d,0xff,0x54,0x2c,0x0e,0xff,
    0x52,0x2e,0x0e,0xff,0x54,0x2d,0x0e,0xff,0x53,0x2d,0x0f,0xff,0x51,0x2e,0x0f,0xff,
    0x55,0x2d,0x10,0xff,0x53,0x2d,0x11,0xff,0x51,0x2e,0x11,0xff,0x4e,0x2f,0x12,0xff,
    0x50,0x2d,0x13,0xff,0x4d,0x2c,0x14,0xff,0x47,0x2b,0x13,0xff,0x42,0x28,0x12,0xff,
    0x3a,0x23,0x11,0xff,0x30,0x1f,0x10,0xff,0x29,0x1b,0x0d,0xff,0x22,0x18,0x0b,0xff,
    0x1d,0x15,0x0c,0xff,0x1a,0x13,0x0c,0xff,0x14,0x14,0x0c,0xff,0x16,0x15,0x0d,0xff,
    0x17,0x16,0x10,0xff,0x1a,0x19,0x10,0xff,0x1f,0x1c,0x13,0xff,0x25,0x23,0x1b,0xff,
    0x22,0x1f,0x1a,0xff,0x27,0x19,0x0f,0xff,0x45,0x22,0x09,0xff,0x62,0x45,0x31,0xff,
    0x65,0x5b,0x4f,0xff,0x45,0x44,0x3d,0xff,0x39,0x38,0x32,0xff,0x45,0x46,0x40,0xff,
    0x53,0x50,0x4b,0xff,0x61,0x62,0x5c,0xff,0x2c,0x2d,0x28,0xff,0x3d,0x3f,0x3b,0xff,
    0x92,0x8a,0x80,0xff,0x3f,0x29,0x15,0xff,0x3c,0x1c,0x0c,0xff,0x2a,0x10,0x00,0xff,
    0x79,0x6b,0x5e,0xff,0x83,0x67,0x52,0xff,0x00,0x00,0x00,0x00,0x00,0x00,0x00,0x00,
    0x00,0x00,0x00,0x00,0x00,0x00,0x00,0x00,0x00,0x00,0x00,0x00,0x00,0x00,0x00,0x00,
    0x00,0x00,0x00,0x00,0x00,0x00,0x00,0x00,0x00,0x00,0x00,0x00,0x00,0x00,0x00,0x00,
    0x00,0x00,0x00,0x00,0x00,0x00,0x00,0x00,0x00,0x00,0x00,0x00,0x00,0x00,0x00,0x00,
    0x00,0x00,0x00,0x00,0x00,0x00,0x00,0x00,0x00,0x00,0x00,0x00,0x00,0x00,0x00,0x00,
    0x00,0x00,0x00,0x00,0x00,0x00,0x00,0x00,0x00,0x00,0x00,0x00,0x77,0x61,0x4c,0xff,
    0x5f,0x54,0x48,0xff,0x3b,0x1b,0x06,0xff,0x37,0x18,0x00,0xff,0xb1,0x9d,0x8e,0xff,
    0x66,0x5e,0x59,0xff,0x30,0x2e,0x2a,0xff,0x56,0x5a,0x52,0xff,0x55,0x59,0x54,0xff,
    0x4b,0x50,0x4a,0xff,0x3f,0x42,0x3c,0xff,0x32,0x31,0x2c,0xff,0x68,0x65,0x5c,0xff,
    0x96,0x76,0x5f,0xff,0x61,0x3f,0x2e,0xff,0x3a,0x25,0x15,0xff,0x33,0x2c,0x22,0xff,
    0x37,0x37,0x31,0xff,0x2b,0x2b,0x24,0xff,0x2a,0x22,0x1a,0xff,0x29,0x21,0x17,0xff,
    0x2e,0x23,0x17,0xff,0x37,0x26,0x17,0xff,0x42,0x2b,0x17,0xff,0x4c,0x2e,0x16,0xff,
    0x52,0x30,0x16,0xff,0x55,0x33,0x17,0xff,0x58,0x32,0x15,0xff,0x5a,0x31,0x12,0xff,
    0x57,0x30,0x11,0xff,0x59,0x2e,0x10,0xff,0x55,0x2d,0x0f,0xff,0x53,0x2d,0x0e,0xff,
    0x54,0x2d,0x0e,0xff,0x54,0x2d,0x10,0xff,0x53,0x2d,0x10,0xff,0x52,0x2d,0x0f,0xff,
    0x54,0x2d,0x10,0xff,0x54,0x2d,0x10,0xff,0x56,0x2d,0x11,0xff,0x55,0x2d,0x10,0xff,
    0x53,0x2d,0x10,0xff,0x52,0x2c,0x0f,0xff,0x57,0x2c,0x0f,0xff,0x55,0x2d,0x0f,0xff,
    0x54,0x2d,0x0f,0xff,0x53,0x2d,0x0f,0xff,0x55,0x2d,0x0f,0xff,0x54,0x2d,0x10,0xff,
    0x54,0x2d,0x10,0xff,0x53,0x2d,0x0f,0xff,0x4f,0x2c,0x0e,0xff,0x52,0x2c,0x0e,0xff,
    0x51,0x2c,0x0e,0xff,0x51,0x2c,0x0e,0xff,0x4f,0x2d,0x0f,0xff,0x51,0x2c,0x0e,0xff,
    0x51,0x2c,0x0e,0xff,0x53,0x2c,0x0e,0xff,0x51,0x2c,0x0e,0xff,0x52,0x2b,0x0d,0xff,
    0x52,0x2c,0x0e,0xff,0x54,0x2c,0x0d,0xff,0x54,0x2c,0x0d,0xff,0x54,0x2b,0x0e,0xff,
    0x52,0x2b,0x0e,0xff,0x52,0x2a,0x0d,0xff,0x52,0x2a,0x0d,0xff,0x50,0x2a,0x0d,0xff,
    0x53,0x2a,0x0d,0xff,0x50,0x29,0x0c,0xff,0x51,0x2b,0x0d,0xff,0x50,0x2b,0x0d,0xff,
    0x4f,0x2a,0x0c,0xff,0x4d,0x2b,0x0d,0xff,0x4c,0x2c,0x0c,0xff,0x4f,0x2b,0x0d,0xff,
    0x51,0x2b,0x0f,0xff,0x50,0x2c,0x10,0xff,0x4d,0x2c,0x11,0xff,0x48,0x2a,0x12,0xff,
    0x44,0x27,0x12,0xff,0x3d,0x22,0x12,0xff,0x2d,0x1f,0x10,0xff,0x27,0x1a,0x0e,0xff,
    0x1f,0x17,0x0e,0xff,0x19,0x17,0x0f,0xff,0x1a,0x17,0x10,0xff,0x20,0x1d,0x18,0xff,
    0x21,0x1d,0x18,0xff,0x2f,0x1c,0x0d,0xff,0x46,0x24,0x09,0xff,0x6e,0x58,0x44,0xff,
    0x60,0x58,0x4d,0xff,0x3e,0x41,0x38,0xff,0x37,0x37,0x31,0xff,0x47,0x46,0x40,0xff,
    0x54,0x50,0x4b,0xff,0x63,0x63,0x5e,0xff,0x2f,0x30,0x2a,0xff,0x3e,0x40,0x3c,0xff,
    0x95,0x8d,0x84,0xff,0x3e,0x29,0x14,0xff,0x3b,0x1e,0x0d,0xff,0x2b,0x0f,0x00,0xff,
    0x74,0x66,0x59,0xff,0x8f,0x77,0x63,0xff,0x00,0x00,0x00,0x00,0x00,0x00,0x00,0x00,
    0x00,0x00,0x00,0x00,0x00,0x00,0x00,0x00,0x00,0x00,0x00,0x00,0x00,0x00,0x00,0x00,
    0x00,0x00,0x00,0x00,0x00,0x00,0x00,0x00,0x00,0x00,0x00,0x00,0x00,0x00,0x00,0x00,
    0x00,0x00,0x00,0x00,0x00,0x00,0x00,0x00,0x00,0x00,0x00,0x00,0x00,0x00,0x00,0x00,
    0x00,0x00,0x00,0x00,0x00,0x00,0x00,0x00,0x00,0x00,0x00,0x00,0x00,0x00,0x00,0x00,
    0x00,0x00,0x00,0x00,0x00,0x00,0x00,0x00,0x00,0x00,0x00,0x00,0x8b,0x74,0x64,0xff,
    0x62,0x55,0x49,0xff,0x3a,0x1c,0x05,0xff,0x36,0x1a,0x00,0xff,0xae,0xa0,0x90,0xff,
    0x63,0x5a,0x56,0xff,0x2e,0x30,0x2b,0xff,0x58,0x5e,0x58,0xff,0x55,0x5b,0x55,0xff,
    0x47,0x50,0x49,0xff,0x3c,0x44,0x3d,0xff,0x2d,0x2f,0x29,0xff,0x61,0x61,0x5a,0xff,
    0x92,0x78,0x66,0xff,0x73,0x52,0x3d,0xff,0x3b,0x21,0x10,0xff,0x40,0x2d,0x1f,0xff,
    0x3f,0x32,0x24,0xff,0x3e,0x31,0x21,0xff,0x4a,0x32,0x1f,0xff,0x51,0x37,0x1f,0xff,
    0x57,0x37,0x1c,0xff,0x5a,0x35,0x1a,0xff,0x57,0x34,0x15,0xff,0x58,0x32,0x11,0xff,
    0x57,0x30,0x10,0xff,0x52,0x2f,0x11,0xff,0x55,0x2e,0x10,0xff,0x52,0x2d,0x0f,0xff,
    0x50,0x2e,0x10,0xff,0x54,0x2e,0x10,0xff,0x53,0x2e,0x10,0xff,0x54,0x2e,0x10,0xff,
    0x53,0x2e,0x10,0xff,0x52,0x2d,0x10,0xff,0x55,0x2d,0x10,0xff,0x53,0x2e,0x10,0xff,
    0x53,0x2e,0x10,0xff,0x52,0x2d,0x0f,0xff,0x54,0x2c,0x0f,0xff,0x55,0x2c,0x0f,0xff,
    0x53,0x2c,0x0e,0xff,0x53,0x2d,0x0f,0xff,0x54,0x2c,0x0f,0xff,0x54,0x2c,0x0f,0xff,
    0x52,0x2d,0x0f,0xff,0x53,0x2d,0x0f,0xff,0x53,0x2d,0x0f,0xff,0x50,0x2e,0x0f,0xff,
    0x51,0x2d,0x0f,0xff,0x51,0x2c,0x0f,0xff,0x51,0x2d,0x10,0xff,0x52,0x2c,0x0f,0xff,
    0x51,0x2d,0x0f,0xff,0x52,0x2c,0x0f,0xff,0x52,0x2c,0x0e,0xff,0x52,0x2c,0x0e,0xff,
    0x50,0x2c,0x0f,0xff,0x52,0x2b,0x0e,0xff,0x52,0x2c,0x0e,0xff,0x55,0x2b,0x0e,0xff,
    0x53,0x2b,0x0e,0xff,0x53,0x2b,0x0d,0xff,0x54,0x2b,0x0e,0xff,0x53,0x2b,0x0f,0xff,
    0x51,0x2b,0x0e,0xff,0x52,0x2b,0x0d,0xff,0x4e,0x2b,0x0d,0xff,0x4d,0x2b,0x0d,0xff,
    0x52,0x2b,0x0d,0xff,0x50,0x2b,0x0d,0xff,0x52,0x2c,0x0d,0xff,0x51,0x2b,0x0d,0xff,
    0x4c,0x2a,0x0c,0xff,0x50,0x2a,0x0d,0xff,0x4e,0x2a,0x0d,0xff,0x4d,0x29,0x0c,0xff,
    0x4e,0x29,0x0d,0xff,0x4e,0x29,0x0c,0xff,0x4d,0x29,0x0c,0xff,0x4f,0x28,0x0d,0xff,
    0x4c,0x2a,0x0e,0xff,0x51,0x2a,0x0f,0xff,0x4e,0x2b,0x11,0xff,0x4c,0x2a,0x12,0xff,
    0x48,0x27,0x12,0xff,0x3c,0x24,0x13,0xff,0x33,0x20,0x11,0xff,0x2b,0x21,0x15,0xff,
    0x22,0x1b,0x10,0xff,0x3b,0x22,0x0d,0xff,0x4e,0x28,0x0e,0xff,0x76,0x66,0x55,0xff,
    0x53,0x4d,0x44,0xff,0x38,0x38,0x31,0xff,0x39,0x3a,0x34,0xff,0x43,0x46,0x40,0xff,
    0x50,0x51,0x4b,0xff,0x64,0x66,0x60,0xff,0x36,0x33,0x2e,0xff,0x3f,0x40,0x3b,0xff,
    0x97,0x8f,0x88,0xff,0x3f,0x27,0x16,0xff,0x3b,0x1f,0x0c,0xff,0x2d,0x12,0x00,0xff,
    0x6e,0x5f,0x51,0xff,0x89,0x71,0x5c,0xff,0x00,0x00,0x00,0x00,0x00,0x00,0x00,0x00,
    0x00,0x00,0x00,0x00,0x00,0x00,0x00,0x00,0x00,0x00,0x00,0x00,0x00,0x00,0x00,0x00,
    0x00,0x00,0x00,0x00,0x00,0x00,0x00,0x00,0x00,0x00,0x00,0x00,0x00,0x00,0x00,0x00,
    0x00,0x00,0x00,0x00,0x00,0x00,0x00,0x00,0x00,0x00,0x00,0x00,0x00,0x00,0x00,0x00,
    0x00,0x00,0x00,0x00,0x00,0x00,0x00,0x00,0x00,0x00,0x00,0x00,0x00,0x00,0x00,0x00,
    0x00,0x00,0x00,0x00,0x00,0x00,0x00,0x00,0x00,0x00,0x00,0x00,0x8a,0x76,0x66,0xff,
    0x60,0x56,0x49,0xff,0x3c,0x1c,0x04,0xff,0x39,0x19,0x00,0xff,0xae,0xa1,0x91,0xff,
    0x63,0x59,0x55,0xff,0x33,0x30,0x2e,0xff,0x5c,0x61,0x5b,0xff,0x58,0x5c,0x55,0xff,
    0x49,0x4f,0x49,0xff,0x3f,0x43,0x3c,0xff,0x2d,0x2f,0x2a,0xff,0x53,0x56,0x53,0xff,
    0x8d,0x78,0x6d,0xff,0x89,0x62,0x4c,0xff,0x3b,0x1f,0x0d,0xff,0x4b,0x2f,0x1b,0xff,
    0x67,0x46,0x2d,0xff,0x65,0x41,0x25,0xff,0x64,0x3c,0x1f,0xff,0x5f,0x38,0x1a,0xff,
    0x5c,0x34,0x16,0xff,0x5d,0x31,0x14,0xff,0x56,0x31,0x12,0xff,0x57,0x30,0x11,0xff,
    0x59,0x2f,0x12,0xff,0x52,0x2e,0x10,0xff,0x54,0x2d,0x10,0xff,0x55,0x2e,0x10,0xff,
    0x53,0x2e,0x10,0xff,0x54,0x2e,0x10,0xff,0x54,0x2e,0x10,0xff,0x52,0x2d,0x0f,0xff,
    0x54,0x2d,0x0f,0xff,0x52,0x2d,0x0f,0xff,0x52,0x2d,0x0f,0xff,0x53,0x2d,0x0f,0xff,
    0x54,0x2e,0x10,0xff,0x54,0x2d,0x0f,0xff,0x54,0x2c,0x0f,0xff,0x54,0x2c,0x0f,0xff,
    0x53,0x2d,0x0f,0xff,0x53,0x2d,0x0f,0xff,0x52,0x2d,0x0f,0xff,0x56,0x2b,0x0f,0xff,
    0x55,0x2c,0x0f,0xff,0x54,0x2d,0x0f,0xff,0x55,0x2d,0x0f,0xff,0x53,0x2d,0x0f,0xff,
    0x53,0x2c,0x0f,0xff,0x53,0x2d,0x0f,0xff,0x52,0x2d,0x0f,0xff,0x52,0x2c,0x0f,0xff,
    0x54,0x2c,0x0f,0xff,0x51,0x2c,0x0f,0xff,0x52,0x2c,0x0e,0xff,0x52,0x2c,0x0e,0xff,
    0x52,0x2c,0x0e,0xff,0x52,0x2c,0x0e,0xff,0x52,0x2c,0x0e,0xff,0x51,0x2b,0x0e,0xff,
    0x53,0x2b,0x0e,0xff,0x51,0x2c,0x0d,0xff,0x53,0x2b,0x0c,0xff,0x55,0x2a,0x0e,0xff,
    0x52,0x2c,0x0e,0xff,0x52,0x2a,0x0d,0xff,0x52,0x2b,0x0d,0xff,0x50,0x2b,0x0d,0xff,
    0x51,0x2b,0x0d,0xff,0x51,0x2c,0x0e,0xff,0x4f,0x2a,0x0d,0xff,0x52,0x2a,0x0e,0xff,
    0x4f,0x29,0x0d,0xff,0x4d,0x2a,0x0c,0xff,0x4e,0x28,0x0c,0xff,0x4d,0x29,0x0c,0xff,
    0x4e,0x29,0x0c,0xff,0x4d,0x28,0x0d,0xff,0x4b,0x28,0x0c,0xff,0x4e,0x28,0x0c,0xff,
    0x4d,0x29,0x0c,0xff,0x48,0x29,0x0c,0xff,0x4b,0x28,0x0c,0xff,0x4d,0x28,0x0c,0xff,
    0x4d,0x2a,0x0d,0xff,0x4b,0x2b,0x0e,0xff,0x4e,0x2c,0x11,0xff,0x51,0x2f,0x15,0xff,
    0x35,0x1d,0x0d,0xff,0x42,0x23,0x0c,0xff,0x52,0x32,0x19,0xff,0x81,0x74,0x64,0xff,
    0x49,0x46,0x3e,0xff,0x35,0x32,0x2d,0xff,0x3b,0x3b,0x35,0xff,0x44,0x46,0x40,0xff,
    0x50,0x52,0x4c,0xff,0x65,0x67,0x61,0xff,0x38,0x39,0x33,0xff,0x40,0x3f,0x3a,0xff,
    0x95,0x91,0x88,0xff,0x3d,0x29,0x18,0xff,0x3d,0x1f,0x0d,0xff,0x2d,0x11,0x00,0xff,
    0x6d,0x5b,0x4d,0xff,0x88,0x6e,0x5b,0xff,0x00,0x00,0x00,0x00,0x00,0x00,0x00,0x00,
    0x00,0x00,0x00,0x00,0x00,0x00,0x00,0x00,0x00,0x00,0x00,0x00,0x00,0x00,0x00,0x00,
    0x00,0x00,0x00,0x00,0x00,0x00,0x00,0x00,0x00,0x00,0x00,0x00,0x00,0x00,0x00,0x00,
    0x00,0x00,0x00,0x00,0x00,0x00,0x00,0x00,0x00,0x00,0x00,0x00,0x00,0x00,0x00,0x00,
    0x00,0x00,0x00,0x00,0x00,0x00,0x00,0x00,0x00,0x00,0x00,0x00,0x00,0x00,0x00,0x00,
    0x00,0x00,0x00,0x00,0x00,0x00,0x00,0x00,0x00,0x00,0x00,0x00,0x88,0x74,0x63,0xff,
    0x61,0x56,0x48,0xff,0x3d,0x1d,0x07,0xff,0x38,0x1a,0x00,0xff,0xb4,0xa2,0x94,0xff,
    0x5f,0x59,0x54,0xff,0x35,0x32,0x2e,0xff,0x60,0x64,0x5e,0xff,0x55,0x5c,0x56,0xff,
    0x4a,0x4f,0x48,0xff,0x3e,0x42,0x3b,0xff,0x2d,0x32,0x2b,0xff,0x4e,0x50,0x4d,0xff,
    0x92,0x82,0x7b,0xff,0x94,0x6e,0x56,0xff,0x43,0x25,0x10,0xff,0x47,0x29,0x13,0xff,
    0x68,0x45,0x2a,0xff,0x65,0x3f,0x21,0xff,0x5a,0x39,0x1a,0xff,0x5a,0x36,0x15,0xff,
    0x5b,0x32,0x15,0xff,0x5b,0x30,0x13,0xff,0x57,0x30,0x12,0xff,0x56,0x2f,0x10,0xff,
    0x56,0x2f,0x10,0xff,0x57,0x2e,0x10,0xff,0x54,0x2f,0x10,0xff,0x53,0x2e,0x10,0xff,
    0x54,0x2e,0x11,0xff,0x51,0x2e,0x10,0xff,0x54,0x2d,0x10,0xff,0x54,0x2c,0x0f,0xff,
    0x51,0x2e,0x10,0xff,0x53,0x2d,0x0f,0xff,0x53,0x2d,0x10,0xff,0x55,0x2d,0x10,0xff,
    0x53,0x2d,0x0f,0xff,0x53,0x2d,0x0f,0xff,0x52,0x2c,0x0f,0xff,0x53,0x2c,0x0f,0xff,
    0x54,0x2c,0x0f,0xff,0x52,0x2c,0x0e,0xff,0x53,0x2c,0x0f,0xff,0x52,0x2c,0x0f,0xff,
    0x55,0x2d,0x0f,0xff,0x55,0x2c,0x10,0xff,0x54,0x2d,0x10,0xff,0x53,0x2d,0x0f,0xff,
    0x52,0x2c,0x0f,0xff,0x51,0x2d,0x0f,0xff,0x54,0x2c,0x0f,0xff,0x50,0x2c,0x0e,0xff,
    0x51,0x2c,0x0f,0xff,0x51,0x2c,0x0e,0xff,0x54,0x2c,0x0f,0xff,0x52,0x2c,0x0e,0xff,
    0x52,0x2c,0x0e,0xff,0x4e,0x2c,0x0e,0xff,0x51,0x2b,0x0e,0xff,0x51,0x2b,0x0e,0xff,
    0x53,0x2b,0x0e,0xff,0x51,0x2c,0x0e,0xff,0x50,0x2b,0x0d,0xff,0x51,0x2b,0x0e,0xff,
    0x52,0x2a,0x0d,0xff,0x52,0x2b,0x0d,0xff,0x51,0x2c,0x0c,0xff,0x52,0x2b,0x0d,0xff,
    0x4f,0x2b,0x0d,0xff,0x51,0x2a,0x0d,0xff,0x51,0x2a,0x0d,0xff,0x4e,0x2a,0x0e,0xff,
    0x4f,0x2a,0x0c,0xff,0x4f,0x2a,0x0c,0xff,0x50,0x29,0x0b,0xff,0x4d,0x29,0x0b,0xff,
    0x4c,0x29,0x0b,0xff,0x4b,0x28,0x0c,0xff,0x4c,0x28,0x0b,0xff,0x4e,0x28,0x0b,0xff,
    0x4c,0x29,0x0b,0xff,0x4c,0x29,0x0c,0xff,0x4a,0x29,0x0c,0xff,0x4d,0x28,0x0c,0xff,
    0x4b,0x29,0x0c,0xff,0x4b,0x2a,0x0d,0xff,0x4d,0x29,0x0f,0xff,0x4d,0x2b,0x10,0xff,
    0x33,0x1c,0x09,0xff,0x46,0x24,0x0c,0xff,0x5a,0x3e,0x27,0xff,0x8e,0x82,0x75,0xff,
    0x46,0x43,0x3b,0xff,0x33,0x30,0x2b,0xff,0x39,0x3c,0x35,0xff,0x44,0x46,0x40,0xff,
    0x4f,0x52,0x4c,0xff,0x66,0x67,0x62,0xff,0x3c,0x3d,0x37,0xff,0x3f,0x3d,0x38,0xff,
    0x93,0x90,0x88,0xff,0x3e,0x2a,0x18,0xff,0x3c,0x20,0x0d,0xff,0x2d,0x11,0x00,0xff,
    0x67,0x58,0x49,0xff,0x82,0x68,0x54,0xff,0x00,0x00,0x00,0x00,0x00,0x00,0x00,0x00,
    0x00,0x00,0x00,0x00,0x00,0x00,0x00,0x00,0x00,0x00,0x00,0x00,0x00,0x00,0x00,0x00,
    0x00,0x00,0x00,0x00,0x00,0x00,0x00,0x00,0x00,0x00,0x00,0x00,0x00,0x00,0x00,0x00,
    0x00,0x00,0x00,0x00,0x00,0x00,0x00,0x00,0x00,0x00,0x00,0x00,0x00,0x00,0x00,0x00,
    0x00,0x00,0x00,0x00,0x00,0x00,0x00,0x00,0x00,0x00,0x00,0x00,0x00,0x00,0x00,0x00,
    0x00,0x00,0x00,0x00,0x00,0x00,0x00,0x00,0x00,0x00,0x00,0x00,0x86,0x72,0x62,0xff,
    0x60,0x55,0x47,0xff,0x3c,0x1d,0x07,0xff,0x3a,0x1b,0x01,0xff,0xb8,0xa4,0x96,0xff,
    0x5f,0x57,0x53,0xff,0x35,0x35,0x30,0xff,0x61,0x66,0x60,0xff,0x55,0x5c,0x57,0xff,
    0x4c,0x4e,0x48,0xff,0x3e,0x40,0x3a,0xff,0x2f,0x33,0x2d,0xff,0x40,0x44,0x40,0xff,
    0x85,0x83,0x7b,0xff,0x97,0x79,0x62,0xff,0x54,0x2f,0x19,0xff,0x41,0x22,0x0c,0xff,
    0x66,0x41,0x26,0xff,0x69,0x40,0x22,0xff,0x5d,0x38,0x18,0xff,0x5a,0x34,0x14,0xff,
    0x57,0x32,0x13,0xff,0x57,0x30,0x13,0xff,0x59,0x30,0x13,0xff,0x59,0x2e,0x0f,0xff,
    0x55,0x2f,0x0f,0xff,0x55,0x2e,0x10,0xff,0x53,0x2e,0x10,0xff,0x55,0x2d,0x10,0xff,
    0x57,0x2e,0x10,0xff,0x54,0x2e,0x10,0xff,0x54,0x2e,0x10,0xff,0x56,0x2d,0x10,0xff,
    0x54,0x2e,0x0f,0xff,0x53,0x2e,0x10,0xff,0x51,0x2e,0x10,0xff,0x54,0x2e,0x10,0xff,
    0x54,0x2d,0x0f,0xff,0x54,0x2c,0x0f,0xff,0x53,0x2d,0x0f,0xff,0x51,0x2c,0x0f,0xff,
    0x51,0x2d,0x0f,0xff,0x53,0x2d,0x0f,0xff,0x55,0x2c,0x0e,0xff,0x54,0x2c,0x0f,0xff,
    0x53,0x2c,0x0f,0xff,0x54,0x2c,0x0f,0xff,0x53,0x2d,0x10,0xff,0x57,0x2d,0x0f,0xff,
    0x54,0x2d,0x0f,0xff,0x52,0x2d,0x0f,0xff,0x54,0x2c,0x0f,0xff,0x54,0x2c,0x0f,0xff,
    0x52,0x2d,0x0e,0xff,0x50,0x2d,0x0f,0xff,0x52,0x2d,0x0f,0xff,0x53,0x2d,0x0f,0xff,
    0x54,0x2b,0x0e,0xff,0x50,0x2c,0x0e,0xff,0x4f,0x2c,0x0e,0xff,0x4f,0x2c,0x0e,0xff,
    0x52,0x2c,0x0e,0xff,0x53,0x2c,0x0e,0xff,0x53,0x2b,0x0e,0xff,0x52,0x2c,0x0e,0xff,
    0x52,0x2b,0x0d,0xff,0x50,0x2b,0x0d,0xff,0x52,0x2b,0x0e,0xff,0x54,0x2a,0x0d,0xff,
    0x51,0x2b,0x0d,0xff,0x50,0x2a,0x0c,0xff,0x53,0x2a,0x0d,0xff,0x4f,0x2a,0x0e,0xff,
    0x4d,0x2a,0x0d,0xff,0x4c,0x2a,0x0d,0xff,0x4d,0x2a,0x0c,0xff,0x4f,0x29,0x0b,0xff,
    0x4e,0x29,0x0b,0xff,0x4d,0x28,0x0b,0xff,0x4b,0x28,0x0c,0xff,0x4c,0x28,0x0c,0xff,
    0x4d,0x28,0x0c,0xff,0x4f,0x28,0x0c,0xff,0x4e,0x28,0x0c,0xff,0x4d,0x28,0x0c,0xff,
    0x4c,0x29,0x0c,0xff,0x4d,0x2a,0x0e,0xff,0x52,0x29,0x0d,0xff,0x48,0x2a,0x0e,0xff,
    0x32,0x1d,0x0a,0xff,0x44,0x24,0x0a,0xff,0x69,0x4b,0x36,0xff,0x8e,0x88,0x7b,0xff,
    0x3d,0x3d,0x35,0xff,0x30,0x31,0x2b,0xff,0x39,0x3b,0x36,0xff,0x46,0x45,0x40,0xff,
    0x51,0x52,0x4c,0xff,0x65,0x68,0x62,0xff,0x3e,0x42,0x3b,0xff,0x3c,0x3c,0x38,0xff,
    0x93,0x8e,0x88,0xff,0x3e,0x2b,0x18,0xff,0x3b,0x20,0x0d,0xff,0x2c,0x11,0x00,0xff,
    0x65,0x54,0x44,0xff,0x8d,0x78,0x65,0xff,0x00,0x00,0x00,0x00,0x00,0x00,0x00,0x00,
    0x00,0x00,0x00,0x00,0x00,0x00,0x00,0x00,0x00,0x00,0x00,0x00,0x00,0x00,0x00,0x00,
    0x00,0x00,0x00,0x00,0x00,0x00,0x00,0x00,0x00,0x00,0x00,0x00,0x00,0x00,0x00,0x00,
    0x00,0x00,0x00,0x00,0x00,0x00,0x00,0x00,0x00,0x00,0x00,0x00,0x00,0x00,0x00,0x00,
    0x00,0x00,0x00,0x00,0x00,0x00,0x00,0x00,0x00,0x00,0x00,0x00,0x00,0x00,0x00,0x00,
    0x00,0x00,0x00,0x00,0x00,0x00,0x00,0x00,0x00,0x00,0x00,0x00,0x85,0x71,0x60,0xff,
    0x62,0x55,0x48,0xff,0x3a,0x1c,0x07,0xff,0x37,0x1c,0x04,0xff,0xb5,0xa6,0x99,0xff,
    0x5d,0x56,0x51,0xff,0x38,0x37,0x32,0xff,0x63,0x67,0x62,0xff,0x53,0x5b,0x56,0xff,
    0x46,0x4d,0x47,0xff,0x3b,0x3f,0x39,0xff,0x32,0x34,0x2f,0xff,0x37,0x39,0x34,0xff,
    0x86,0x81,0x7b,0xff,0x9b,0x81,0x6c,0xff,0x62,0x3d,0x23,0xff,0x39,0x1d,0x07,0xff,
    0x5c,0x3e,0x21,0xff,0x66,0x41,0x22,0xff,0x5c,0x36,0x18,0xff,0x59,0x32,0x13,0xff,
    0x5a,0x31,0x13,0xff,0x58,0x31,0x13,0xff,0x56,0x30,0x12,0xff,0x55,0x2f,0x10,0xff,
    0x55,0x2f,0x10,0xff,0x56,0x2d,0x10,0xff,0x53,0x2e,0x11,0xff,0x52,0x2f,0x11,0xff,
    0x53,0x2e,0x11,0xff,0x55,0x2e,0x11,0xff,0x54,0x2e,0x10,0xff,0x53,0x2e,0x10,0xff,
    0x56,0x2e,0x11,0xff,0x54,0x2e,0x11,0xff,0x56,0x2e,0x11,0xff,0x54,0x2e,0x10,0xff,
    0x51,0x2d,0x0f,0xff,0x52,0x2d,0x0f,0xff,0x52,0x2d,0x0f,0xff,0x53,0x2d,0x0f,0xff,
    0x53,0x2c,0x0f,0xff,0x52,0x2d,0x0f,0xff,0x51,0x2d,0x0f,0xff,0x52,0x2d,0x0f,0xff,
    0x54,0x2c,0x0f,0xff,0x54,0x2d,0x10,0xff,0x51,0x2e,0x10,0xff,0x52,0x2d,0x0f,0xff,
    0x52,0x2d,0x0f,0xff,0x54,0x2e,0x0f,0xff,0x52,0x2e,0x0f,0xff,0x52,0x2d,0x0f,0xff,
    0x52,0x2d,0x0f,0xff,0x52,0x2d,0x0f,0xff,0x53,0x2d,0x0f,0xff,0x52,0x2d,0x0f,0xff,
    0x51,0x2d,0x0f,0xff,0x50,0x2c,0x0e,0xff,0x4f,0x2c,0x0e,0xff,0x51,0x2c,0x0e,0xff,
    0x50,0x2c,0x0e,0xff,0x4f,0x2b,0x0d,0xff,0x50,0x2c,0x0e,0xff,0x52,0x2c,0x0e,0xff,
    0x53,0x2b,0x0e,0xff,0x50,0x2c,0x0e,0xff,0x4f,0x2b,0x0e,0xff,0x50,0x2b,0x0d,0xff,
    0x51,0x2a,0x0d,0xff,0x51,0x2b,0x0d,0xff,0x4e,0x2a,0x0d,0xff,0x4f,0x2a,0x0d,0xff,
    0x4f,0x2a,0x0d,0xff,0x4f,0x2a,0x0c,0xff,0x4d,0x2b,0x0c,0xff,0x4c,0x2a,0x0b,0xff,
    0x4c,0x29,0x0c,0xff,0x4c,0x28,0x0c,0xff,0x4d,0x28,0x0c,0xff,0x4e,0x28,0x0c,0xff,
    0x4b,0x29,0x0c,0xff,0x4a,0x28,0x0c,0xff,0x4c,0x28,0x0b,0xff,0x4d,0x29,0x0b,0xff,
    0x4d,0x29,0x0b,0xff,0x4a,0x29,0x0c,0xff,0x4e,0x2b,0x0e,0xff,0x46,0x25,0x0c,0xff,
    0x39,0x1d,0x0b,0xff,0x44,0x24,0x08,0xff,0x72,0x5b,0x47,0xff,0x88,0x83,0x78,0xff,
    0x38,0x35,0x2e,0xff,0x33,0x32,0x2d,0xff,0x38,0x3b,0x35,0xff,0x42,0x45,0x3f,0xff,
    0x4f,0x52,0x4c,0xff,0x65,0x68,0x62,0xff,0x45,0x44,0x3f,0xff,0x3b,0x3b,0x37,0xff,
    0x93,0x90,0x8a,0xff,0x3f,0x2b,0x1a,0xff,0x3e,0x1f,0x0f,0xff,0x30,0x10,0x00,0xff,
    0x5f,0x51,0x3f,0xff,0x99,0x8b,0x7a,0xff,0x00,0x00,0x00,0x00,0x00,0x00,0x00,0x00,
    0x00,0x00,0x00,0x00,0x00,0x00,0x00,0x00,0x00,0x00,0x00,0x00,0x00,0x00,0x00,0x00,
    0x00,0x00,0x00,0x00,0x00,0x00,0x00,0x00,0x00,0x00,0x00,0x00,0x00,0x00,0x00,0x00,
    0x00,0x00,0x00,0x00,0x00,0x00,0x00,0x00,0x00,0x00,0x00,0x00,0x00,0x00,0x00,0x00,
    0x00,0x00,0x00,0x00,0x00,0x00,0x00,0x00,0x00,0x00,0x00,0x00,0x00,0x00,0x00,0x00,
    0x00,0x00,0x00,0x00,0x00,0x00,0x00,0x00,0x00,0x00,0x00,0x00,0x82,0x6e,0x5e,0xff,
    0x5f,0x55,0x49,0xff,0x3b,0x1d,0x07,0xff,0x3a,0x1d,0x05,0xff,0xb7,0xa8,0x9b,0xff,
    0x5d,0x54,0x51,0xff,0x36,0x37,0x33,0xff,0x63,0x69,0x62,0xff,0x55,0x59,0x54,0xff,
    0x46,0x4c,0x46,0xff,0x3a,0x3f,0x39,0xff,0x36,0x36,0x30,0xff,0x2d,0x30,0x2b,0xff,
    0x7c,0x7b,0x74,0xff,0xa0,0x87,0x74,0xff,0x72,0x4b,0x32,0xff,0x39,0x19,0x05,0xff,
    0x59,0x37,0x1c,0xff,0x68,0x43,0x21,0xff,0x5d,0x35,0x17,0xff,0x59,0x30,0x13,0xff,
    0x58,0x30,0x13,0xff,0x57,0x2f,0x12,0xff,0x58,0x2f,0x12,0xff,0x56,0x2e,0x12,0xff,
    0x56,0x2e,0x11,0xff,0x54,0x2f,0x11,0xff,0x55,0x2f,0x11,0xff,0x55,0x2e,0x11,0xff,
    0x53,0x2f,0x11,0xff,0x56,0x2f,0x11,0xff,0x54,0x2f,0x11,0xff,0x53,0x2f,0x11,0xff,
    0x57,0x2f,0x11,0xff,0x54,0x2f,0x11,0xff,0x55,0x2f,0x11,0xff,0x54,0x2d,0x10,0xff,
    0x54,0x2e,0x10,0xff,0x54,0x2e,0x10,0xff,0x53,0x2d,0x0f,0xff,0x54,0x2d,0x10,0xff,
    0x54,0x2c,0x10,0xff,0x54,0x2c,0x11,0xff,0x53,0x2d,0x0f,0xff,0x53,0x2d,0x0f,0xff,
    0x53,0x2d,0x10,0xff,0x54,0x2e,0x10,0xff,0x54,0x2e,0x10,0xff,0x52,0x2d,0x10,0xff,
    0x53,0x2e,0x10,0xff,0x55,0x2d,0x0f,0xff,0x51,0x2e,0x0f,0xff,0x53,0x2d,0x0f,0xff,
    0x51,0x2d,0x0f,0xff,0x51,0x2e,0x10,0xff,0x54,0x2e,0x10,0xff,0x53,0x2d,0x0f,0xff,
    0x53,0x2d,0x0f,0xff,0x52,0x2d,0x0f,0xff,0x50,0x2c,0x0e,0xff,0x50,0x2b,0x0e,0xff,
    0x50,0x2c,0x0e,0xff,0x50,0x2b,0x0e,0xff,0x4f,0x2b,0x0d,0xff,0x50,0x2c,0x0e,0xff,
    0x51,0x2c,0x0e,0xff,0x51,0x2c,0x0e,0xff,0x52,0x2b,0x0e,0xff,0x4e,0x2a,0x0e,0xff,
    0x51,0x2a,0x0d,0xff,0x50,0x2b,0x0d,0xff,0x4e,0x2b,0x0d,0xff,0x50,0x2a,0x0d,0xff,
    0x4e,0x2b,0x0e,0xff,0x4f,0x2a,0x0d,0xff,0x4d,0x2a,0x0c,0xff,0x4c,0x29,0x0d,0xff,
    0x4e,0x29,0x0d,0xff,0x4d,0x28,0x0c,0xff,0x4d,0x28,0x0b,0xff,0x4c,0x29,0x0b,0xff,
    0x4b,0x28,0x0c,0xff,0x4d,0x29,0x0b,0xff,0x4d,0x29,0x0b,0xff,0x4d,0x29,0x0b,0xff,
    0x4d,0x29,0x0b,0xff,0x4e,0x29,0x0c,0xff,0x50,0x2c,0x0e,0xff,0x42,0x23,0x0b,0xff,
    0x3c,0x1f,0x0d,0xff,0x46,0x23,0x09,0xff,0x84,0x71,0x60,0xff,0x83,0x80,0x77,0xff,
    0x32,0x2f,0x2a,0xff,0x32,0x33,0x2d,0xff,0x3a,0x3b,0x35,0xff,0x42,0x45,0x3f,0xff,
    0x4f,0x51,0x4b,0xff,0x66,0x68,0x62,0xff,0x45,0x47,0x41,0xff,0x3c,0x3a,0x37,0xff,
    0x98,0x93,0x8d,0xff,0x3f,0x2c,0x1a,0xff,0x3a,0x21,0x0f,0xff,0x2f,0x11,0x00,0xff,
    0x60,0x4d,0x3d,0xff,0x96,0x83,0x72,0xff,0x00,0x00,0x00,0x00,0x00,0x00,0x00,0x00,
    0x00,0x00,0x00,0x00,0x00,0x00,0x00,0x00,0x00,0x00,0x00,0x00,0x00,0x00,0x00,0x00,
    0x00,0x00,0x00,0x00,0x00,0x00,0x00,0x00,0x00,0x00,0x00,0x00,0x00,0x00,0x00,0x00,
    0x00,0x00,0x00,0x00,0x00,0x00,0x00,0x00,0x00,0x00,0x00,0x00,0x00,0x00,0x00,0x00,
    0x00,0x00,0x00,0x00,0x00,0x00,0x00,0x00,0x00,0x00,0x00,0x00,0x00,0x00,0x00,0x00,
    0x00,0x00,0x00,0x00,0x00,0x00,0x00,0x00,0x00,0x00,0x00,0x00,0x81,0x6d,0x5c,0xff,
    0x60,0x56,0x48,0xff,0x38,0x1d,0x08,0xff,0x3c,0x1d,0x08,0xff,0xb9,0xaa,0x9d,0xff,
    0x5e,0x54,0x51,0xff,0x36,0x39,0x34,0xff,0x63,0x69,0x64,0xff,0x52,0x59,0x54,0xff,
    0x47,0x4a,0x44,0xff,0x39,0x3e,0x38,0xff,0x34,0x37,0x31,0xff,0x2a,0x2b,0x26,0xff,
    0x71,0x72,0x6c,0xff,0xa6,0x90,0x80,0xff,0x7e,0x58,0x3f,0xff,0x35,0x19,0x03,0xff,
    0x54,0x32,0x19,0xff,0x6a,0x43,0x22,0xff,0x5b,0x36,0x16,0xff,0x5b,0x30,0x13,0xff,
    0x59,0x2f,0x12,0xff,0x55,0x2f,0x12,0xff,0x58,0x2f,0x12,0xff,0x57,0x2f,0x12,0xff,
    0x56,0x2e,0x11,0xff,0x53,0x2e,0x11,0xff,0x54,0x2f,0x11,0xff,0x55,0x2f,0x11,0xff,
    0x55,0x2f,0x11,0xff,0x54,0x30,0x11,0xff,0x55,0x30,0x12,0xff,0x53,0x30,0x12,0xff,
    0x55,0x30,0x12,0xff,0x56,0x2f,0x11,0xff,0x55,0x2f,0x11,0xff,0x54,0x2e,0x10,0xff,
    0x57,0x2e,0x11,0xff,0x54,0x2e,0x10,0xff,0x54,0x2e,0x10,0xff,0x57,0x2e,0x11,0xff,
    0x53,0x2e,0x12,0xff,0x55,0x2d,0x11,0xff,0x54,0x2d,0x0f,0xff,0x55,0x2e,0x10,0xff,
    0x52,0x2e,0x10,0xff,0x54,0x2e,0x10,0xff,0x53,0x2f,0x10,0xff,0x56,0x2e,0x10,0xff,
    0x52,0x2e,0x10,0xff,0x54,0x2e,0x10,0xff,0x53,0x2e,0x10,0xff,0x51,0x2e,0x10,0xff,
    0x52,0x2d,0x0f,0xff,0x53,0x2e,0x10,0xff,0x52,0x2e,0x10,0xff,0x53,0x2d,0x0f,0xff,
    0x53,0x2d,0x0f,0xff,0x4f,0x2d,0x0f,0xff,0x53,0x2c,0x0f,0xff,0x52,0x2d,0x0f,0xff,
    0x4f,0x2c,0x0e,0xff,0x51,0x2c,0x0e,0xff,0x4f,0x2b,0x0d,0xff,0x50,0x2c,0x0e,0xff,
    0x4f,0x2c,0x0e,0xff,0x50,0x2b,0x0f,0xff,0x51,0x2b,0x0e,0xff,0x4f,0x2b,0x0e,0xff,
    0x4e,0x2c,0x0e,0xff,0x4f,0x2b,0x0d,0xff,0x4e,0x2b,0x0d,0xff,0x4f,0x2b,0x0e,0xff,
    0x50,0x2a,0x0e,0xff,0x4f,0x2a,0x0e,0xff,0x4c,0x2a,0x0d,0xff,0x51,0x29,0x0d,0xff,
    0x4e,0x2a,0x0d,0xff,0x4f,0x2a,0x0d,0xff,0x50,0x29,0x0b,0xff,0x4a,0x29,0x0c,0xff,
    0x4d,0x29,0x0d,0xff,0x4e,0x29,0x0c,0xff,0x4f,0x29,0x0b,0xff,0x4b,0x2a,0x0b,0xff,
    0x4d,0x29,0x0b,0xff,0x4c,0x29,0x0c,0xff,0x54,0x2b,0x0e,0xff,0x3f,0x22,0x0b,0xff,
    0x3f,0x23,0x0c,0xff,0x4a,0x25,0x0b,0xff,0x8e,0x80,0x72,0xff,0x7b,0x76,0x6f,0xff,
    0x2f,0x2c,0x27,0xff,0x30,0x34,0x2e,0xff,0x3c,0x3b,0x36,0xff,0x43,0x43,0x3e,0xff,
    0x4d,0x51,0x4b,0xff,0x69,0x68,0x62,0xff,0x49,0x4a,0x44,0xff,0x3b,0x3b,0x37,0xff,
    0x9e,0x96,0x91,0xff,0x40,0x2d,0x1b,0xff,0x3b,0x1f,0x0e,0xff,0x2f,0x10,0x00,0xff,
    0x5d,0x49,0x38,0xff,0x92,0x7e,0x6e,0xff,0x00,0x00,0x00,0x00,0x00,0x00,0x00,0x00,
    0x00,0x00,0x00,0x00,0x00,0x00,0x00,0x00,0x00,0x00,0x00,0x00,0x00,0x00,0x00,0x00,
    0x00,0x00,0x00,0x00,0x00,0x00,0x00,0x00,0x00,0x00,0x00,0x00,0x00,0x00,0x00,0x00,
    0x00,0x00,0x00,0x00,0x00,0x00,0x00,0x00,0x00,0x00,0x00,0x00,0x00,0x00,0x00,0x00,
    0x00,0x00,0x00,0x00,0x00,0x00,0x00,0x00,0x00,0x00,0x00,0x00,0x00,0x00,0x00,0x00,
    0x00,0x00,0x00,0x00,0x00,0x00,0x00,0x00,0x00,0x00,0x00,0x00,0x80,0x6d,0x5c,0xff,
    0x61,0x55,0x48,0xff,0x3a,0x1c,0x08,0xff,0x3c,0x1e,0x09,0xff,0xb8,0xaa,0x9c,0xff,
    0x59,0x53,0x4f,0xff,0x3b,0x3b,0x36,0xff,0x66,0x69,0x65,0xff,0x52,0x58,0x54,0xff,
    0x43,0x4a,0x44,0xff,0x3b,0x3e,0x38,0xff,0x36,0x37,0x31,0xff,0x2a,0x29,0x24,0xff,
    0x68,0x6b,0x65,0xff,0xa9,0x9c,0x8d,0xff,0x8a,0x65,0x4d,0xff,0x38,0x19,0x02,0xff,
    0x4e,0x2d,0x16,0xff,0x6d,0x43,0x21,0xff,0x5c,0x37,0x16,0xff,0x57,0x31,0x13,0xff,
    0x59,0x2f,0x12,0xff,0x56,0x30,0x12,0xff,0x55,0x30,0x12,0xff,0x55,0x2f,0x11,0xff,
    0x57,0x2f,0x11,0xff,0x56,0x2e,0x10,0xff,0x55,0x2f,0x10,0xff,0x53,0x2f,0x11,0xff,
    0x54,0x2f,0x11,0xff,0x54,0x2f,0x11,0xff,0x55,0x2f,0x11,0xff,0x57,0x2f,0x12,0xff,
    0x57,0x30,0x12,0xff,0x53,0x2f,0x11,0xff,0x55,0x2f,0x12,0xff,0x54,0x30,0x12,0xff,
    0x57,0x2f,0x11,0xff,0x55,0x2f,0x11,0xff,0x51,0x30,0x11,0xff,0x55,0x2f,0x11,0xff,
    0x55,0x2f,0x12,0xff,0x53,0x2f,0x11,0xff,0x52,0x2e,0x10,0xff,0x53,0x2e,0x11,0xff,
    0x55,0x2e,0x10,0xff,0x56,0x2e,0x10,0xff,0x53,0x2e,0x11,0xff,0x53,0x2e,0x10,0xff,
    0x55,0x2e,0x10,0xff,0x55,0x2e,0x11,0xff,0x56,0x2d,0x11,0xff,0x56,0x2d,0x10,0xff,
    0x55,0x2e,0x10,0xff,0x53,0x2d,0x11,0xff,0x52,0x2e,0x11,0xff,0x51,0x2d,0x10,0xff,
    0x53,0x2d,0x0f,0xff,0x4e,0x2d,0x0f,0xff,0x4f,0x2e,0x0f,0xff,0x53,0x2d,0x0f,0xff,
    0x50,0x2d,0x0f,0xff,0x4e,0x2c,0x0e,0xff,0x4e,0x2c,0x0e,0xff,0x50,0x2b,0x0e,0xff,
    0x52,0x2b,0x0f,0xff,0x51,0x2b,0x10,0xff,0x4f,0x2c,0x0f,0xff,0x51,0x2d,0x0e,0xff,
    0x51,0x2c,0x0f,0xff,0x50,0x2b,0x0e,0xff,0x52,0x2a,0x0e,0xff,0x51,0x29,0x0e,0xff,
    0x4f,0x2b,0x0e,0xff,0x4f,0x2b,0x0e,0xff,0x4d,0x2a,0x0e,0xff,0x51,0x29,0x0d,0xff,
    0x4e,0x2a,0x0d,0xff,0x4b,0x2a,0x0d,0xff,0x4f,0x2a,0x0d,0xff,0x4e,0x29,0x0d,0xff,
    0x4a,0x29,0x0d,0xff,0x4c,0x2b,0x0c,0xff,0x4d,0x2a,0x0b,0xff,0x4f,0x29,0x0c,0xff,
    0x4f,0x29,0x0c,0xff,0x4d,0x29,0x0d,0xff,0x52,0x2d,0x10,0xff,0x3c,0x21,0x0c,0xff,
    0x3d,0x23,0x0b,0xff,0x4e,0x2d,0x12,0xff,0x98,0x8e,0x81,0xff,0x6a,0x6c,0x63,0xff,
    0x2c,0x2b,0x25,0xff,0x31,0x35,0x2f,0xff,0x3b,0x3c,0x36,0xff,0x43,0x43,0x3d,0xff,
    0x4b,0x51,0x4a,0xff,0x64,0x68,0x62,0xff,0x4c,0x4c,0x46,0xff,0x38,0x39,0x35,0xff,
    0x9b,0x99,0x93,0xff,0x3f,0x2d,0x1c,0xff,0x3d,0x1f,0x0e,0xff,0x2e,0x10,0x00,0xff,
    0x5a,0x46,0x35,0xff,0x8d,0x7c,0x6a,0xff,0x00,0x00,0x00,0x00,0x00,0x00,0x00,0x00,
    0x00,0x00,0x00,0x00,0x00,0x00,0x00,0x00,0x00,0x00,0x00,0x00,0x00,0x00,0x00,0x00,
    0x00,0x00,0x00,0x00,0x00,0x00,0x00,0x00,0x00,0x00,0x00,0x00,0x00,0x00,0x00,0x00,
    0x00,0x00,0x00,0x00,0x00,0x00,0x00,0x00,0x00,0x00,0x00,0x00,0x00,0x00,0x00,0x00,
    0x00,0x00,0x00,0x00,0x00,0x00,0x00,0x00,0x00,0x00,0x00,0x00,0x00,0x00,0x00,0x00,
    0x00,0x00,0x00,0x00,0x00,0x00,0x00,0x00,0x00,0x00,0x00,0x00,0x7e,0x6b,0x58,0xff,
    0x5c,0x52,0x43,0xff,0x38,0x1d,0x07,0xff,0x3f,0x1f,0x0a,0xff,0xbc,0xaa,0x9d,0xff,
    0x58,0x52,0x4d,0xff,0x3b,0x3c,0x38,0xff,0x64,0x69,0x64,0xff,0x54,0x58,0x53,0xff,
    0x43,0x4a,0x44,0xff,0x39,0x3e,0x38,0xff,0x33,0x36,0x30,0xff,0x27,0x2b,0x25,0xff,
    0x5e,0x60,0x59,0xff,0xaf,0x9f,0x93,0xff,0x95,0x6f,0x58,0xff,0x3c,0x1b,0x03,0xff,
    0x4a,0x2a,0x12,0xff,0x6c,0x42,0x21,0xff,0x5f,0x36,0x16,0xff,0x59,0x31,0x13,0xff,
    0x56,0x30,0x13,0xff,0x59,0x2f,0x12,0xff,0x57,0x2f,0x11,0xff,0x58,0x2e,0x11,0xff,
    0x55,0x2f,0x11,0xff,0x53,0x2f,0x10,0xff,0x55,0x30,0x10,0xff,0x56,0x2f,0x11,0xff,
    0x54,0x30,0x12,0xff,0x56,0x2f,0x12,0xff,0x53,0x30,0x12,0xff,0x53,0x31,0x13,0xff,
    0x58,0x30,0x12,0xff,0x53,0x2f,0x11,0xff,0x53,0x30,0x12,0xff,0x55,0x30,0x12,0xff,
    0x54,0x30,0x13,0xff,0x56,0x30,0x12,0xff,0x57,0x2f,0x11,0xff,0x54,0x2f,0x11,0xff,
    0x55,0x2f,0x11,0xff,0x55,0x2f,0x11,0xff,0x56,0x2f,0x11,0xff,0x53,0x2e,0x10,0xff,
    0x54,0x2e,0x10,0xff,0x53,0x2f,0x11,0xff,0x56,0x2e,0x10,0xff,0x54,0x2e,0x10,0xff,
    0x54,0x2e,0x10,0xff,0x54,0x2f,0x11,0xff,0x51,0x2e,0x11,0xff,0x54,0x2e,0x10,0xff,
    0x55,0x2d,0x10,0xff,0x52,0x2d,0x11,0xff,0x52,0x2e,0x10,0xff,0x50,0x2d,0x0f,0xff,
    0x51,0x2d,0x0f,0xff,0x52,0x2d,0x0f,0xff,0x53,0x2e,0x10,0xff,0x50,0x2e,0x10,0xff,
    0x52,0x2c,0x10,0xff,0x51,0x2c,0x0e,0xff,0x51,0x2c,0x0e,0xff,0x4f,0x2c,0x0e,0xff,
    0x4f,0x2c,0x0f,0xff,0x50,0x2b,0x0f,0xff,0x51,0x2c,0x0e,0xff,0x4f,0x2c,0x0f,0xff,
    0x52,0x2c,0x10,0xff,0x4f,0x2c,0x0f,0xff,0x4d,0x2c,0x0f,0xff,0x51,0x2b,0x0d,0xff,
    0x4f,0x2c,0x0e,0xff,0x50,0x2b,0x0e,0xff,0x4f,0x2b,0x0f,0xff,0x4e,0x2b,0x0f,0xff,
    0x4f,0x2a,0x0e,0xff,0x51,0x2a,0x0e,0xff,0x4d,0x2a,0x0e,0xff,0x4e,0x29,0x0d,0xff,
    0x4d,0x29,0x0d,0xff,0x4f,0x29,0x0d,0xff,0x4d,0x2a,0x0d,0xff,0x4e,0x29,0x0d,0xff,
    0x4b,0x29,0x0c,0xff,0x4f,0x29,0x0c,0xff,0x52,0x2e,0x10,0xff,0x3b,0x1f,0x0a,0xff,
    0x41,0x21,0x0b,0xff,0x56,0x35,0x1b,0xff,0xa2,0x98,0x8e,0xff,0x65,0x61,0x5b,0xff,
    0x2c,0x2a,0x25,0xff,0x33,0x34,0x2f,0xff,0x39,0x3c,0x36,0xff,0x41,0x44,0x3e,0xff,
    0x4f,0x4f,0x49,0xff,0x65,0x67,0x62,0xff,0x4c,0x4e,0x47,0xff,0x37,0x35,0x30,0xff,
    0x9b,0x99,0x94,0xff,0x41,0x2e,0x1c,0xff,0x3c,0x1f,0x0d,0xff,0x2a,0x10,0x00,0xff,
    0x5b,0x42,0x32,0xff,0x8b,0x74,0x64,0xff,0x00,0x00,0x00,0x00,0x00,0x00,0x00,0x00,
    0x00,0x00,0x00,0x00,0x00,0x00,0x00,0x00,0x00,0x00,0x00,0x00,0x00,0x00,0x00,0x00,
    0x00,0x00,0x00,0x00,0x00,0x00,0x00,0x00,0x00,0x00,0x00,0x00,0x00,0x00,0x00,0x00,
    0x00,0x00,0x00,0x00,0x00,0x00,0x00,0x00,0x00,0x00,0x00,0x00,0x00,0x00,0x00,0x00,
    0x00,0x00,0x00,0x00,0x00,0x00,0x00,0x00,0x00,0x00,0x00,0x00,0x00,0x00,0x00,0x00,
    0x00,0x00,0x00,0x00,0x00,0x00,0x00,0x00,0x00,0x00,0x00,0x00,0x7c,0x68,0x56,0xff,
    0x5d,0x50,0x43,0xff,0x36,0x1d,0x07,0xff,0x3e,0x1f,0x0b,0xff,0xb9,0xab,0x9e,0xff,
    0x57,0x51,0x4c,0xff,0x3b,0x3c,0x38,0xff,0x65,0x68,0x64,0xff,0x53,0x59,0x54,0xff,
    0x43,0x4b,0x44,0xff,0x3a,0x3f,0x38,0xff,0x35,0x37,0x31,0xff,0x29,0x2c,0x26,0xff,
    0x53,0x56,0x4f,0xff,0xac,0xa1,0x96,0xff,0x9d,0x79,0x62,0xff,0x3f,0x1d,0x04,0xff,
    0x46,0x26,0x0f,0xff,0x6c,0x42,0x21,0xff,0x5e,0x37,0x16,0xff,0x59,0x30,0x12,0xff,
    0x58,0x2f,0x12,0xff,0x56,0x2e,0x11,0xff,0x57,0x2e,0x11,0xff,0x57,0x2e,0x11,0xff,
    0x56,0x2e,0x11,0xff,0x55,0x2f,0x11,0xff,0x55,0x2f,0x12,0xff,0x57,0x2f,0x12,0xff,
    0x56,0x30,0x12,0xff,0x58,0x30,0x12,0xff,0x54,0x30,0x12,0xff,0x54,0x31,0x13,0xff,
    0x57,0x30,0x12,0xff,0x56,0x31,0x13,0xff,0x54,0x31,0x13,0xff,0x56,0x30,0x12,0xff,
    0x53,0x2f,0x12,0xff,0x52,0x2f,0x11,0xff,0x53,0x2f,0x11,0xff,0x57,0x2f,0x11,0xff,
    0x55,0x2f,0x12,0xff,0x56,0x30,0x12,0xff,0x55,0x2f,0x11,0xff,0x55,0x2e,0x11,0xff,
    0x55,0x2e,0x12,0xff,0x54,0x2f,0x11,0xff,0x55,0x30,0x11,0xff,0x54,0x2f,0x11,0xff,
    0x54,0x2d,0x11,0xff,0x55,0x2d,0x11,0xff,0x52,0x2e,0x11,0xff,0x54,0x2e,0x12,0xff,
    0x55,0x2e,0x10,0xff,0x51,0x2d,0x11,0xff,0x54,0x2d,0x11,0xff,0x53,0x2e,0x11,0xff,
    0x53,0x2d,0x11,0xff,0x51,0x2e,0x10,0xff,0x54,0x2e,0x10,0xff,0x50,0x2d,0x10,0xff,
    0x51,0x2d,0x10,0xff,0x51,0x2d,0x0f,0xff,0x51,0x2c,0x0e,0xff,0x50,0x2c,0x0e,0xff,
    0x4f,0x2c,0x0e,0xff,0x50,0x2c,0x0e,0xff,0x51,0x2c,0x10,0xff,0x51,0x2c,0x0f,0xff,
    0x55,0x2c,0x11,0xff,0x51,0x2c,0x0f,0xff,0x4f,0x2c,0x0e,0xff,0x52,0x2c,0x0f,0xff,
    0x51,0x2c,0x0f,0xff,0x50,0x2b,0x0f,0xff,0x51,0x2b,0x0f,0xff,0x4e,0x2b,0x0f,0xff,
    0x4f,0x2b,0x0e,0xff,0x4e,0x2b,0x0e,0xff,0x50,0x2a,0x0e,0xff,0x4e,0x2a,0x0d,0xff,
    0x4f,0x29,0x0e,0xff,0x4f,0x29,0x0d,0xff,0x4f,0x29,0x0d,0xff,0x4d,0x29,0x0d,0xff,
    0x4c,0x29,0x0c,0xff,0x4d,0x29,0x0c,0xff,0x52,0x2d,0x10,0xff,0x39,0x1d,0x08,0xff,
    0x40,0x21,0x07,0xff,0x5a,0x3c,0x26,0xff,0xa1,0x9c,0x93,0xff,0x5d,0x5c,0x55,0xff,
    0x2a,0x2a,0x23,0xff,0x35,0x36,0x30,0xff,0x3a,0x3d,0x37,0xff,0x42,0x44,0x3e,0xff,
    0x4c,0x50,0x49,0xff,0x66,0x67,0x61,0xff,0x4e,0x4e,0x49,0xff,0x33,0x33,0x2e,0xff,
    0x9a,0x98,0x93,0xff,0x40,0x2e,0x1d,0xff,0x3c,0x1f,0x0d,0xff,0x2b,0x10,0x00,0xff,
    0x55,0x3d,0x2d,0xff,0x92,0x80,0x71,0xff,0x00,0x00,0x00,0x00,0x00,0x00,0x00,0x00,
    0x00,0x00,0x00,0x00,0x00,0x00,0x00,0x00,0x00,0x00,0x00,0x00,0x00,0x00,0x00,0x00,
    0x00,0x00,0x00,0x00,0x00,0x00,0x00,0x00,0x00,0x00,0x00,0x00,0x00,0x00,0x00,0x00,
    0x00,0x00,0x00,0x00,0x00,0x00,0x00,0x00,0x00,0x00,0x00,0x00,0x00,0x00,0x00,0x00,
    0x00,0x00,0x00,0x00,0x00,0x00,0x00,0x00,0x00,0x00,0x00,0x00,0x00,0x00,0x00,0x00,
    0x00,0x00,0x00,0x00,0x00,0x00,0x00,0x00,0x00,0x00,0x00,0x00,0x7c,0x6a,0x58,0xff,
    0x5a,0x4f,0x41,0xff,0x38,0x1c,0x08,0xff,0x3c,0x20,0x0b,0xff,0xb6,0xab,0x9d,0xff,
    0x58,0x50,0x4d,0xff,0x3a,0x3d,0x38,0xff,0x66,0x69,0x64,0xff,0x53,0x58,0x53,0xff,
    0x43,0x4b,0x44,0xff,0x3b,0x3e,0x38,0xff,0x37,0x36,0x30,0xff,0x2b,0x2d,0x28,0xff,
    0x4b,0x4e,0x47,0xff,0xa9,0xa1,0x96,0xff,0xa4,0x84,0x6e,0xff,0x42,0x20,0x06,0xff,
    0x41,0x21,0x0c,0xff,0x69,0x40,0x21,0xff,0x5e,0x37,0x16,0xff,0x55,0x31,0x12,0xff,
    0x59,0x30,0x12,0xff,0x59,0x2e,0x12,0xff,0x54,0x2f,0x11,0xff,0x55,0x2e,0x11,0xff,
    0x56,0x2e,0x11,0xff,0x54,0x2f,0x11,0xff,0x57,0x2f,0x12,0xff,0x55,0x30,0x12,0xff,
    0x54,0x30,0x12,0xff,0x59,0x30,0x13,0xff,0x57,0x30,0x13,0xff,0x54,0x30,0x12,0xff,
    0x53,0x31,0x13,0xff,0x56,0x30,0x13,0xff,0x53,0x31,0x12,0xff,0x54,0x31,0x13,0xff,
    0x56,0x2f,0x12,0xff,0x54,0x30,0x12,0xff,0x53,0x30,0x12,0xff,0x55,0x30,0x12,0xff,
    0x59,0x2f,0x12,0xff,0x56,0x30,0x12,0xff,0x54,0x2f,0x11,0xff,0x57,0x2e,0x11,0xff,
    0x55,0x2f,0x11,0xff,0x56,0x2f,0x11,0xff,0x56,0x2f,0x11,0xff,0x53,0x30,0x11,0xff,
    0x56,0x2f,0x12,0xff,0x57,0x2e,0x11,0xff,0x54,0x2e,0x11,0xff,0x53,0x2e,0x12,0xff,
    0x53,0x2e,0x11,0xff,0x54,0x2e,0x11,0xff,0x52,0x2f,0x11,0xff,0x54,0x2e,0x10,0xff,
    0x54,0x2e,0x11,0xff,0x52,0x2e,0x11,0xff,0x52,0x2f,0x12,0xff,0x54,0x2d,0x10,0xff,
    0x53,0x2d,0x0f,0xff,0x4f,0x2d,0x0f,0xff,0x51,0x2d,0x0f,0xff,0x52,0x2c,0x0f,0xff,
    0x50,0x2d,0x10,0xff,0x51,0x2b,0x0f,0xff,0x4f,0x2d,0x10,0xff,0x51,0x2d,0x11,0xff,
    0x56,0x2c,0x10,0xff,0x54,0x2c,0x0f,0xff,0x53,0x2c,0x0f,0xff,0x50,0x2d,0x10,0xff,
    0x52,0x2c,0x10,0xff,0x50,0x2d,0x10,0xff,0x4f,0x2b,0x0f,0xff,0x52,0x2b,0x0f,0xff,
    0x4f,0x2b,0x0f,0xff,0x4d,0x2b,0x0e,0xff,0x4f,0x2b,0x0e,0xff,0x51,0x29,0x0d,0xff,
    0x4e,0x2a,0x0d,0xff,0x4d,0x2a,0x0e,0xff,0x50,0x29,0x0d,0xff,0x4d,0x29,0x0d,0xff,
    0x4e,0x29,0x0c,0xff,0x4e,0x2a,0x0c,0xff,0x4e,0x2d,0x12,0xff,0x37,0x1c,0x08,0xff,
    0x40,0x1f,0x05,0xff,0x5e,0x45,0x30,0xff,0xa1,0x9d,0x94,0xff,0x57,0x57,0x4e,0xff,
    0x29,0x29,0x22,0xff,0x33,0x35,0x2f,0xff,0x3d,0x3c,0x36,0xff,0x44,0x44,0x3e,0xff,
    0x4d,0x50,0x49,0xff,0x61,0x66,0x60,0xff,0x50,0x4f,0x49,0xff,0x33,0x30,0x2b,0xff,
    0x98,0x99,0x93,0xff,0x40,0x2f,0x1e,0xff,0x3a,0x1f,0x0e,0xff,0x2c,0x11,0x00,0xff,
    0x54,0x3a,0x2a,0xff,0xa4,0x96,0x89,0xff,0x00,0x00,0x00,0x00,0x00,0x00,0x00,0x00,
    0x00,0x00,0x00,0x00,0x00,0x00,0x00,0x00,0x00,0x00,0x00,0x00,0x00,0x00,0x00,0x00,
    0x00,0x00,0x00,0x00,0x00,0x00,0x00,0x00,0x00,0x00,0x00,0x00,0x00,0x00,0x00,0x00,
    0x00,0x00,0x00,0x00,0x00,0x00,0x00,0x00,0x00,0x00,0x00,0x00,0x00,0x00,0x00,0x00,
    0x00,0x00,0x00,0x00,0x00,0x00,0x00,0x00,0x00,0x00,0x00,0x00,0x00,0x00,0x00,0x00,
    0x00,0x00,0x00,0x00,0x00,0x00,0x00,0x00,0x00,0x00,0x00,0x00,0x84,0x74,0x63,0xff,
    0x58,0x4d,0x3f,0xff,0x39,0x1d,0x09,0xff,0x3e,0x20,0x0a,0xff,0xb6,0xaa,0x9b,0xff,
    0x56,0x51,0x4d,0xff,0x3a,0x3c,0x38,0xff,0x62,0x68,0x64,0xff,0x51,0x56,0x50,0xff,
    0x45,0x4b,0x43,0xff,0x37,0x3f,0x38,0xff,0x33,0x36,0x30,0xff,0x2c,0x2f,0x2a,0xff,
    0x45,0x47,0x40,0xff,0xa5,0xa1,0x97,0xff,0xae,0x8d,0x79,0xff,0x4c,0x24,0x0a,0xff,
    0x3d,0x1d,0x0a,0xff,0x67,0x3f,0x20,0xff,0x62,0x37,0x17,0xff,0x5b,0x2f,0x13,0xff,
    0x55,0x31,0x13,0xff,0x57,0x2f,0x12,0xff,0x54,0x2f,0x11,0xff,0x52,0x2f,0x11,0xff,
    0x55,0x2f,0x11,0xff,0x56,0x2f,0x12,0xff,0x56,0x30,0x12,0xff,0x58,0x30,0x12,0xff,
    0x55,0x31,0x13,0xff,0x57,0x32,0x14,0xff,0x56,0x31,0x13,0xff,0x56,0x30,0x12,0xff,
    0x53,0x31,0x12,0xff,0x56,0x30,0x13,0xff,0x59,0x30,0x13,0xff,0x56,0x31,0x13,0xff,
    0x57,0x31,0x13,0xff,0x57,0x30,0x12,0xff,0x58,0x30,0x13,0xff,0x55,0x30,0x13,0xff,
    0x55,0x30,0x12,0xff,0x56,0x30,0x12,0xff,0x53,0x31,0x13,0xff,0x57,0x31,0x13,0xff,
    0x57,0x31,0x13,0xff,0x56,0x30,0x13,0xff,0x57,0x30,0x12,0xff,0x56,0x2f,0x12,0xff,
    0x53,0x30,0x12,0xff,0x54,0x2f,0x11,0xff,0x55,0x2f,0x12,0xff,0x57,0x30,0x12,0xff,
    0x55,0x30,0x12,0xff,0x59,0x2f,0x12,0xff,0x54,0x30,0x12,0xff,0x52,0x2f,0x11,0xff,
    0x53,0x2f,0x11,0xff,0x53,0x2f,0x11,0xff,0x55,0x2e,0x12,0xff,0x50,0x2e,0x11,0xff,
    0x53,0x2d,0x11,0xff,0x50,0x2d,0x11,0xff,0x50,0x2e,0x10,0xff,0x52,0x2d,0x11,0xff,
    0x51,0x2d,0x11,0xff,0x52,0x2d,0x10,0xff,0x53,0x2d,0x11,0xff,0x4f,0x2e,0x11,0xff,
    0x52,0x2e,0x11,0xff,0x54,0x2d,0x11,0xff,0x55,0x2c,0x10,0xff,0x51,0x2d,0x11,0xff,
    0x53,0x2d,0x11,0xff,0x54,0x2c,0x10,0xff,0x50,0x2c,0x10,0xff,0x51,0x2b,0x0f,0xff,
    0x50,0x2b,0x0f,0xff,0x51,0x2a,0x0f,0xff,0x4e,0x2b,0x0e,0xff,0x4f,0x2b,0x0d,0xff,
    0x4f,0x2a,0x0c,0xff,0x4b,0x2a,0x0c,0xff,0x4e,0x2a,0x0c,0xff,0x4e,0x2b,0x0c,0xff,
    0x4e,0x2a,0x0c,0xff,0x50,0x2b,0x0e,0xff,0x50,0x2c,0x11,0xff,0x37,0x1c,0x08,0xff,
    0x43,0x1d,0x02,0xff,0x68,0x4e,0x3b,0xff,0xa3,0x9f,0x96,0xff,0x51,0x53,0x4a,0xff,
    0x2b,0x28,0x23,0xff,0x36,0x35,0x30,0xff,0x3b,0x3c,0x35,0xff,0x45,0x44,0x3e,0xff,
    0x4f,0x4f,0x48,0xff,0x64,0x65,0x5f,0xff,0x4d,0x50,0x4a,0xff,0x32,0x2f,0x2b,0xff,
    0x99,0x97,0x91,0xff,0x41,0x2f,0x1e,0xff,0x3b,0x1f,0x0e,0xff,0x2c,0x11,0x01,0xff,
    0x4b,0x33,0x21,0xff,0x9e,0x8e,0x80,0xff,0x00,0x00,0x00,0x00,0x00,0x00,0x00,0x00,
    0x00,0x00,0x00,0x00,0x00,0x00,0x00,0x00,0x00,0x00,0x00,0x00,0x00,0x00,0x00,0x00,
    0x00,0x00,0x00,0x00,0x00,0x00,0x00,0x00,0x00,0x00,0x00,0x00,0x00,0x00,0x00,0x00,
    0x00,0x00,0x00,0x00,0x00,0x00,0x00,0x00,0x00,0x00,0x00,0x00,0x00,0x00,0x00,0x00,
    0x00,0x00,0x00,0x00,0x00,0x00,0x00,0x00,0x00,0x00,0x00,0x00,0x00,0x00,0x00,0x00,
    0x00,0x00,0x00,0x00,0x00,0x00,0x00,0x00,0x00,0x00,0x00,0x00,0x80,0x70,0x5f,0xff,
    0x58,0x4a,0x3e,0xff,0x3a,0x1d,0x0a,0xff,0x3e,0x21,0x0b,0xff,0xb8,0xa8,0x9a,0xff,
    0x55,0x51,0x4d,0xff,0x3b,0x3d,0x39,0xff,0x64,0x68,0x64,0xff,0x4d,0x57,0x50,0xff,
    0x45,0x4a,0x43,0xff,0x3a,0x3f,0x39,0xff,0x34,0x37,0x31,0xff,0x2d,0x31,0x2b,0xff,
    0x40,0x42,0x3c,0xff,0x9f,0x98,0x8f,0xff,0xb4,0x96,0x83,0xff,0x54,0x2e,0x13,0xff,
    0x3b,0x1a,0x08,0xff,0x65,0x3d,0x21,0xff,0x60,0x3a,0x18,0xff,0x5b,0x30,0x12,0xff,
    0x58,0x30,0x12,0xff,0x56,0x30,0x12,0xff,0x54,0x2f,0x11,0xff,0x55,0x2e,0x11,0xff,
    0x56,0x2f,0x11,0xff,0x58,0x2f,0x12,0xff,0x54,0x30,0x12,0xff,0x54,0x31,0x12,0xff,
    0x57,0x31,0x13,0xff,0x56,0x30,0x12,0xff,0x57,0x32,0x14,0xff,0x57,0x31,0x13,0xff,
    0x57,0x32,0x14,0xff,0x58,0x32,0x14,0xff,0x58,0x32,0x14,0xff,0x58,0x32,0x14,0xff,
    0x59,0x32,0x14,0xff,0x56,0x31,0x13,0xff,0x55,0x31,0x13,0xff,0x58,0x30,0x12,0xff,
    0x56,0x30,0x12,0xff,0x56,0x31,0x13,0xff,0x57,0x31,0x13,0xff,0x57,0x31,0x13,0xff,
    0x57,0x31,0x13,0xff,0x55,0x2f,0x13,0xff,0x52,0x30,0x12,0xff,0x55,0x2f,0x11,0xff,
    0x55,0x30,0x12,0xff,0x56,0x30,0x12,0xff,0x56,0x31,0x12,0xff,0x56,0x31,0x13,0xff,
    0x56,0x30,0x13,0xff,0x56,0x30,0x13,0xff,0x55,0x30,0x12,0xff,0x54,0x30,0x12,0xff,
    0x57,0x2f,0x12,0xff,0x52,0x30,0x12,0xff,0x53,0x2f,0x11,0xff,0x54,0x2f,0x11,0xff,
    0x53,0x2f,0x12,0xff,0x52,0x2e,0x12,0xff,0x53,0x2e,0x12,0xff,0x52,0x2e,0x12,0xff,
    0x54,0x2e,0x12,0xff,0x50,0x2e,0x11,0xff,0x4f,0x2f,0x11,0xff,0x52,0x2e,0x12,0xff,
    0x53,0x2e,0x11,0xff,0x54,0x2d,0x11,0xff,0x53,0x2d,0x10,0xff,0x52,0x2d,0x11,0xff,
    0x52,0x2d,0x11,0xff,0x50,0x2d,0x11,0xff,0x51,0x2c,0x10,0xff,0x52,0x2b,0x0f,0xff,
    0x4f,0x2b,0x0f,0xff,0x4e,0x2b,0x0f,0xff,0x51,0x2a,0x0e,0xff,0x50,0x2b,0x0e,0xff,
    0x4f,0x2b,0x0d,0xff,0x4f,0x2a,0x0d,0xff,0x4f,0x2b,0x0d,0xff,0x4f,0x2a,0x0c,0xff,
    0x4f,0x2a,0x0c,0xff,0x4d,0x2d,0x0e,0xff,0x4f,0x2c,0x11,0xff,0x38,0x1b,0x08,0xff,
    0x3f,0x1c,0x00,0xff,0x6f,0x59,0x44,0xff,0xa3,0xa0,0x96,0xff,0x50,0x4f,0x48,0xff,
    0x25,0x28,0x22,0xff,0x36,0x36,0x30,0xff,0x3c,0x3c,0x36,0xff,0x46,0x44,0x3e,0xff,
    0x4c,0x50,0x47,0xff,0x64,0x64,0x5e,0xff,0x52,0x4f,0x4b,0xff,0x31,0x30,0x2b,0xff,
    0x99,0x96,0x92,0xff,0x40,0x30,0x1e,0xff,0x39,0x20,0x0f,0xff,0x2e,0x11,0x01,0xff,
    0x54,0x3a,0x26,0xff,0x9c,0x8d,0x7e,0xff,0x00,0x00,0x00,0x00,0x00,0x00,0x00,0x00,
    0x00,0x00,0x00,0x00,0x00,0x00,0x00,0x00,0x00,0x00,0x00,0x00,0x00,0x00,0x00,0x00,
    0x00,0x00,0x00,0x00,0x00,0x00,0x00,0x00,0x00,0x00,0x00,0x00,0x00,0x00,0x00,0x00,
    0x00,0x00,0x00,0x00,0x00,0x00,0x00,0x00,0x00,0x00,0x00,0x00,0x00,0x00,0x00,0x00,
    0x00,0x00,0x00,0x00,0x00,0x00,0x00,0x00,0x00,0x00,0x00,0x00,0x00,0x00,0x00,0x00,
    0x00,0x00,0x00,0x00,0x00,0x00,0x00,0x00,0x00,0x00,0x00,0x00,0x7f,0x6e,0x5e,0xff,
    0x58,0x4a,0x3d,0xff,0x3c,0x1c,0x0a,0xff,0x41,0x20,0x0b,0xff,0xb5,0xa8,0x97,0xff,
    0x57,0x51,0x4e,0xff,0x3c,0x3f,0x3b,0xff,0x63,0x69,0x64,0xff,0x4c,0x57,0x50,0xff,
    0x45,0x4a,0x44,0xff,0x3a,0x40,0x39,0xff,0x32,0x38,0x31,0xff,0x30,0x32,0x2c,0xff,
    0x3e,0x3d,0x37,0xff,0x98,0x92,0x8b,0xff,0xb9,0x9e,0x8c,0xff,0x5f,0x37,0x1b,0xff,
    0x3a,0x18,0x06,0xff,0x62,0x3c,0x20,0xff,0x63,0x3c,0x1a,0xff,0x59,0x31,0x12,0xff,
    0x58,0x2e,0x12,0xff,0x56,0x2f,0x12,0xff,0x54,0x2f,0x11,0xff,0x56,0x2f,0x11,0xff,
    0x55,0x30,0x12,0xff,0x55,0x30,0x12,0xff,0x52,0x31,0x12,0xff,0x54,0x31,0x13,0xff,
    0x57,0x30,0x13,0xff,0x53,0x31,0x12,0xff,0x58,0x32,0x14,0xff,0x58,0x32,0x14,0xff,
    0x57,0x32,0x14,0xff,0x57,0x31,0x14,0xff,0x57,0x32,0x14,0xff,0x56,0x32,0x15,0xff,
    0x5a,0x31,0x14,0xff,0x58,0x32,0x14,0xff,0x58,0x32,0x14,0xff,0x58,0x31,0x14,0xff,
    0x57,0x31,0x13,0xff,0x56,0x31,0x13,0xff,0x57,0x31,0x13,0xff,0x57,0x31,0x13,0xff,
    0x56,0x31,0x13,0xff,0x56,0x30,0x13,0xff,0x52,0x31,0x12,0xff,0x55,0x2f,0x12,0xff,
    0x56,0x30,0x13,0xff,0x55,0x30,0x12,0xff,0x57,0x30,0x12,0xff,0x56,0x30,0x12,0xff,
    0x55,0x30,0x12,0xff,0x54,0x30,0x12,0xff,0x51,0x30,0x12,0xff,0x54,0x30,0x12,0xff,
    0x57,0x2f,0x13,0xff,0x55,0x30,0x12,0xff,0x55,0x2f,0x11,0xff,0x55,0x2f,0x11,0xff,
    0x53,0x2f,0x11,0xff,0x52,0x2f,0x11,0xff,0x54,0x2e,0x12,0xff,0x53,0x2e,0x12,0xff,
    0x54,0x2f,0x12,0xff,0x51,0x2f,0x12,0xff,0x51,0x2f,0x12,0xff,0x55,0x2e,0x12,0xff,
    0x50,0x2e,0x11,0xff,0x53,0x2e,0x11,0xff,0x54,0x2e,0x12,0xff,0x52,0x2d,0x11,0xff,
    0x52,0x2d,0x11,0xff,0x50,0x2d,0x11,0xff,0x4e,0x2c,0x10,0xff,0x53,0x2c,0x10,0xff,
    0x50,0x2b,0x0f,0xff,0x50,0x2b,0x0f,0xff,0x51,0x2b,0x0f,0xff,0x50,0x2b,0x0f,0xff,
    0x4f,0x2b,0x0e,0xff,0x50,0x2a,0x0d,0xff,0x4f,0x2b,0x0d,0xff,0x4e,0x2a,0x0d,0xff,
    0x4f,0x2a,0x0c,0xff,0x4f,0x2e,0x0f,0xff,0x4f,0x2c,0x11,0xff,0x3a,0x1c,0x08,0xff,
    0x41,0x1b,0x00,0xff,0x75,0x61,0x4d,0xff,0xa3,0xa1,0x97,0xff,0x4f,0x4d,0x47,0xff,
    0x25,0x28,0x22,0xff,0x33,0x37,0x31,0xff,0x3c,0x3c,0x36,0xff,0x45,0x44,0x3e,0xff,
    0x4e,0x50,0x47,0xff,0x63,0x63,0x5d,0xff,0x50,0x50,0x48,0xff,0x32,0x30,0x2c,0xff,
    0x97,0x98,0x94,0xff,0x44,0x30,0x1f,0xff,0x3c,0x23,0x10,0xff,0x27,0x0b,0x00,0xff,
    0x6f,0x54,0x42,0xff,0xbe,0xad,0x9e,0xff,0x00,0x00,0x00,0x00,0x00,0x00,0x00,0x00,
    0x00,0x00,0x00,0x00,0x00,0x00,0x00,0x00,0x00,0x00,0x00,0x00,0x00,0x00,0x00,0x00,
    0x00,0x00,0x00,0x00,0x00,0x00,0x00,0x00,0x00,0x00,0x00,0x00,0x00,0x00,0x00,0x00,
    0x00,0x00,0x00,0x00,0x00,0x00,0x00,0x00,0x00,0x00,0x00,0x00,0x00,0x00,0x00,0x00,
    0x00,0x00,0x00,0x00,0x00,0x00,0x00,0x00,0x00,0x00,0x00,0x00,0x00,0x00,0x00,0x00,
    0x00,0x00,0x00,0x00,0x00,0x00,0x00,0x00,0x00,0x00,0x00,0x00,0x7e,0x6b,0x5c,0xff,
    0x56,0x4b,0x3c,0xff,0x38,0x1d,0x08,0xff,0x3e,0x20,0x0b,0xff,0xb4,0xa8,0x98,0xff,
    0x57,0x52,0x4e,0xff,0x40,0x3f,0x3b,0xff,0x66,0x68,0x64,0xff,0x50,0x56,0x50,0xff,
    0x45,0x4b,0x44,0xff,0x3d,0x3f,0x3a,0xff,0x34,0x37,0x31,0xff,0x30,0x33,0x2d,0xff,
    0x37,0x3a,0x34,0xff,0x91,0x8e,0x88,0xff,0xba,0xa3,0x91,0xff,0x65,0x3e,0x20,0xff,
    0x34,0x17,0x03,0xff,0x5d,0x3b,0x1e,0xff,0x66,0x3d,0x1d,0xff,0x58,0x32,0x12,0xff,
    0x58,0x2f,0x12,0xff,0x56,0x2f,0x11,0xff,0x58,0x2e,0x11,0xff,0x56,0x30,0x11,0xff,
    0x56,0x30,0x11,0xff,0x58,0x2f,0x12,0xff,0x55,0x30,0x13,0xff,0x55,0x31,0x13,0xff,
    0x59,0x30,0x13,0xff,0x56,0x31,0x13,0xff,0x57,0x32,0x14,0xff,0x56,0x31,0x13,0xff,
    0x54,0x31,0x13,0xff,0x5a,0x31,0x14,0xff,0x5b,0x31,0x14,0xff,0x58,0x32,0x14,0xff,
    0x57,0x32,0x14,0xff,0x57,0x31,0x13,0xff,0x56,0x32,0x14,0xff,0x56,0x32,0x14,0xff,
    0x57,0x31,0x13,0xff,0x59,0x31,0x13,0xff,0x58,0x31,0x13,0xff,0x56,0x31,0x13,0xff,
    0x59,0x30,0x13,0xff,0x5a,0x30,0x13,0xff,0x58,0x32,0x14,0xff,0x57,0x31,0x13,0xff,
    0x58,0x30,0x12,0xff,0x56,0x31,0x13,0xff,0x58,0x31,0x14,0xff,0x57,0x31,0x13,0xff,
    0x58,0x30,0x13,0xff,0x5a,0x30,0x13,0xff,0x55,0x30,0x13,0xff,0x55,0x30,0x13,0xff,
    0x56,0x30,0x13,0xff,0x57,0x2f,0x14,0xff,0x54,0x30,0x14,0xff,0x55,0x2f,0x13,0xff,
    0x54,0x2f,0x12,0xff,0x55,0x2f,0x11,0xff,0x54,0x2f,0x11,0xff,0x55,0x2e,0x12,0xff,
    0x57,0x2e,0x13,0xff,0x54,0x2e,0x12,0xff,0x52,0x2e,0x12,0xff,0x55,0x2e,0x12,0xff,
    0x53,0x2e,0x12,0xff,0x55,0x2f,0x12,0xff,0x54,0x2f,0x12,0xff,0x51,0x2e,0x10,0xff,
    0x55,0x2d,0x11,0xff,0x55,0x2d,0x11,0xff,0x51,0x2c,0x10,0xff,0x50,0x2c,0x10,0xff,
    0x51,0x2c,0x10,0xff,0x4f,0x2c,0x0f,0xff,0x4d,0x2b,0x0e,0xff,0x4f,0x2a,0x0f,0xff,
    0x52,0x2a,0x0f,0xff,0x51,0x2a,0x0e,0xff,0x4e,0x2a,0x0d,0xff,0x53,0x2b,0x0d,0xff,
    0x54,0x2a,0x0d,0xff,0x54,0x2e,0x11,0xff,0x4d,0x2b,0x11,0xff,0x3d,0x1d,0x08,0xff,
    0x41,0x1a,0x00,0xff,0x7a,0x6a,0x57,0xff,0xa2,0xa0,0x99,0xff,0x4f,0x4c,0x46,0xff,
    0x29,0x27,0x21,0xff,0x37,0x37,0x31,0xff,0x3d,0x3c,0x36,0xff,0x45,0x45,0x3e,0xff,
    0x4f,0x50,0x47,0xff,0x5f,0x63,0x5d,0xff,0x51,0x50,0x48,0xff,0x35,0x30,0x2d,0xff,
    0x9c,0x98,0x95,0xff,0x42,0x31,0x20,0xff,0x3c,0x22,0x11,0xff,0x2d,0x13,0x03,0xff,
    0x4b,0x30,0x1b,0xff,0x97,0x89,0x7a,0xff,0x00,0x00,0x00,0x00,0x00,0x00,0x00,0x00,
    0x00,0x00,0x00,0x00,0x00,0x00,0x00,0x00,0x00,0x00,0x00,0x00,0x00,0x00,0x00,0x00,
    0x00,0x00,0x00,0x00,0x00,0x00,0x00,0x00,0x00,0x00,0x00,0x00,0x00,0x00,0x00,0x00,
    0x00,0x00,0x00,0x00,0x00,0x00,0x00,0x00,0x00,0x00,0x00,0x00,0x00,0x00,0x00,0x00,
    0x00,0x00,0x00,0x00,0x00,0x00,0x00,0x00,0x00,0x00,0x00,0x00,0x00,0x00,0x00,0x00,
    0x00,0x00,0x00,0x00,0x00,0x00,0x00,0x00,0x00,0x00,0x00,0x00,0x7b,0x6b,0x5c,0xff,
    0x57,0x4a,0x3c,0xff,0x39,0x1c,0x07,0xff,0x3d,0x20,0x09,0xff,0xb8,0xa8,0x9b,0xff,
    0x54,0x53,0x50,0xff,0x3d,0x40,0x3c,0xff,0x62,0x69,0x63,0xff,0x51,0x57,0x51,0xff,
    0x44,0x4b,0x44,0xff,0x3a,0x40,0x3a,0xff,0x34,0x37,0x31,0xff,0x31,0x33,0x2d,0xff,
    0x37,0x37,0x31,0xff,0x8d,0x8c,0x85,0xff,0xbc,0xa5,0x96,0xff,0x6e,0x42,0x25,0xff,
    0x37,0x16,0x03,0xff,0x5a,0x37,0x1c,0xff,0x69,0x3d,0x1e,0xff,0x5a,0x31,0x12,0xff,
    0x58,0x30,0x12,0xff,0x52,0x30,0x12,0xff,0x56,0x2f,0x12,0xff,0x56,0x30,0x12,0xff,
    0x54,0x31,0x13,0xff,0x55,0x30,0x12,0xff,0x54,0x31,0x13,0xff,0x58,0x31,0x14,0xff,
    0x57,0x32,0x14,0xff,0x58,0x32,0x15,0xff,0x57,0x32,0x14,0xff,0x57,0x32,0x14,0xff,
    0x54,0x33,0x14,0xff,0x58,0x32,0x15,0xff,0x57,0x32,0x14,0xff,0x58,0x32,0x14,0xff,
    0x57,0x32,0x14,0xff,0x58,0x30,0x13,0xff,0x5a,0x31,0x14,0xff,0x58,0x32,0x14,0xff,
    0x55,0x32,0x14,0xff,0x56,0x31,0x14,0xff,0x58,0x31,0x13,0xff,0x54,0x31,0x13,0xff,
    0x57,0x30,0x13,0xff,0x55,0x30,0x14,0xff,0x56,0x30,0x14,0xff,0x57,0x30,0x14,0xff,
    0x56,0x31,0x13,0xff,0x56,0x31,0x13,0xff,0x57,0x31,0x13,0xff,0x56,0x31,0x13,0xff,
    0x56,0x32,0x13,0xff,0x56,0x30,0x14,0xff,0x53,0x30,0x14,0xff,0x56,0x30,0x14,0xff,
    0x55,0x31,0x13,0xff,0x59,0x30,0x13,0xff,0x57,0x30,0x13,0xff,0x54,0x2f,0x12,0xff,
    0x51,0x30,0x13,0xff,0x55,0x2f,0x12,0xff,0x54,0x2f,0x12,0xff,0x52,0x2f,0x13,0xff,
    0x53,0x2e,0x12,0xff,0x52,0x2f,0x12,0xff,0x54,0x2f,0x13,0xff,0x53,0x2f,0x13,0xff,
    0x54,0x2e,0x13,0xff,0x54,0x2e,0x11,0xff,0x54,0x2e,0x11,0xff,0x50,0x2e,0x11,0xff,
    0x54,0x2d,0x12,0xff,0x51,0x2e,0x11,0xff,0x50,0x2d,0x10,0xff,0x4f,0x2b,0x0f,0xff,
    0x52,0x2b,0x0f,0xff,0x52,0x2b,0x0f,0xff,0x4f,0x2b,0x0e,0xff,0x4d,0x2c,0x0f,0xff,
    0x4f,0x2b,0x0e,0xff,0x53,0x2b,0x0e,0xff,0x4e,0x2c,0x0e,0xff,0x51,0x2c,0x0e,0xff,
    0x51,0x2c,0x0e,0xff,0x54,0x2f,0x11,0xff,0x4a,0x2a,0x10,0xff,0x3c,0x1d,0x08,0xff,
    0x41,0x1a,0x00,0xff,0x82,0x70,0x5f,0xff,0x9f,0x9c,0x97,0xff,0x4e,0x4d,0x46,0xff,
    0x24,0x27,0x20,0xff,0x35,0x38,0x32,0xff,0x3d,0x3d,0x37,0xff,0x44,0x46,0x3f,0xff,
    0x51,0x4e,0x47,0xff,0x61,0x61,0x5c,0xff,0x51,0x51,0x4a,0xff,0x30,0x31,0x2c,0xff,
    0x9b,0x98,0x94,0xff,0x44,0x32,0x20,0xff,0x3a,0x22,0x11,0xff,0x31,0x19,0x06,0xff,
    0x35,0x19,0x02,0xff,0x67,0x59,0x4c,0xff,0x00,0x00,0x00,0x00,0x00,0x00,0x00,0x00,
    0x00,0x00,0x00,0x00,0x00,0x00,0x00,0x00,0x00,0x00,0x00,0x00,0x00,0x00,0x00,0x00,
    0x00,0x00,0x00,0x00,0x00,0x00,0x00,0x00,0x00,0x00,0x00,0x00,0x00,0x00,0x00,0x00,
    0x00,0x00,0x00,0x00,0x00,0x00,0x00,0x00,0x00,0x00,0x00,0x00,0x00,0x00,0x00,0x00,
    0x00,0x00,0x00,0x00,0x00,0x00,0x00,0x00,0x00,0x00,0x00,0x00,0x00,0x00,0x00,0x00,
    0x00,0x00,0x00,0x00,0x00,0x00,0x00,0x00,0x00,0x00,0x00,0x00,0x7b,0x6a,0x5c,0xff,
    0x59,0x48,0x3b,0xff,0x37,0x1c,0x07,0xff,0x3c,0x1f,0x09,0xff,0xbc,0xac,0x9d,0xff,
    0x57,0x54,0x51,0xff,0x3e,0x3f,0x3b,0xff,0x62,0x69,0x63,0xff,0x50,0x57,0x51,0xff,
    0x44,0x4b,0x44,0xff,0x3a,0x3f,0x38,0xff,0x36,0x37,0x31,0xff,0x30,0x33,0x2d,0xff,
    0x34,0x35,0x2f,0xff,0x8b,0x89,0x84,0xff,0xbf,0xaa,0x9c,0xff,0x70,0x45,0x26,0xff,
    0x37,0x18,0x05,0xff,0x5a,0x35,0x19,0xff,0x68,0x3f,0x1e,0xff,0x59,0x31,0x13,0xff,
    0x58,0x30,0x11,0xff,0x55,0x30,0x12,0xff,0x57,0x30,0x12,0xff,0x57,0x31,0x13,0xff,
    0x56,0x31,0x13,0xff,0x55,0x31,0x13,0xff,0x55,0x31,0x13,0xff,0x57,0x31,0x13,0xff,
    0x56,0x32,0x14,0xff,0x5a,0x32,0x15,0xff,0x58,0x32,0x15,0xff,0x56,0x32,0x14,0xff,
    0x56,0x32,0x13,0xff,0x59,0x32,0x14,0xff,0x57,0x32,0x14,0xff,0x56,0x32,0x14,0xff,
    0x58,0x31,0x13,0xff,0x58,0x31,0x14,0xff,0x59,0x31,0x14,0xff,0x58,0x32,0x14,0xff,
    0x57,0x32,0x14,0xff,0x57,0x32,0x14,0xff,0x58,0x31,0x13,0xff,0x57,0x31,0x14,0xff,
    0x57,0x31,0x13,0xff,0x54,0x31,0x13,0xff,0x56,0x30,0x13,0xff,0x57,0x30,0x14,0xff,
    0x57,0x31,0x14,0xff,0x57,0x31,0x13,0xff,0x53,0x33,0x13,0xff,0x55,0x31,0x13,0xff,
    0x55,0x31,0x13,0xff,0x56,0x31,0x13,0xff,0x53,0x31,0x13,0xff,0x56,0x31,0x13,0xff,
    0x57,0x31,0x13,0xff,0x58,0x30,0x13,0xff,0x56,0x30,0x12,0xff,0x53,0x30,0x12,0xff,
    0x52,0x2f,0x13,0xff,0x55,0x2f,0x13,0xff,0x54,0x2f,0x13,0xff,0x53,0x30,0x12,0xff,
    0x54,0x2f,0x12,0xff,0x54,0x2f,0x13,0xff,0x54,0x2f,0x13,0xff,0x53,0x2f,0x12,0xff,
    0x57,0x2f,0x13,0xff,0x54,0x2e,0x12,0xff,0x53,0x2e,0x12,0xff,0x53,0x2e,0x11,0xff,
    0x55,0x2d,0x12,0xff,0x53,0x2d,0x11,0xff,0x4f,0x2d,0x10,0xff,0x51,0x2d,0x0f,0xff,
    0x52,0x2c,0x0f,0xff,0x52,0x2c,0x10,0xff,0x51,0x2c,0x0f,0xff,0x4e,0x2c,0x0f,0xff,
    0x4f,0x2c,0x0e,0xff,0x50,0x2b,0x0d,0xff,0x50,0x2c,0x0e,0xff,0x52,0x2c,0x0f,0xff,
    0x51,0x2b,0x10,0xff,0x55,0x30,0x13,0xff,0x48,0x28,0x10,0xff,0x3b,0x1d,0x08,0xff,
    0x3f,0x1b,0x00,0xff,0x89,0x77,0x66,0xff,0x9b,0x98,0x92,0xff,0x4c,0x4c,0x47,0xff,
    0x26,0x27,0x21,0xff,0x35,0x38,0x32,0xff,0x3e,0x3d,0x38,0xff,0x45,0x46,0x3e,0xff,
    0x50,0x4e,0x46,0xff,0x60,0x61,0x5c,0xff,0x52,0x52,0x4b,0xff,0x31,0x31,0x2b,0xff,
    0x9a,0x96,0x92,0xff,0x44,0x34,0x22,0xff,0x39,0x25,0x10,0xff,0x2f,0x13,0x02,0xff,
    0x4b,0x33,0x1d,0xff,0x73,0x67,0x5c,0xff,0x00,0x00,0x00,0x00,0x00,0x00,0x00,0x00,
    0x00,0x00,0x00,0x00,0x00,0x00,0x00,0x00,0x00,0x00,0x00,0x00,0x00,0x00,0x00,0x00,
    0x00,0x00,0x00,0x00,0x00,0x00,0x00,0x00,0x00,0x00,0x00,0x00,0x00,0x00,0x00,0x00,
    0x00,0x00,0x00,0x00,0x00,0x00,0x00,0x00,0x00,0x00,0x00,0x00,0x00,0x00,0x00,0x00,
    0x00,0x00,0x00,0x00,0x00,0x00,0x00,0x00,0x00,0x00,0x00,0x00,0x00,0x00,0x00,0x00,
    0x00,0x00,0x00,0x00,0x00,0x00,0x00,0x00,0x00,0x00,0x00,0x00,0x7a,0x69,0x5a,0xff,
    0x5b,0x46,0x3a,0xff,0x3b,0x1d,0x06,0xff,0x40,0x20,0x0a,0xff,0xbc,0xad,0x9c,0xff,
    0x5a,0x55,0x51,0xff,0x3b,0x3f,0x3d,0xff,0x61,0x69,0x63,0xff,0x52,0x56,0x51,0xff,
    0x43,0x4c,0x44,0xff,0x39,0x40,0x39,0xff,0x35,0x37,0x31,0xff,0x31,0x35,0x2f,0xff,
    0x32,0x35,0x2e,0xff,0x87,0x88,0x83,0xff,0xbf,0xb0,0xa2,0xff,0x74,0x47,0x28,0xff,
    0x3c,0x1b,0x08,0xff,0x56,0x33,0x18,0xff,0x66,0x3f,0x1f,0xff,0x5a,0x33,0x14,0xff,
    0x5a,0x30,0x11,0xff,0x57,0x30,0x13,0xff,0x56,0x30,0x12,0xff,0x57,0x31,0x13,0xff,
    0x57,0x32,0x14,0xff,0x52,0x32,0x13,0xff,0x56,0x30,0x12,0xff,0x56,0x31,0x13,0xff,
    0x53,0x31,0x13,0xff,0x57,0x31,0x13,0xff,0x58,0x33,0x15,0xff,0x58,0x33,0x14,0xff,
    0x58,0x32,0x14,0xff,0x56,0x32,0x14,0xff,0x59,0x31,0x14,0xff,0x59,0x32,0x14,0xff,
    0x57,0x32,0x15,0xff,0x56,0x32,0x14,0xff,0x58,0x32,0x14,0xff,0x58,0x31,0x13,0xff,
    0x58,0x31,0x13,0xff,0x58,0x32,0x14,0xff,0x58,0x32,0x14,0xff,0x59,0x31,0x14,0xff,
    0x55,0x32,0x14,0xff,0x55,0x32,0x13,0xff,0x56,0x31,0x13,0xff,0x54,0x32,0x14,0xff,
    0x56,0x31,0x15,0xff,0x58,0x31,0x13,0xff,0x57,0x32,0x14,0xff,0x58,0x31,0x14,0xff,
    0x53,0x31,0x13,0xff,0x54,0x31,0x13,0xff,0x56,0x30,0x13,0xff,0x56,0x31,0x13,0xff,
    0x55,0x31,0x13,0xff,0x57,0x32,0x13,0xff,0x57,0x31,0x12,0xff,0x58,0x30,0x13,0xff,
    0x54,0x2f,0x13,0xff,0x54,0x2f,0x13,0xff,0x54,0x2f,0x13,0xff,0x53,0x2f,0x13,0xff,
    0x50,0x2f,0x12,0xff,0x56,0x2f,0x12,0xff,0x53,0x2e,0x12,0xff,0x50,0x2f,0x12,0xff,
    0x55,0x2e,0x12,0xff,0x55,0x2e,0x12,0xff,0x53,0x2e,0x11,0xff,0x53,0x2e,0x10,0xff,
    0x51,0x2e,0x11,0xff,0x54,0x2d,0x11,0xff,0x51,0x2d,0x0f,0xff,0x50,0x2d,0x0f,0xff,
    0x4f,0x2d,0x0f,0xff,0x51,0x2c,0x10,0xff,0x53,0x2c,0x10,0xff,0x51,0x2c,0x0f,0xff,
    0x50,0x2d,0x0e,0xff,0x4f,0x2c,0x0e,0xff,0x52,0x2c,0x0e,0xff,0x51,0x2e,0x0f,0xff,
    0x51,0x2b,0x0f,0xff,0x56,0x30,0x13,0xff,0x45,0x27,0x0f,0xff,0x3d,0x1f,0x08,0xff,
    0x43,0x1d,0x00,0xff,0x91,0x7e,0x6d,0xff,0x98,0x95,0x8e,0xff,0x48,0x4b,0x44,0xff,
    0x26,0x28,0x23,0xff,0x39,0x38,0x32,0xff,0x3f,0x3f,0x37,0xff,0x44,0x46,0x3d,0xff,
    0x4e,0x4f,0x46,0xff,0x60,0x60,0x5b,0xff,0x55,0x53,0x4c,0xff,0x32,0x2f,0x2a,0xff,
    0x9b,0x96,0x92,0xff,0x4a,0x34,0x21,0xff,0x3f,0x26,0x12,0xff,0x25,0x08,0x00,0xff,
    0x7f,0x64,0x55,0xff,0xba,0xad,0xa4,0xff,0x00,0x00,0x00,0x00,0x00,0x00,0x00,0x00,
    0x00,0x00,0x00,0x00,0x00,0x00,0x00,0x00,0x00,0x00,0x00,0x00,0x00,0x00,0x00,0x00,
    0x00,0x00,0x00,0x00,0x00,0x00,0x00,0x00,0x00,0x00,0x00,0x00,0x00,0x00,0x00,0x00,
    0x00,0x00,0x00,0x00,0x00,0x00,0x00,0x00,0x00,0x00,0x00,0x00,0x00,0x00,0x00,0x00,
    0x00,0x00,0x00,0x00,0x00,0x00,0x00,0x00,0x00,0x00,0x00,0x00,0x00,0x00,0x00,0x00,
    0x00,0x00,0x00,0x00,0x00,0x00,0x00,0x00,0x00,0x00,0x00,0x00,0x78,0x68,0x5a,0xff,
    0x55,0x47,0x3a,0xff,0x3e,0x1e,0x09,0xff,0x40,0x23,0x09,0xff,0xb8,0xae,0x99,0xff,
    0x5b,0x56,0x50,0xff,0x3f,0x3f,0x3d,0xff,0x62,0x69,0x63,0xff,0x52,0x55,0x4f,0xff,
    0x46,0x4b,0x44,0xff,0x3c,0x40,0x39,0xff,0x36,0x39,0x33,0xff,0x33,0x35,0x2f,0xff,
    0x32,0x34,0x2c,0xff,0x87,0x84,0x80,0xff,0xc4,0xb5,0xaa,0xff,0x79,0x4d,0x2e,0xff,
    0x3e,0x1c,0x09,0xff,0x51,0x2e,0x14,0xff,0x66,0x40,0x1f,0xff,0x5b,0x34,0x14,0xff,
    0x58,0x30,0x10,0xff,0x58,0x31,0x13,0xff,0x55,0x31,0x13,0xff,0x55,0x31,0x13,0xff,
    0x58,0x30,0x13,0xff,0x56,0x31,0x13,0xff,0x58,0x31,0x13,0xff,0x56,0x30,0x13,0xff,
    0x54,0x30,0x12,0xff,0x54,0x31,0x13,0xff,0x57,0x33,0x15,0xff,0x58,0x32,0x15,0xff,
    0x58,0x31,0x14,0xff,0x57,0x31,0x14,0xff,0x57,0x31,0x14,0xff,0x58,0x32,0x14,0xff,
    0x57,0x32,0x14,0xff,0x57,0x32,0x14,0xff,0x57,0x32,0x14,0xff,0x55,0x31,0x13,0xff,
    0x57,0x31,0x13,0xff,0x58,0x32,0x14,0xff,0x56,0x32,0x14,0xff,0x58,0x31,0x14,0xff,
    0x59,0x32,0x14,0xff,0x56,0x32,0x14,0xff,0x56,0x31,0x13,0xff,0x55,0x31,0x13,0xff,
    0x56,0x31,0x15,0xff,0x57,0x31,0x15,0xff,0x57,0x31,0x15,0xff,0x57,0x31,0x16,0xff,
    0x56,0x30,0x13,0xff,0x54,0x30,0x13,0xff,0x56,0x30,0x14,0xff,0x56,0x30,0x14,0xff,
    0x57,0x31,0x14,0xff,0x55,0x32,0x13,0xff,0x56,0x31,0x13,0xff,0x55,0x30,0x13,0xff,
    0x56,0x2f,0x13,0xff,0x52,0x30,0x13,0xff,0x53,0x2f,0x13,0xff,0x55,0x2f,0x12,0xff,
    0x52,0x2f,0x12,0xff,0x54,0x2f,0x12,0xff,0x53,0x2f,0x12,0xff,0x54,0x2f,0x12,0xff,
    0x54,0x2f,0x13,0xff,0x54,0x2e,0x13,0xff,0x53,0x2f,0x11,0xff,0x55,0x2f,0x11,0xff,
    0x55,0x2f,0x12,0xff,0x53,0x2e,0x11,0xff,0x53,0x2e,0x11,0xff,0x52,0x2d,0x0f,0xff,
    0x51,0x2d,0x10,0xff,0x51,0x2d,0x10,0xff,0x51,0x2d,0x10,0xff,0x51,0x2c,0x0f,0xff,
    0x50,0x2d,0x0e,0xff,0x4e,0x2d,0x0e,0xff,0x53,0x2d,0x10,0xff,0x54,0x2d,0x0f,0xff,
    0x51,0x2d,0x0f,0xff,0x56,0x32,0x13,0xff,0x44,0x26,0x0e,0xff,0x3c,0x20,0x08,0xff,
    0x40,0x20,0x01,0xff,0x96,0x85,0x75,0xff,0x96,0x93,0x8c,0xff,0x4b,0x47,0x43,0xff,
    0x26,0x29,0x24,0xff,0x39,0x38,0x32,0xff,0x3f,0x3f,0x37,0xff,0x45,0x46,0x3e,0xff,
    0x4d,0x50,0x47,0xff,0x61,0x61,0x5c,0xff,0x54,0x55,0x4e,0xff,0x32,0x2e,0x29,0xff,
    0x99,0x97,0x92,0xff,0x49,0x36,0x21,0xff,0x40,0x27,0x11,0xff,0x25,0x0b,0x00,0xff,
    0x77,0x5c,0x4b,0xff,0xc1,0xb2,0xa8,0xff,0x00,0x00,0x00,0x00,0x00,0x00,0x00,0x00,
    0x00,0x00,0x00,0x00,0x00,0x00,0x00,0x00,0x00,0x00,0x00,0x00,0x00,0x00,0x00,0x00,
    0x00,0x00,0x00,0x00,0x00,0x00,0x00,0x00,0x00,0x00,0x00,0x00,0x00,0x00,0x00,0x00,
    0x00,0x00,0x00,0x00,0x00,0x00,0x00,0x00,0x00,0x00,0x00,0x00,0x00,0x00,0x00,0x00,
    0x00,0x00,0x00,0x00,0x00,0x00,0x00,0x00,0x00,0x00,0x00,0x00,0x00,0x00,0x00,0x00,
    0x00,0x00,0x00,0x00,0x00,0x00,0x00,0x00,0x00,0x00,0x00,0x00,0xbd,0xb6,0xad,0xff,
    0x44,0x35,0x28,0xff,0x40,0x1d,0x08,0xff,0x44,0x23,0x0b,0xff,0xbd,0xab,0x99,0xff,
    0x59,0x56,0x50,0xff,0x3c,0x3f,0x3b,0xff,0x62,0x69,0x64,0xff,0x4f,0x56,0x50,0xff,
    0x47,0x4b,0x44,0xff,0x3e,0x40,0x39,0xff,0x35,0x39,0x32,0xff,0x37,0x35,0x30,0xff,
    0x32,0x33,0x2d,0xff,0x7f,0x80,0x7c,0xff,0xc2,0xb5,0xaa,0xff,0x7d,0x52,0x32,0xff,
    0x3f,0x1e,0x08,0xff,0x4f,0x2b,0x11,0xff,0x67,0x41,0x20,0xff,0x5e,0x36,0x15,0xff,
    0x58,0x31,0x11,0xff,0x58,0x31,0x13,0xff,0x57,0x31,0x13,0xff,0x57,0x31,0x13,0xff,
    0x55,0x31,0x13,0xff,0x59,0x31,0x13,0xff,0x57,0x31,0x13,0xff,0x55,0x30,0x12,0xff,
    0x56,0x30,0x12,0xff,0x54,0x31,0x13,0xff,0x57,0x31,0x13,0xff,0x59,0x30,0x15,0xff,
    0x54,0x31,0x14,0xff,0x55,0x31,0x14,0xff,0x56,0x32,0x14,0xff,0x58,0x31,0x13,0xff,
    0x55,0x31,0x14,0xff,0x57,0x31,0x15,0xff,0x56,0x31,0x13,0xff,0x56,0x31,0x14,0xff,
    0x58,0x32,0x14,0xff,0x58,0x32,0x14,0xff,0x58,0x30,0x14,0xff,0x55,0x31,0x13,0xff,
    0x58,0x31,0x15,0xff,0x58,0x32,0x14,0xff,0x55,0x31,0x13,0xff,0x57,0x31,0x13,0xff,
    0x56,0x31,0x13,0xff,0x54,0x31,0x14,0xff,0x5a,0x31,0x13,0xff,0x56,0x31,0x14,0xff,
    0x54,0x31,0x14,0xff,0x54,0x31,0x12,0xff,0x56,0x30,0x13,0xff,0x55,0x30,0x14,0xff,
    0x56,0x31,0x13,0xff,0x53,0x31,0x13,0xff,0x54,0x30,0x13,0xff,0x54,0x31,0x13,0xff,
    0x55,0x30,0x12,0xff,0x54,0x30,0x12,0xff,0x55,0x30,0x13,0xff,0x52,0x2f,0x12,0xff,
    0x56,0x2f,0x13,0xff,0x54,0x2f,0x13,0xff,0x54,0x2e,0x12,0xff,0x56,0x2f,0x12,0xff,
    0x54,0x2f,0x12,0xff,0x56,0x2e,0x12,0xff,0x57,0x2e,0x12,0xff,0x54,0x2e,0x12,0xff,
    0x55,0x2e,0x12,0xff,0x53,0x2e,0x11,0xff,0x54,0x2d,0x11,0xff,0x52,0x2d,0x11,0xff,
    0x53,0x2d,0x10,0xff,0x52,0x2d,0x11,0xff,0x50,0x2d,0x10,0xff,0x52,0x2c,0x10,0xff,
    0x51,0x2c,0x0f,0xff,0x52,0x2d,0x0f,0xff,0x50,0x2d,0x0f,0xff,0x52,0x2c,0x0f,0xff,
    0x54,0x2e,0x10,0xff,0x56,0x32,0x13,0xff,0x46,0x25,0x0d,0xff,0x42,0x21,0x08,0xff,
    0x43,0x21,0x02,0xff,0x9e,0x8c,0x7e,0xff,0x90,0x8f,0x88,0xff,0x44,0x44,0x40,0xff,
    0x27,0x2a,0x25,0xff,0x3a,0x39,0x33,0xff,0x3f,0x40,0x37,0xff,0x47,0x47,0x3e,0xff,
    0x4d,0x50,0x47,0xff,0x61,0x61,0x5c,0xff,0x55,0x55,0x4f,0xff,0x30,0x2d,0x28,0xff,
    0x9b,0x97,0x92,0xff,0x4e,0x36,0x22,0xff,0x41,0x26,0x10,0xff,0x29,0x10,0x03,0xff,
    0x4c,0x2e,0x17,0xff,0x93,0x7f,0x6d,0xff,0x00,0x00,0x00,0x00,0x00,0x00,0x00,0x00,
    0x00,0x00,0x00,0x00,0x00,0x00,0x00,0x00,0x00,0x00,0x00,0x00,0x00,0x00,0x00,0x00,
    0x00,0x00,0x00,0x00,0x00,0x00,0x00,0x00,0x00,0x00,0x00,0x00,0x00,0x00,0x00,0x00,
    0x00,0x00,0x00,0x00,0x00,0x00,0x00,0x00,0x00,0x00,0x00,0x00,0x00,0x00,0x00,0x00,
    0x00,0x00,0x00,0x00,0x00,0x00,0x00,0x00,0x00,0x00,0x00,0x00,0x00,0x00,0x00,0x00,
    0x00,0x00,0x00,0x00,0x00,0x00,0x00,0x00,0x82,0x65,0x4e,0xff,0xbf,0xbc,0xb4,0xff,
    0x24,0x13,0x08,0xff,0x44,0x24,0x0e,0xff,0x44,0x23,0x0b,0xff,0xbe,0xaa,0x99,0xff,
    0x5b,0x56,0x51,0xff,0x3c,0x3f,0x3b,0xff,0x62,0x68,0x63,0xff,0x4f,0x56,0x50,0xff,
    0x49,0x4a,0x44,0xff,0x3e,0x41,0x3a,0xff,0x37,0x39,0x33,0xff,0x37,0x36,0x30,0xff,
    0x33,0x32,0x2c,0xff,0x7f,0x7e,0x7a,0xff,0xc0,0xb5,0xaa,0xff,0x7d,0x54,0x35,0xff,
    0x43,0x20,0x09,0xff,0x4c,0x27,0x12,0xff,0x67,0x3f,0x21,0xff,0x5d,0x36,0x16,0xff,
    0x58,0x31,0x11,0xff,0x57,0x31,0x13,0xff,0x57,0x31,0x13,0xff,0x58,0x30,0x13,0xff,
    0x56,0x31,0x12,0xff,0x58,0x31,0x13,0xff,0x56,0x31,0x13,0xff,0x57,0x30,0x13,0xff,
    0x58,0x30,0x13,0xff,0x57,0x31,0x13,0xff,0x56,0x30,0x14,0xff,0x56,0x31,0x13,0xff,
    0x56,0x31,0x14,0xff,0x56,0x31,0x14,0xff,0x56,0x32,0x14,0xff,0x57,0x31,0x14,0xff,
    0x56,0x31,0x14,0xff,0x59,0x32,0x15,0xff,0x58,0x31,0x15,0xff,0x56,0x31,0x15,0xff,
    0x56,0x31,0x13,0xff,0x57,0x32,0x14,0xff,0x57,0x30,0x14,0xff,0x58,0x30,0x14,0xff,
    0x58,0x31,0x15,0xff,0x58,0x31,0x14,0xff,0x56,0x31,0x14,0xff,0x57,0x30,0x13,0xff,
    0x56,0x31,0x13,0xff,0x56,0x32,0x14,0xff,0x57,0x32,0x14,0xff,0x56,0x31,0x14,0xff,
    0x55,0x31,0x13,0xff,0x54,0x31,0x14,0xff,0x55,0x31,0x14,0xff,0x55,0x30,0x12,0xff,
    0x56,0x30,0x14,0xff,0x56,0x30,0x14,0xff,0x55,0x30,0x14,0xff,0x54,0x31,0x15,0xff,
    0x54,0x31,0x13,0xff,0x54,0x2f,0x13,0xff,0x57,0x30,0x14,0xff,0x56,0x30,0x14,0xff,
    0x58,0x30,0x14,0xff,0x54,0x30,0x13,0xff,0x53,0x2f,0x12,0xff,0x56,0x2f,0x12,0xff,
    0x55,0x2f,0x12,0xff,0x56,0x2f,0x13,0xff,0x55,0x2e,0x12,0xff,0x54,0x2e,0x12,0xff,
    0x54,0x2e,0x12,0xff,0x54,0x30,0x12,0xff,0x55,0x30,0x11,0xff,0x53,0x2f,0x11,0xff,
    0x54,0x2e,0x11,0xff,0x53,0x2d,0x11,0xff,0x51,0x2d,0x11,0xff,0x51,0x2d,0x10,0xff,
    0x51,0x2d,0x0f,0xff,0x52,0x2d,0x0f,0xff,0x51,0x2d,0x0f,0xff,0x52,0x2d,0x0f,0xff,
    0x54,0x2e,0x10,0xff,0x56,0x33,0x15,0xff,0x47,0x25,0x0d,0xff,0x43,0x23,0x09,0xff,
    0x44,0x22,0x03,0xff,0xa0,0x93,0x83,0xff,0x8e,0x8c,0x84,0xff,0x42,0x42,0x3d,0xff,
    0x28,0x2b,0x27,0xff,0x38,0x3a,0x34,0xff,0x3f,0x40,0x37,0xff,0x47,0x46,0x3e,0xff,
    0x4f,0x4f,0x47,0xff,0x60,0x62,0x5c,0xff,0x55,0x56,0x4e,0xff,0x2e,0x2c,0x25,0xff,
    0x9a,0x96,0x90,0xff,0x4f,0x37,0x24,0xff,0x47,0x27,0x11,0xff,0x23,0x11,0x07,0xff,
    0x20,0x0d,0x00,0xff,0x81,0x6d,0x5a,0xff,0x73,0x51,0x37,0xff,0x00,0x00,0x00,0x00,
    0x00,0x00,0x00,0x00,0x00,0x00,0x00,0x00,0x00,0x00,0x00,0x00,0x00,0x00,0x00,0x00,
    0x00,0x00,0x00,0x00,0x00,0x00,0x00,0x00,0x00,0x00,0x00,0x00,0x00,0x00,0x00,0x00,
    0x00,0x00,0x00,0x00,0x00,0x00,0x00,0x00,0x00,0x00,0x00,0x00,0x00,0x00,0x00,0x00,
    0x00,0x00,0x00,0x00,0x00,0x00,0x00,0x00,0x00,0x00,0x00,0x00,0x00,0x00,0x00,0x00,
    0x00,0x00,0x00,0x00,0x00,0x00,0x00,0x00,0x87,0x6c,0x58,0xff,0x73,0x69,0x62,0xff,
    0x18,0x09,0x02,0xff,0x48,0x27,0x10,0xff,0x41,0x25,0x0b,0xff,0xbb,0xaa,0x97,0xff,
    0x5d,0x56,0x4f,0xff,0x3e,0x3e,0x3c,0xff,0x62,0x69,0x61,0xff,0x4f,0x57,0x50,0xff,
    0x45,0x4d,0x45,0xff,0x3c,0x41,0x3b,0xff,0x39,0x39,0x33,0xff,0x35,0x38,0x32,0xff,
    0x33,0x32,0x2c,0xff,0x80,0x7e,0x79,0xff,0xc0,0xb5,0xab,0xff,0x7e,0x55,0x36,0xff,
    0x42,0x24,0x0a,0xff,0x46,0x27,0x0f,0xff,0x65,0x41,0x21,0xff,0x5c,0x37,0x19,0xff,
    0x59,0x2f,0x11,0xff,0x57,0x31,0x13,0xff,0x56,0x32,0x14,0xff,0x56,0x31,0x13,0xff,
    0x58,0x31,0x13,0xff,0x58,0x30,0x13,0xff,0x56,0x31,0x13,0xff,0x54,0x31,0x13,0xff,
    0x55,0x31,0x13,0xff,0x58,0x31,0x13,0xff,0x56,0x31,0x13,0xff,0x54,0x31,0x13,0xff,
    0x57,0x30,0x13,0xff,0x55,0x32,0x14,0xff,0x56,0x31,0x13,0xff,0x55,0x31,0x13,0xff,
    0x54,0x32,0x15,0xff,0x54,0x32,0x14,0xff,0x55,0x31,0x14,0xff,0x57,0x32,0x15,0xff,
    0x58,0x31,0x14,0xff,0x55,0x31,0x14,0xff,0x56,0x31,0x14,0xff,0x58,0x32,0x14,0xff,
    0x59,0x31,0x14,0xff,0x58,0x32,0x15,0xff,0x55,0x32,0x15,0xff,0x54,0x32,0x14,0xff,
    0x56,0x31,0x14,0xff,0x57,0x31,0x14,0xff,0x54,0x32,0x14,0xff,0x57,0x32,0x14,0xff,
    0x56,0x31,0x13,0xff,0x55,0x31,0x13,0xff,0x57,0x31,0x15,0xff,0x53,0x31,0x13,0xff,
    0x54,0x31,0x14,0xff,0x54,0x30,0x14,0xff,0x53,0x30,0x14,0xff,0x56,0x30,0x14,0xff,
    0x54,0x30,0x14,0xff,0x52,0x30,0x13,0xff,0x55,0x31,0x13,0xff,0x57,0x30,0x13,0xff,
    0x59,0x30,0x14,0xff,0x55,0x2f,0x13,0xff,0x52,0x30,0x12,0xff,0x52,0x2f,0x11,0xff,
    0x56,0x2e,0x13,0xff,0x55,0x2f,0x13,0xff,0x53,0x2f,0x13,0xff,0x56,0x2e,0x12,0xff,
    0x53,0x2e,0x12,0xff,0x56,0x2e,0x13,0xff,0x53,0x2f,0x11,0xff,0x50,0x2f,0x11,0xff,
    0x52,0x2f,0x11,0xff,0x51,0x2e,0x11,0xff,0x51,0x2d,0x10,0xff,0x53,0x2d,0x10,0xff,
    0x50,0x2d,0x0f,0xff,0x4f,0x2d,0x0f,0xff,0x51,0x2d,0x0f,0xff,0x54,0x2d,0x0f,0xff,
    0x54,0x2d,0x10,0xff,0x59,0x34,0x15,0xff,0x3f,0x23,0x0c,0xff,0x44,0x23,0x09,0xff,
    0x47,0x23,0x06,0xff,0xa5,0x9b,0x8c,0xff,0x8d,0x89,0x83,0xff,0x41,0x40,0x3b,0xff,
    0x2b,0x2c,0x28,0xff,0x3b,0x3b,0x33,0xff,0x3d,0x41,0x37,0xff,0x44,0x48,0x3e,0xff,
    0x4d,0x4f,0x47,0xff,0x5e,0x62,0x5b,0xff,0x57,0x56,0x50,0xff,0x2c,0x2a,0x24,0xff,
    0x99,0x96,0x90,0xff,0x50,0x38,0x24,0xff,0x4a,0x26,0x0f,0xff,0x2a,0x12,0x07,0xff,
    0x0f,0x00,0x00,0xff,0x74,0x66,0x54,0xff,0x99,0x80,0x6b,0xff,0x00,0x00,0x00,0x00,
    0x00,0x00,0x00,0x00,0x00,0x00,0x00,0x00,0x00,0x00,0x00,0x00,0x00,0x00,0x00,0x00,
    0x00,0x00,0x00,0x00,0x00,0x00,0x00,0x00,0x00,0x00,0x00,0x00,0x00,0x00,0x00,0x00,
    0x00,0x00,0x00,0x00,0x00,0x00,0x00,0x00,0x00,0x00,0x00,0x00,0x00,0x00,0x00,0x00,
    0x00,0x00,0x00,0x00,0x00,0x00,0x00,0x00,0x00,0x00,0x00,0x00,0x00,0x00,0x00,0x00,
    0x00,0x00,0x00,0x00,0x00,0x00,0x00,0x00,0x7d,0x63,0x4f,0xff,0x52,0x47,0x40,0xff,
    0x14,0x09,0x01,0xff,0x49,0x28,0x11,0xff,0x46,0x27,0x0d,0xff,0xbd,0xaa,0x97,0xff,
    0x5d,0x56,0x50,0xff,0x3a,0x3e,0x3d,0xff,0x5f,0x68,0x60,0xff,0x51,0x55,0x50,0xff,
    0x48,0x4c,0x45,0xff,0x3c,0x42,0x3b,0xff,0x38,0x39,0x32,0xff,0x35,0x39,0x31,0xff,
    0x31,0x33,0x2d,0xff,0x7f,0x7d,0x7b,0xff,0xc1,0xb6,0xac,0xff,0x81,0x56,0x37,0xff,
    0x4a,0x24,0x0d,0xff,0x48,0x25,0x0e,0xff,0x68,0x40,0x22,0xff,0x62,0x37,0x18,0xff,
    0x57,0x30,0x10,0xff,0x59,0x32,0x14,0xff,0x5a,0x32,0x15,0xff,0x59,0x33,0x15,0xff,
    0x57,0x32,0x14,0xff,0x56,0x32,0x14,0xff,0x58,0x32,0x14,0xff,0x59,0x31,0x13,0xff,
    0x56,0x31,0x13,0xff,0x57,0x31,0x13,0xff,0x56,0x31,0x13,0xff,0x55,0x32,0x14,0xff,
    0x59,0x32,0x14,0xff,0x56,0x32,0x14,0xff,0x55,0x32,0x14,0xff,0x56,0x31,0x13,0xff,
    0x58,0x31,0x15,0xff,0x57,0x32,0x15,0xff,0x59,0x31,0x15,0xff,0x5a,0x31,0x15,0xff,
    0x58,0x32,0x15,0xff,0x59,0x31,0x14,0xff,0x59,0x32,0x14,0xff,0x58,0x32,0x14,0xff,
    0x56,0x32,0x14,0xff,0x57,0x32,0x14,0xff,0x57,0x32,0x14,0xff,0x57,0x31,0x13,0xff,
    0x56,0x32,0x14,0xff,0x59,0x32,0x14,0xff,0x53,0x32,0x14,0xff,0x56,0x32,0x14,0xff,
    0x56,0x31,0x13,0xff,0x55,0x32,0x13,0xff,0x56,0x31,0x15,0xff,0x57,0x31,0x14,0xff,
    0x56,0x30,0x14,0xff,0x55,0x30,0x14,0xff,0x57,0x30,0x14,0xff,0x56,0x30,0x14,0xff,
    0x55,0x30,0x14,0xff,0x57,0x30,0x14,0xff,0x56,0x30,0x13,0xff,0x55,0x2f,0x13,0xff,
    0x55,0x30,0x13,0xff,0x57,0x30,0x13,0xff,0x57,0x2f,0x13,0xff,0x53,0x2f,0x12,0xff,
    0x55,0x2e,0x12,0xff,0x56,0x2f,0x13,0xff,0x54,0x30,0x13,0xff,0x56,0x2f,0x13,0xff,
    0x55,0x2f,0x13,0xff,0x55,0x2f,0x13,0xff,0x54,0x2f,0x12,0xff,0x54,0x2f,0x11,0xff,
    0x54,0x2f,0x11,0xff,0x55,0x2e,0x10,0xff,0x53,0x2d,0x11,0xff,0x51,0x2d,0x11,0xff,
    0x53,0x2d,0x10,0xff,0x52,0x2d,0x10,0xff,0x51,0x2d,0x0f,0xff,0x50,0x2d,0x0f,0xff,
    0x4f,0x2e,0x10,0xff,0x5a,0x33,0x14,0xff,0x3d,0x23,0x0b,0xff,0x44,0x24,0x0a,0xff,
    0x4a,0x25,0x09,0xff,0xaa,0xa1,0x93,0xff,0x88,0x86,0x7e,0xff,0x3f,0x3f,0x3b,0xff,
    0x2a,0x2d,0x28,0xff,0x39,0x3a,0x33,0xff,0x41,0x40,0x38,0xff,0x46,0x47,0x3e,0xff,
    0x4f,0x4f,0x47,0xff,0x62,0x61,0x5b,0xff,0x56,0x56,0x50,0xff,0x2c,0x29,0x25,0xff,
    0x9b,0x96,0x91,0xff,0x4f,0x38,0x24,0xff,0x45,0x28,0x0d,0xff,0x27,0x12,0x06,0xff,
    0x10,0x00,0x00,0xff,0x67,0x55,0x47,0xff,0xac,0x9a,0x88,0xff,0x00,0x00,0x00,0x00,
    0x00,0x00,0x00,0x00,0x00,0x00,0x00,0x00,0x00,0x00,0x00,0x00,0x00,0x00,0x00,0x00,
    0x00,0x00,0x00,0x00,0x00,0x00,0x00,0x00,0x00,0x00,0x00,0x00,0x00,0x00,0x00,0x00,
    0x00,0x00,0x00,0x00,0x00,0x00,0x00,0x00,0x00,0x00,0x00,0x00,0x00,0x00,0x00,0x00,
    0x00,0x00,0x00,0x00,0x00,0x00,0x00,0x00,0x00,0x00,0x00,0x00,0x00,0x00,0x00,0x00,
    0x00,0x00,0x00,0x00,0x00,0x00,0x00,0x00,0x7e,0x68,0x55,0xff,0x46,0x3e,0x37,0xff,
    0x15,0x09,0x01,0xff,0x4b,0x2a,0x12,0xff,0x45,0x27,0x0d,0xff,0xbc,0xaa,0x97,0xff,
    0x60,0x56,0x50,0xff,0x3b,0x3d,0x3b,0xff,0x62,0x68,0x61,0xff,0x4e,0x54,0x4e,0xff,
    0x49,0x4c,0x46,0xff,0x3e,0x42,0x3c,0xff,0x38,0x3a,0x34,0xff,0x37,0x39,0x31,0xff,
    0x33,0x33,0x2d,0xff,0x7e,0x7c,0x79,0xff,0xc5,0xb6,0xae,0xff,0x7f,0x59,0x39,0xff,
    0x4c,0x27,0x0f,0xff,0x48,0x23,0x0d,0xff,0x65,0x40,0x22,0xff,0x62,0x38,0x19,0xff,
    0x59,0x30,0x10,0xff,0x58,0x33,0x13,0xff,0x5a,0x33,0x15,0xff,0x59,0x33,0x14,0xff,
    0x59,0x32,0x13,0xff,0x58,0x32,0x14,0xff,0x57,0x32,0x14,0xff,0x57,0x32,0x14,0xff,
    0x59,0x31,0x14,0xff,0x56,0x31,0x14,0xff,0x56,0x31,0x13,0xff,0x58,0x32,0x15,0xff,
    0x58,0x32,0x14,0xff,0x58,0x32,0x15,0xff,0x57,0x32,0x14,0xff,0x54,0x32,0x13,0xff,
    0x5a,0x31,0x15,0xff,0x58,0x32,0x16,0xff,0x57,0x32,0x16,0xff,0x5b,0x31,0x16,0xff,
    0x57,0x32,0x15,0xff,0x57,0x32,0x14,0xff,0x57,0x32,0x14,0xff,0x59,0x31,0x14,0xff,
    0x57,0x32,0x14,0xff,0x58,0x32,0x14,0xff,0x55,0x32,0x14,0xff,0x57,0x32,0x14,0xff,
    0x55,0x32,0x14,0xff,0x58,0x32,0x14,0xff,0x56,0x32,0x14,0xff,0x55,0x31,0x15,0xff,
    0x56,0x32,0x14,0xff,0x57,0x32,0x14,0xff,0x54,0x32,0x15,0xff,0x56,0x31,0x15,0xff,
    0x58,0x31,0x15,0xff,0x53,0x32,0x15,0xff,0x56,0x31,0x14,0xff,0x57,0x31,0x15,0xff,
    0x55,0x31,0x15,0xff,0x57,0x30,0x14,0xff,0x55,0x30,0x13,0xff,0x56,0x2f,0x13,0xff,
    0x56,0x30,0x12,0xff,0x55,0x30,0x13,0xff,0x56,0x30,0x13,0xff,0x57,0x2f,0x13,0xff,
    0x56,0x2f,0x13,0xff,0x56,0x2f,0x12,0xff,0x56,0x30,0x13,0xff,0x56,0x2f,0x13,0xff,
    0x57,0x2f,0x13,0xff,0x56,0x2f,0x13,0xff,0x53,0x30,0x12,0xff,0x55,0x2e,0x11,0xff,
    0x53,0x2f,0x11,0xff,0x54,0x2f,0x12,0xff,0x56,0x2d,0x12,0xff,0x50,0x2e,0x12,0xff,
    0x51,0x2d,0x10,0xff,0x50,0x2d,0x0f,0xff,0x53,0x2d,0x0f,0xff,0x51,0x2d,0x0f,0xff,
    0x52,0x2e,0x10,0xff,0x59,0x32,0x15,0xff,0x3f,0x22,0x0b,0xff,0x47,0x25,0x0b,0xff,
    0x4b,0x28,0x0c,0xff,0xaf,0xa5,0x97,0xff,0x84,0x81,0x7b,0xff,0x3e,0x3d,0x39,0xff,
    0x2c,0x2c,0x28,0xff,0x36,0x3a,0x34,0xff,0x40,0x3f,0x39,0xff,0x48,0x45,0x3e,0xff,
    0x4c,0x4f,0x48,0xff,0x62,0x60,0x5b,0xff,0x57,0x56,0x50,0xff,0x29,0x2c,0x26,0xff,
    0x99,0x96,0x91,0xff,0x50,0x39,0x23,0xff,0x48,0x27,0x0f,0xff,0x28,0x12,0x07,0xff,
    0x0f,0x02,0x00,0xff,0x58,0x48,0x3b,0xff,0xa6,0x93,0x80,0xff,0x00,0x00,0x00,0x00,
    0x00,0x00,0x00,0x00,0x00,0x00,0x00,0x00,0x00,0x00,0x00,0x00,0x00,0x00,0x00,0x00,
    0x00,0x00,0x00,0x00,0x00,0x00,0x00,0x00,0x00,0x00,0x00,0x00,0x00,0x00,0x00,0x00,
    0x00,0x00,0x00,0x00,0x00,0x00,0x00,0x00,0x00,0x00,0x00,0x00,0x00,0x00,0x00,0x00,
    0x00,0x00,0x00,0x00,0x00,0x00,0x00,0x00,0x00,0x00,0x00,0x00,0x00,0x00,0x00,0x00,
    0x00,0x00,0x00,0x00,0x00,0x00,0x00,0x00,0x76,0x5d,0x4b,0xff,0x3a,0x30,0x2a,0xff,
    0x16,0x0b,0x03,0xff,0x4b,0x29,0x12,0xff,0x45,0x27,0x0d,0xff,0xbd,0xaa,0x96,0xff,
    0x5f,0x58,0x52,0xff,0x3e,0x3d,0x3a,0xff,0x64,0x68,0x62,0xff,0x52,0x55,0x4f,0xff,
    0x47,0x4c,0x46,0xff,0x3f,0x43,0x3d,0xff,0x39,0x3a,0x34,0xff,0x37,0x37,0x32,0xff,
    0x34,0x32,0x2d,0xff,0x79,0x77,0x75,0xff,0xc0,0xb7,0xae,0xff,0x82,0x5d,0x3e,0xff,
    0x4d,0x2a,0x10,0xff,0x45,0x22,0x0c,0xff,0x65,0x40,0x21,0xff,0x60,0x3b,0x1b,0xff,
    0x5a,0x30,0x11,0xff,0x5b,0x32,0x13,0xff,0x59,0x33,0x13,0xff,0x59,0x33,0x13,0xff,
    0x5a,0x34,0x14,0xff,0x5a,0x32,0x15,0xff,0x5a,0x32,0x15,0xff,0x58,0x32,0x15,0xff,
    0x58,0x33,0x15,0xff,0x57,0x32,0x14,0xff,0x58,0x31,0x14,0xff,0x59,0x32,0x16,0xff,
    0x5a,0x31,0x15,0xff,0x56,0x32,0x15,0xff,0x58,0x32,0x15,0xff,0x57,0x32,0x14,0xff,
    0x58,0x31,0x14,0xff,0x58,0x33,0x16,0xff,0x57,0x32,0x16,0xff,0x57,0x32,0x16,0xff,
    0x5a,0x31,0x14,0xff,0x58,0x32,0x14,0xff,0x57,0x32,0x15,0xff,0x56,0x32,0x15,0xff,
    0x59,0x32,0x15,0xff,0x59,0x31,0x15,0xff,0x58,0x31,0x15,0xff,0x55,0x32,0x15,0xff,
    0x56,0x31,0x15,0xff,0x57,0x31,0x15,0xff,0x57,0x32,0x14,0xff,0x58,0x31,0x14,0xff,
    0x56,0x32,0x14,0xff,0x56,0x31,0x14,0xff,0x55,0x31,0x15,0xff,0x56,0x32,0x15,0xff,
    0x57,0x32,0x16,0xff,0x54,0x32,0x15,0xff,0x54,0x32,0x15,0xff,0x56,0x31,0x14,0xff,
    0x56,0x30,0x14,0xff,0x56,0x31,0x15,0xff,0x55,0x30,0x14,0xff,0x55,0x30,0x13,0xff,
    0x58,0x30,0x13,0xff,0x58,0x30,0x13,0xff,0x55,0x30,0x14,0xff,0x56,0x30,0x13,0xff,
    0x57,0x2f,0x13,0xff,0x57,0x30,0x13,0xff,0x57,0x30,0x13,0xff,0x59,0x30,0x13,0xff,
    0x55,0x30,0x13,0xff,0x56,0x30,0x12,0xff,0x55,0x30,0x12,0xff,0x54,0x2f,0x11,0xff,
    0x53,0x2f,0x12,0xff,0x52,0x2f,0x12,0xff,0x53,0x2f,0x12,0xff,0x55,0x2d,0x10,0xff,
    0x51,0x2d,0x0f,0xff,0x4f,0x2d,0x0f,0xff,0x50,0x2e,0x10,0xff,0x53,0x2c,0x0f,0xff,
    0x56,0x2e,0x10,0xff,0x5a,0x32,0x15,0xff,0x3f,0x20,0x0b,0xff,0x4a,0x25,0x0c,0xff,
    0x4e,0x2a,0x0e,0xff,0xb2,0xa6,0x9a,0xff,0x84,0x7e,0x7a,0xff,0x3d,0x3c,0x38,0xff,
    0x2b,0x2d,0x29,0xff,0x38,0x3a,0x34,0xff,0x40,0x3f,0x39,0xff,0x44,0x46,0x3d,0xff,
    0x4b,0x4f,0x48,0xff,0x5c,0x61,0x5a,0xff,0x56,0x56,0x4f,0xff,0x2d,0x2c,0x27,0xff,
    0x97,0x96,0x91,0xff,0x52,0x39,0x22,0xff,0x49,0x27,0x10,0xff,0x2a,0x12,0x08,0xff,
    0x0c,0x00,0x00,0xff,0x4b,0x3e,0x33,0xff,0xa6,0x91,0x7e,0xff,0x00,0x00,0x00,0x00,
    0x00,0x00,0x00,0x00,0x00,0x00,0x00,0x00,0x00,0x00,0x00,0x00,0x00,0x00,0x00,0x00,
    0x00,0x00,0x00,0x00,0x00,0x00,0x00,0x00,0x00,0x00,0x00,0x00,0x00,0x00,0x00,0x00,
    0x00,0x00,0x00,0x00,0x00,0x00,0x00,0x00,0x00,0x00,0x00,0x00,0x00,0x00,0x00,0x00,
    0x00,0x00,0x00,0x00,0x00,0x00,0x00,0x00,0x00,0x00,0x00,0x00,0x00,0x00,0x00,0x00,
    0x00,0x00,0x00,0x00,0x00,0x00,0x00,0x00,0x79,0x61,0x4e,0xff,0x7c,0x6f,0x64,0xff,
    0x1f,0x10,0x06,0xff,0x4a,0x29,0x13,0xff,0x46,0x26,0x0d,0xff,0xc1,0xaa,0x94,0xff,
    0x60,0x59,0x50,0xff,0x3b,0x40,0x3a,0xff,0x61,0x6a,0x63,0xff,0x52,0x55,0x4f,0xff,
    0x48,0x4c,0x46,0xff,0x3e,0x42,0x3d,0xff,0x38,0x3a,0x34,0xff,0x32,0x39,0x33,0xff,
    0x2f,0x32,0x2d,0xff,0x74,0x75,0x72,0xff,0xc2,0xb8,0xaf,0xff,0x89,0x60,0x41,0xff,
    0x50,0x2c,0x13,0xff,0x44,0x21,0x0c,0xff,0x68,0x3e,0x20,0xff,0x68,0x3b,0x1c,0xff,
    0x58,0x31,0x12,0xff,0x5a,0x33,0x13,0xff,0x5c,0x33,0x13,0xff,0x5d,0x33,0x14,0xff,
    0x5a,0x34,0x14,0xff,0x57,0x32,0x15,0xff,0x58,0x33,0x15,0xff,0x59,0x32,0x15,0xff,
    0x57,0x33,0x15,0xff,0x57,0x33,0x15,0xff,0x55,0x33,0x14,0xff,0x55,0x33,0x15,0xff,
    0x59,0x33,0x15,0xff,0x57,0x32,0x14,0xff,0x59,0x33,0x15,0xff,0x59,0x32,0x15,0xff,
    0x55,0x33,0x14,0xff,0x58,0x33,0x15,0xff,0x5b,0x32,0x16,0xff,0x59,0x33,0x16,0xff,
    0x57,0x33,0x16,0xff,0x58,0x33,0x15,0xff,0x5a,0x32,0x15,0xff,0x59,0x33,0x15,0xff,
    0x59,0x33,0x15,0xff,0x55,0x32,0x15,0xff,0x57,0x32,0x14,0xff,0x56,0x32,0x14,0xff,
    0x56,0x31,0x15,0xff,0x55,0x32,0x14,0xff,0x51,0x32,0x14,0xff,0x55,0x32,0x14,0xff,
    0x58,0x32,0x14,0xff,0x56,0x31,0x15,0xff,0x57,0x31,0x15,0xff,0x54,0x32,0x15,0xff,
    0x56,0x32,0x16,0xff,0x57,0x31,0x15,0xff,0x58,0x31,0x16,0xff,0x53,0x32,0x14,0xff,
    0x56,0x31,0x15,0xff,0x58,0x30,0x15,0xff,0x58,0x2f,0x14,0xff,0x57,0x30,0x13,0xff,
    0x55,0x31,0x14,0xff,0x55,0x30,0x14,0xff,0x57,0x30,0x14,0xff,0x55,0x30,0x14,0xff,
    0x57,0x30,0x14,0xff,0x54,0x31,0x14,0xff,0x53,0x30,0x14,0xff,0x57,0x30,0x14,0xff,
    0x56,0x30,0x13,0xff,0x57,0x30,0x12,0xff,0x55,0x30,0x12,0xff,0x53,0x30,0x12,0xff,
    0x55,0x2f,0x12,0xff,0x56,0x2e,0x11,0xff,0x52,0x2e,0x11,0xff,0x52,0x2f,0x10,0xff,
    0x52,0x2e,0x10,0xff,0x53,0x2d,0x0f,0xff,0x51,0x2d,0x0f,0xff,0x53,0x2c,0x0f,0xff,
    0x55,0x2f,0x11,0xff,0x59,0x33,0x16,0xff,0x3e,0x1f,0x0a,0xff,0x49,0x26,0x0c,0xff,
    0x4e,0x2e,0x11,0xff,0xad,0xa8,0x9b,0xff,0x7e,0x7c,0x76,0xff,0x3c,0x3b,0x37,0xff,
    0x2c,0x2f,0x29,0xff,0x39,0x3a,0x34,0xff,0x3c,0x40,0x3a,0xff,0x43,0x46,0x3f,0xff,
    0x4c,0x4e,0x48,0xff,0x60,0x60,0x5a,0xff,0x52,0x55,0x4e,0xff,0x2f,0x2d,0x29,0xff,
    0x9a,0x95,0x91,0xff,0x53,0x37,0x23,0xff,0x47,0x29,0x10,0xff,0x26,0x10,0x04,0xff,
    0x21,0x0d,0x06,0xff,0x5a,0x4a,0x3c,0xff,0xa4,0x91,0x80,0xff,0x00,0x00,0x00,0x00,
    0x00,0x00,0x00,0x00,0x00,0x00,0x00,0x00,0x00,0x00,0x00,0x00,0x00,0x00,0x00,0x00,
    0x00,0x00,0x00,0x00,0x00,0x00,0x00,0x00,0x00,0x00,0x00,0x00,0x00,0x00,0x00,0x00,
    0x00,0x00,0x00,0x00,0x00,0x00,0x00,0x00,0x00,0x00,0x00,0x00,0x00,0x00,0x00,0x00,
    0x00,0x00,0x00,0x00,0x00,0x00,0x00,0x00,0x00,0x00,0x00,0x00,0x00,0x00,0x00,0x00,
    0x00,0x00,0x00,0x00,0x00,0x00,0x00,0x00,0x8e,0x76,0x61,0xff,0xb1,0xa1,0x91,0xff,
    0x24,0x10,0x05,0xff,0x48,0x2c,0x14,0xff,0x41,0x27,0x0d,0xff,0xbf,0xab,0x95,0xff,
    0x62,0x5a,0x52,0xff,0x3e,0x3f,0x3b,0xff,0x65,0x6a,0x64,0xff,0x53,0x57,0x51,0xff,
    0x48,0x4d,0x47,0xff,0x3e,0x42,0x3c,0xff,0x3a,0x3a,0x34,0xff,0x36,0x38,0x32,0xff,
    0x31,0x31,0x2c,0xff,0x75,0x74,0x72,0xff,0xc2,0xba,0xb1,0xff,0x8a,0x63,0x44,0xff,
    0x54,0x2f,0x15,0xff,0x43,0x20,0x0b,0xff,0x65,0x3f,0x20,0xff,0x66,0x3c,0x1c,0xff,
    0x5c,0x31,0x12,0xff,0x5b,0x33,0x14,0xff,0x5a,0x34,0x13,0xff,0x5b,0x35,0x14,0xff,
    0x5b,0x34,0x14,0xff,0x59,0x33,0x15,0xff,0x5a,0x33,0x16,0xff,0x59,0x33,0x15,0xff,
    0x57,0x33,0x15,0xff,0x5b,0x32,0x15,0xff,0x58,0x32,0x15,0xff,0x58,0x32,0x15,0xff,
    0x59,0x33,0x15,0xff,0x57,0x33,0x15,0xff,0x57,0x32,0x14,0xff,0x59,0x32,0x15,0xff,
    0x57,0x32,0x14,0xff,0x58,0x33,0x15,0xff,0x57,0x33,0x16,0xff,0x5b,0x33,0x16,0xff,
    0x59,0x34,0x16,0xff,0x58,0x33,0x15,0xff,0x58,0x33,0x15,0xff,0x59,0x33,0x15,0xff,
    0x59,0x33,0x15,0xff,0x59,0x33,0x15,0xff,0x58,0x32,0x14,0xff,0x57,0x32,0x15,0xff,
    0x56,0x31,0x14,0xff,0x58,0x31,0x14,0xff,0x55,0x32,0x14,0xff,0x56,0x32,0x14,0xff,
    0x59,0x33,0x15,0xff,0x56,0x33,0x14,0xff,0x58,0x32,0x14,0xff,0x58,0x32,0x15,0xff,
    0x59,0x32,0x15,0xff,0x55,0x32,0x15,0xff,0x57,0x32,0x15,0xff,0x58,0x31,0x14,0xff,
    0x55,0x30,0x14,0xff,0x55,0x30,0x14,0xff,0x57,0x31,0x14,0xff,0x57,0x30,0x14,0xff,
    0x57,0x2f,0x14,0xff,0x57,0x2f,0x13,0xff,0x56,0x30,0x14,0xff,0x55,0x30,0x14,0xff,
    0x59,0x2f,0x14,0xff,0x57,0x30,0x14,0xff,0x55,0x2f,0x12,0xff,0x57,0x30,0x14,0xff,
    0x56,0x30,0x13,0xff,0x56,0x30,0x13,0xff,0x57,0x30,0x12,0xff,0x55,0x2f,0x12,0xff,
    0x54,0x2f,0x12,0xff,0x52,0x2f,0x10,0xff,0x55,0x2d,0x10,0xff,0x55,0x2e,0x12,0xff,
    0x53,0x2d,0x11,0xff,0x51,0x2d,0x10,0xff,0x54,0x2e,0x10,0xff,0x53,0x2c,0x0f,0xff,
    0x57,0x2f,0x11,0xff,0x58,0x35,0x16,0xff,0x3c,0x1f,0x09,0xff,0x4b,0x26,0x0b,0xff,
    0x53,0x2e,0x12,0xff,0xb2,0xa8,0x9c,0xff,0x7e,0x7a,0x74,0xff,0x3a,0x3a,0x36,0xff,
    0x2c,0x2f,0x2a,0xff,0x3b,0x3b,0x35,0xff,0x3f,0x40,0x3b,0xff,0x45,0x46,0x3f,0xff,
    0x49,0x4f,0x49,0xff,0x5d,0x5f,0x5b,0xff,0x55,0x53,0x4e,0xff,0x2f,0x2f,0x2a,0xff,
    0x9b,0x98,0x92,0xff,0x52,0x38,0x23,0xff,0x48,0x29,0x11,0xff,0x1e,0x0c,0x01,0xff,
    0x42,0x28,0x16,0xff,0x85,0x6f,0x57,0xff,0xa5,0x95,0x85,0xff,0x00,0x00,0x00,0x00,
    0x00,0x00,0x00,0x00,0x00,0x00,0x00,0x00,0x00,0x00,0x00,0x00,0x00,0x00,0x00,0x00,
    0x00,0x00,0x00,0x00,0x00,0x00,0x00,0x00,0x00,0x00,0x00,0x00,0x00,0x00,0x00,0x00,
    0x00,0x00,0x00,0x00,0x00,0x00,0x00,0x00,0x00,0x00,0x00,0x00,0x00,0x00,0x00,0x00,
    0x00,0x00,0x00,0x00,0x00,0x00,0x00,0x00,0x00,0x00,0x00,0x00,0x00,0x00,0x00,0x00,
    0x00,0x00,0x00,0x00,0x00,0x00,0x00,0x00,0x97,0x7d,0x69,0xff,0xbd,0xa8,0x95,0xff,
    0x2a,0x17,0x0b,0xff,0x48,0x2b,0x13,0xff,0x42,0x25,0x0b,0xff,0xbf,0xac,0x97,0xff,
    0x67,0x5c,0x53,0xff,0x3b,0x3d,0x39,0xff,0x66,0x6b,0x64,0xff,0x53,0x58,0x51,0xff,
    0x47,0x4e,0x47,0xff,0x3f,0x43,0x3d,0xff,0x3a,0x39,0x34,0xff,0x36,0x38,0x33,0xff,
    0x2f,0x31,0x2b,0xff,0x74,0x74,0x71,0xff,0xc7,0xbb,0xb2,0xff,0x86,0x63,0x44,0xff,
    0x55,0x30,0x17,0xff,0x41,0x1f,0x09,0xff,0x66,0x3e,0x20,0xff,0x65,0x3e,0x1c,0xff,
    0x5c,0x32,0x11,0xff,0x5f,0x33,0x14,0xff,0x5a,0x34,0x13,0xff,0x5b,0x34,0x14,0xff,
    0x5d,0x33,0x15,0xff,0x58,0x33,0x15,0xff,0x5a,0x33,0x15,0xff,0x58,0x33,0x15,0xff,
    0x57,0x33,0x15,0xff,0x5b,0x31,0x14,0xff,0x59,0x33,0x15,0xff,0x58,0x32,0x14,0xff,
    0x55,0x32,0x14,0xff,0x59,0x32,0x14,0xff,0x57,0x32,0x14,0xff,0x54,0x32,0x14,0xff,
    0x57,0x32,0x14,0xff,0x58,0x33,0x15,0xff,0x58,0x34,0x16,0xff,0x58,0x34,0x16,0xff,
    0x5a,0x33,0x15,0xff,0x58,0x33,0x15,0xff,0x56,0x33,0x15,0xff,0x5b,0x32,0x15,0xff,
    0x58,0x33,0x15,0xff,0x59,0x33,0x15,0xff,0x59,0x33,0x15,0xff,0x57,0x32,0x15,0xff,
    0x57,0x32,0x14,0xff,0x58,0x31,0x14,0xff,0x55,0x32,0x13,0xff,0x54,0x32,0x14,0xff,
    0x57,0x33,0x15,0xff,0x5a,0x31,0x15,0xff,0x56,0x32,0x15,0xff,0x58,0x32,0x15,0xff,
    0x59,0x32,0x14,0xff,0x58,0x32,0x16,0xff,0x56,0x32,0x15,0xff,0x57,0x31,0x15,0xff,
    0x58,0x31,0x13,0xff,0x54,0x31,0x13,0xff,0x57,0x30,0x14,0xff,0x57,0x30,0x14,0xff,
    0x55,0x30,0x14,0xff,0x57,0x2f,0x13,0xff,0x55,0x2f,0x13,0xff,0x55,0x30,0x14,0xff,
    0x59,0x30,0x14,0xff,0x56,0x2f,0x14,0xff,0x56,0x30,0x13,0xff,0x54,0x31,0x13,0xff,
    0x58,0x30,0x13,0xff,0x56,0x31,0x13,0xff,0x55,0x30,0x13,0xff,0x58,0x2f,0x12,0xff,
    0x55,0x30,0x11,0xff,0x53,0x2f,0x11,0xff,0x52,0x2e,0x12,0xff,0x55,0x2c,0x11,0xff,
    0x53,0x2d,0x11,0xff,0x51,0x2d,0x10,0xff,0x56,0x2d,0x10,0xff,0x51,0x2c,0x0e,0xff,
    0x56,0x30,0x12,0xff,0x58,0x35,0x17,0xff,0x3b,0x1d,0x07,0xff,0x49,0x26,0x0a,0xff,
    0x53,0x2f,0x14,0xff,0xb3,0xa9,0x9b,0xff,0x7b,0x7a,0x72,0xff,0x38,0x39,0x34,0xff,
    0x2f,0x2f,0x2b,0xff,0x37,0x3d,0x34,0xff,0x3f,0x42,0x39,0xff,0x44,0x47,0x3d,0xff,
    0x4b,0x4e,0x47,0xff,0x5b,0x5f,0x59,0xff,0x53,0x51,0x4d,0xff,0x32,0x2f,0x2b,0xff,
    0x9b,0x99,0x93,0xff,0x51,0x3a,0x20,0xff,0x46,0x2a,0x11,0xff,0x1f,0x0c,0x02,0xff,
    0x3f,0x26,0x13,0xff,0x99,0x82,0x6b,0xff,0xa0,0x8d,0x7d,0xff,0x00,0x00,0x00,0x00,
    0x00,0x00,0x00,0x00,0x00,0x00,0x00,0x00,0x00,0x00,0x00,0x00,0x00,0x00,0x00,0x00,
    0x00,0x00,0x00,0x00,0x00,0x00,0x00,0x00,0x00,0x00,0x00,0x00,0x00,0x00,0x00,0x00,
    0x00,0x00,0x00,0x00,0x00,0x00,0x00,0x00,0x00,0x00,0x00,0x00,0x00,0x00,0x00,0x00,
    0x00,0x00,0x00,0x00,0x00,0x00,0x00,0x00,0x00,0x00,0x00,0x00,0x00,0x00,0x00,0x00,
    0x00,0x00,0x00,0x00,0x00,0x00,0x00,0x00,0x9f,0x87,0x74,0xff,0xc6,0xb9,0xa8,0xff,
    0x2c,0x1b,0x0b,0xff,0x47,0x2c,0x12,0xff,0x43,0x24,0x0b,0xff,0xc1,0xac,0x98,0xff,
    0x64,0x5d,0x53,0xff,0x3a,0x3d,0x38,0xff,0x6c,0x70,0x6a,0xff,0x56,0x5b,0x56,0xff,
    0x4c,0x4f,0x4a,0xff,0x3f,0x46,0x3e,0xff,0x38,0x3b,0x37,0xff,0x39,0x38,0x35,0xff,
    0x31,0x31,0x2c,0xff,0x75,0x75,0x71,0xff,0xcb,0xbf,0xb4,0xff,0x8c,0x63,0x45,0xff,
    0x59,0x31,0x19,0xff,0x42,0x1c,0x09,0xff,0x67,0x3c,0x20,0xff,0x6a,0x3d,0x1d,0xff,
    0x5a,0x33,0x11,0xff,0x5d,0x34,0x14,0xff,0x5c,0x34,0x14,0xff,0x5a,0x34,0x14,0xff,
    0x5b,0x33,0x14,0xff,0x5a,0x33,0x15,0xff,0x59,0x34,0x16,0xff,0x5a,0x32,0x15,0xff,
    0x58,0x32,0x14,0xff,0x57,0x32,0x15,0xff,0x59,0x33,0x14,0xff,0x5a,0x32,0x15,0xff,
    0x59,0x32,0x15,0xff,0x59,0x32,0x14,0xff,0x5b,0x32,0x15,0xff,0x58,0x33,0x15,0xff,
    0x57,0x32,0x14,0xff,0x58,0x33,0x15,0xff,0x5b,0x34,0x16,0xff,0x5a,0x34,0x16,0xff,
    0x58,0x34,0x16,0xff,0x5a,0x34,0x15,0xff,0x57,0x34,0x15,0xff,0x59,0x34,0x16,0xff,
    0x5a,0x33,0x16,0xff,0x59,0x33,0x15,0xff,0x59,0x33,0x15,0xff,0x5b,0x32,0x16,0xff,
    0x57,0x33,0x15,0xff,0x56,0x33,0x15,0xff,0x58,0x32,0x14,0xff,0x59,0x32,0x15,0xff,
    0x59,0x33,0x15,0xff,0x5b,0x31,0x15,0xff,0x59,0x32,0x15,0xff,0x56,0x32,0x14,0xff,
    0x59,0x32,0x15,0xff,0x58,0x32,0x15,0xff,0x5a,0x31,0x15,0xff,0x54,0x31,0x15,0xff,
    0x58,0x31,0x15,0xff,0x56,0x31,0x14,0xff,0x54,0x30,0x15,0xff,0x56,0x2f,0x14,0xff,
    0x57,0x31,0x14,0xff,0x57,0x30,0x14,0xff,0x57,0x2e,0x13,0xff,0x55,0x30,0x14,0xff,
    0x56,0x30,0x14,0xff,0x57,0x30,0x13,0xff,0x59,0x30,0x13,0xff,0x57,0x31,0x13,0xff,
    0x58,0x31,0x13,0xff,0x59,0x30,0x13,0xff,0x56,0x30,0x12,0xff,0x56,0x2f,0x13,0xff,
    0x55,0x30,0x12,0xff,0x56,0x2f,0x11,0xff,0x53,0x2d,0x11,0xff,0x50,0x2d,0x10,0xff,
    0x52,0x2d,0x10,0xff,0x51,0x2d,0x10,0xff,0x53,0x2e,0x10,0xff,0x53,0x2d,0x0f,0xff,
    0x59,0x30,0x13,0xff,0x5b,0x35,0x16,0xff,0x3e,0x1b,0x06,0xff,0x47,0x26,0x0c,0xff,
    0x51,0x30,0x15,0xff,0xb4,0xa9,0x9b,0xff,0x7e,0x79,0x72,0xff,0x38,0x38,0x33,0xff,
    0x31,0x30,0x2b,0xff,0x3b,0x3d,0x36,0xff,0x41,0x43,0x3d,0xff,0x47,0x49,0x41,0xff,
    0x4e,0x50,0x49,0xff,0x61,0x61,0x5b,0xff,0x51,0x54,0x4e,0xff,0x32,0x31,0x2d,0xff,
    0xa0,0x99,0x94,0xff,0x55,0x38,0x22,0xff,0x4a,0x29,0x10,0xff,0x25,0x0d,0x02,0xff,
    0x3b,0x25,0x13,0xff,0x9f,0x8a,0x77,0xff,0x8b,0x75,0x62,0xff,0x00,0x00,0x00,0x00,
    0x00,0x00,0x00,0x00,0x00,0x00,0x00,0x00,0x00,0x00,0x00,0x00,0x00,0x00,0x00,0x00,
    0x00,0x00,0x00,0x00,0x00,0x00,0x00,0x00,0x00,0x00,0x00,0x00,0x00,0x00,0x00,0x00,
    0x00,0x00,0x00,0x00,0x00,0x00,0x00,0x00,0x00,0x00,0x00,0x00,0x00,0x00,0x00,0x00,
    0x00,0x00,0x00,0x00,0x00,0x00,0x00,0x00,0x00,0x00,0x00,0x00,0x00,0x00,0x00,0x00,
    0x00,0x00,0x00,0x00,0x00,0x00,0x00,0x00,0xa1,0x8a,0x77,0xff,0xbb,0xb4,0xac,0xff,
    0x23,0x11,0x04,0xff,0x4e,0x2e,0x16,0xff,0x40,0x23,0x0b,0xff,0xc5,0xad,0x98,0xff,
    0x6b,0x61,0x56,0xff,0x2a,0x2c,0x28,0xff,0x57,0x5a,0x55,0xff,0x45,0x4f,0x49,0xff,
    0x44,0x48,0x43,0xff,0x3e,0x40,0x3c,0xff,0x38,0x3b,0x36,0xff,0x37,0x39,0x35,0xff,
    0x2d,0x2f,0x2b,0xff,0x77,0x78,0x75,0xff,0xcc,0xc6,0xbc,0xff,0x8a,0x64,0x46,0xff,
    0x5c,0x34,0x1b,0xff,0x40,0x1e,0x08,0xff,0x61,0x3d,0x1f,0xff,0x68,0x3e,0x1e,0xff,
    0x5e,0x33,0x12,0xff,0x5c,0x34,0x14,0xff,0x5d,0x34,0x14,0xff,0x5d,0x34,0x15,0xff,
    0x59,0x33,0x13,0xff,0x5a,0x33,0x14,0xff,0x57,0x33,0x16,0xff,0x57,0x33,0x15,0xff,
    0x5a,0x32,0x15,0xff,0x58,0x33,0x15,0xff,0x59,0x33,0x15,0xff,0x58,0x33,0x16,0xff,
    0x58,0x33,0x15,0xff,0x57,0x32,0x15,0xff,0x57,0x33,0x15,0xff,0x58,0x34,0x16,0xff,
    0x59,0x32,0x15,0xff,0x59,0x34,0x16,0xff,0x58,0x34,0x16,0xff,0x5b,0x33,0x16,0xff,
    0x5a,0x34,0x16,0xff,0x5a,0x34,0x16,0xff,0x5b,0x33,0x16,0xff,0x5a,0x34,0x16,0xff,
    0x59,0x34,0x16,0xff,0x59,0x34,0x16,0xff,0x56,0x34,0x16,0xff,0x5b,0x33,0x16,0xff,
    0x59,0x33,0x15,0xff,0x57,0x33,0x15,0xff,0x59,0x33,0x15,0xff,0x58,0x33,0x15,0xff,
    0x59,0x34,0x16,0xff,0x58,0x33,0x15,0xff,0x56,0x33,0x14,0xff,0x57,0x32,0x14,0xff,
    0x59,0x32,0x15,0xff,0x55,0x32,0x15,0xff,0x58,0x31,0x15,0xff,0x59,0x31,0x15,0xff,
    0x57,0x30,0x15,0xff,0x57,0x31,0x15,0xff,0x58,0x31,0x15,0xff,0x57,0x32,0x14,0xff,
    0x58,0x31,0x14,0xff,0x55,0x31,0x14,0xff,0x54,0x30,0x13,0xff,0x58,0x30,0x14,0xff,
    0x56,0x30,0x14,0xff,0x57,0x31,0x13,0xff,0x55,0x31,0x13,0xff,0x57,0x31,0x13,0xff,
    0x56,0x30,0x14,0xff,0x55,0x31,0x13,0xff,0x55,0x31,0x12,0xff,0x58,0x2f,0x14,0xff,
    0x55,0x30,0x13,0xff,0x53,0x2f,0x12,0xff,0x56,0x2e,0x11,0xff,0x54,0x2d,0x10,0xff,
    0x52,0x2e,0x10,0xff,0x54,0x2d,0x10,0xff,0x54,0x2e,0x10,0xff,0x54,0x2d,0x0f,0xff,
    0x59,0x31,0x14,0xff,0x55,0x36,0x17,0xff,0x3b,0x1a,0x06,0xff,0x4c,0x25,0x0b,0xff,
    0x54,0x31,0x16,0xff,0xb4,0xa8,0x9c,0xff,0x7d,0x79,0x72,0xff,0x37,0x37,0x33,0xff,
    0x2c,0x30,0x2b,0xff,0x36,0x3b,0x34,0xff,0x3d,0x3e,0x39,0xff,0x40,0x3f,0x3a,0xff,
    0x3f,0x43,0x3e,0xff,0x4a,0x4c,0x46,0xff,0x3e,0x3d,0x3a,0xff,0x2b,0x2a,0x27,0xff,
    0xa1,0x9b,0x94,0xff,0x52,0x37,0x21,0xff,0x43,0x29,0x10,0xff,0x24,0x0d,0x01,0xff,
    0x3d,0x24,0x14,0xff,0xb0,0x9c,0x8b,0xff,0x8a,0x73,0x60,0xff,0x00,0x00,0x00,0x00,
    0x00,0x00,0x00,0x00,0x00,0x00,0x00,0x00,0x00,0x00,0x00,0x00,0x00,0x00,0x00,0x00,
    0x00,0x00,0x00,0x00,0x00,0x00,0x00,0x00,0x00,0x00,0x00,0x00,0x00,0x00,0x00,0x00,
    0x00,0x00,0x00,0x00,0x00,0x00,0x00,0x00,0x00,0x00,0x00,0x00,0x00,0x00,0x00,0x00,
    0x00,0x00,0x00,0x00,0x00,0x00,0x00,0x00,0x00,0x00,0x00,0x00,0x00,0x00,0x00,0x00,
    0x00,0x00,0x00,0x00,0x00,0x00,0x00,0x00,0x87,0x6f,0x5a,0xff,0x4d,0x4a,0x45,0xff,
    0x1b,0x0e,0x03,0xff,0x50,0x2f,0x15,0xff,0x43,0x25,0x0c,0xff,0xbb,0xa7,0x90,0xff,
    0x7c,0x70,0x64,0xff,0x2b,0x2a,0x25,0xff,0x23,0x26,0x22,0xff,0x19,0x1e,0x1c,0xff,
    0x18,0x18,0x16,0xff,0x13,0x15,0x12,0xff,0x0e,0x13,0x10,0xff,0x0f,0x11,0x0f,0xff,
    0x07,0x08,0x07,0xff,0x6c,0x6c,0x6b,0xff,0xd1,0xca,0xc2,0xff,0x8d,0x66,0x48,0xff,
    0x5e,0x35,0x1b,0xff,0x3f,0x1e,0x09,0xff,0x64,0x3c,0x1f,0xff,0x69,0x3e,0x1e,0xff,
    0x5c,0x33,0x12,0xff,0x5c,0x34,0x14,0xff,0x5c,0x35,0x14,0xff,0x5c,0x35,0x15,0xff,
    0x5b,0x34,0x14,0xff,0x5c,0x33,0x14,0xff,0x59,0x33,0x14,0xff,0x59,0x33,0x14,0xff,
    0x5b,0x32,0x15,0xff,0x57,0x33,0x16,0xff,0x59,0x32,0x15,0xff,0x5a,0x34,0x16,0xff,
    0x5a,0x34,0x16,0xff,0x5a,0x32,0x15,0xff,0x59,0x33,0x15,0xff,0x57,0x33,0x15,0xff,
    0x5b,0x33,0x15,0xff,0x5a,0x34,0x16,0xff,0x5a,0x34,0x16,0xff,0x5a,0x35,0x16,0xff,
    0x5a,0x34,0x16,0xff,0x5a,0x33,0x16,0xff,0x5a,0x34,0x16,0xff,0x5a,0x34,0x16,0xff,
    0x59,0x33,0x16,0xff,0x59,0x33,0x16,0xff,0x58,0x34,0x16,0xff,0x5c,0x33,0x16,0xff,
    0x58,0x33,0x15,0xff,0x55,0x33,0x15,0xff,0x59,0x33,0x15,0xff,0x59,0x33,0x15,0xff,
    0x5a,0x33,0x15,0xff,0x5a,0x32,0x15,0xff,0x56,0x33,0x15,0xff,0x58,0x33,0x16,0xff,
    0x57,0x31,0x15,0xff,0x57,0x32,0x16,0xff,0x57,0x32,0x16,0xff,0x57,0x32,0x14,0xff,
    0x58,0x31,0x15,0xff,0x57,0x30,0x15,0xff,0x57,0x31,0x15,0xff,0x57,0x31,0x14,0xff,
    0x59,0x30,0x14,0xff,0x56,0x30,0x14,0xff,0x56,0x30,0x14,0xff,0x59,0x2f,0x13,0xff,
    0x55,0x31,0x14,0xff,0x56,0x2f,0x14,0xff,0x56,0x30,0x13,0xff,0x58,0x32,0x14,0xff,
    0x58,0x31,0x14,0xff,0x57,0x30,0x13,0xff,0x54,0x31,0x12,0xff,0x58,0x30,0x13,0xff,
    0x56,0x30,0x13,0xff,0x55,0x2f,0x11,0xff,0x55,0x2f,0x12,0xff,0x55,0x2f,0x11,0xff,
    0x55,0x2e,0x11,0xff,0x53,0x2e,0x10,0xff,0x54,0x2e,0x10,0xff,0x55,0x2d,0x10,0xff,
    0x5b,0x32,0x14,0xff,0x57,0x36,0x17,0xff,0x3c,0x19,0x06,0xff,0x4b,0x27,0x0b,0xff,
    0x52,0x33,0x17,0xff,0xb4,0xa8,0x9d,0xff,0x7f,0x7a,0x72,0xff,0x21,0x21,0x1e,0xff,
    0x11,0x0f,0x0c,0xff,0x11,0x14,0x10,0xff,0x12,0x13,0x10,0xff,0x14,0x14,0x10,0xff,
    0x14,0x15,0x11,0xff,0x15,0x17,0x12,0xff,0x12,0x12,0x10,0xff,0x2d,0x2c,0x28,0xff,
    0x9c,0x96,0x90,0xff,0x53,0x36,0x21,0xff,0x49,0x28,0x10,0xff,0x2b,0x14,0x07,0xff,
    0x1b,0x0a,0x04,0xff,0x7b,0x6d,0x61,0xff,0x7d,0x61,0x4a,0xff,0x00,0x00,0x00,0x00,
    0x00,0x00,0x00,0x00,0x00,0x00,0x00,0x00,0x00,0x00,0x00,0x00,0x00,0x00,0x00,0x00,
    0x00,0x00,0x00,0x00,0x00,0x00,0x00,0x00,0x00,0x00,0x00,0x00,0x00,0x00,0x00,0x00,
    0x00,0x00,0x00,0x00,0x00,0x00,0x00,0x00,0x00,0x00,0x00,0x00,0x00,0x00,0x00,0x00,
    0x00,0x00,0x00,0x00,0x00,0x00,0x00,0x00,0x00,0x00,0x00,0x00,0x00,0x00,0x00,0x00,
    0x00,0x00,0x00,0x00,0x00,0x00,0x00,0x00,0x81,0x66,0x51,0xff,0x39,0x31,0x2c,0xff,
    0x1f,0x0f,0x03,0xff,0x4e,0x30,0x16,0xff,0x41,0x25,0x0c,0xff,0xb8,0xa4,0x8d,0xff,
    0x7b,0x71,0x63,0xff,0x3b,0x36,0x30,0xff,0x37,0x37,0x33,0xff,0x2d,0x30,0x2e,0xff,
    0x27,0x29,0x27,0xff,0x22,0x24,0x22,0xff,0x1d,0x20,0x1f,0xff,0x1c,0x1e,0x1c,0xff,
    0x14,0x17,0x15,0xff,0x6d,0x6b,0x6a,0xff,0xcf,0xc9,0xc2,0xff,0x90,0x69,0x4b,0xff,
    0x5d,0x37,0x1c,0xff,0x3e,0x1e,0x0a,0xff,0x66,0x3b,0x20,0xff,0x6b,0x40,0x20,0xff,
    0x5d,0x33,0x14,0xff,0x5c,0x35,0x16,0xff,0x5f,0x34,0x15,0xff,0x5b,0x35,0x15,0xff,
    0x5b,0x34,0x15,0xff,0x5e,0x33,0x13,0xff,0x5a,0x34,0x13,0xff,0x59,0x33,0x13,0xff,
    0x5a,0x32,0x15,0xff,0x5a,0x33,0x16,0xff,0x5a,0x33,0x15,0xff,0x5b,0x34,0x16,0xff,
    0x58,0x34,0x15,0xff,0x5c,0x33,0x16,0xff,0x5c,0x33,0x16,0xff,0x5b,0x34,0x16,0xff,
    0x59,0x34,0x16,0xff,0x5a,0x34,0x16,0xff,0x5a,0x35,0x17,0xff,0x59,0x35,0x17,0xff,
    0x5a,0x34,0x16,0xff,0x5a,0x33,0x16,0xff,0x5b,0x33,0x16,0xff,0x58,0x34,0x16,0xff,
    0x5c,0x34,0x16,0xff,0x5a,0x33,0x15,0xff,0x5a,0x34,0x16,0xff,0x5b,0x34,0x16,0xff,
    0x5a,0x33,0x16,0xff,0x57,0x33,0x15,0xff,0x59,0x32,0x15,0xff,0x58,0x33,0x15,0xff,
    0x59,0x33,0x16,0xff,0x5b,0x32,0x15,0xff,0x5a,0x33,0x15,0xff,0x59,0x33,0x15,0xff,
    0x58,0x32,0x16,0xff,0x5a,0x32,0x16,0xff,0x57,0x33,0x16,0xff,0x58,0x32,0x15,0xff,
    0x58,0x33,0x15,0xff,0x5a,0x31,0x14,0xff,0x56,0x31,0x15,0xff,0x57,0x31,0x15,0xff,
    0x5a,0x30,0x15,0xff,0x58,0x30,0x14,0xff,0x58,0x31,0x14,0xff,0x58,0x31,0x13,0xff,
    0x57,0x31,0x13,0xff,0x54,0x30,0x12,0xff,0x57,0x30,0x14,0xff,0x54,0x31,0x14,0xff,
    0x58,0x30,0x13,0xff,0x56,0x30,0x13,0xff,0x57,0x31,0x13,0xff,0x56,0x31,0x12,0xff,
    0x56,0x30,0x12,0xff,0x55,0x2f,0x12,0xff,0x54,0x2f,0x12,0xff,0x55,0x2f,0x12,0xff,
    0x56,0x2e,0x11,0xff,0x55,0x2d,0x10,0xff,0x53,0x2e,0x10,0xff,0x56,0x2c,0x10,0xff,
    0x5e,0x32,0x15,0xff,0x58,0x34,0x18,0xff,0x3a,0x19,0x06,0xff,0x4b,0x29,0x0d,0xff,
    0x52,0x34,0x1a,0xff,0xb4,0xa9,0x9f,0xff,0x7f,0x7b,0x73,0xff,0x25,0x25,0x23,0xff,
    0x1c,0x1a,0x19,0xff,0x1f,0x1f,0x1e,0xff,0x20,0x22,0x21,0xff,0x22,0x26,0x23,0xff,
    0x27,0x28,0x26,0xff,0x2a,0x2e,0x2b,0xff,0x2e,0x2f,0x2b,0xff,0x3f,0x40,0x3a,0xff,
    0xa0,0x97,0x91,0xff,0x54,0x37,0x20,0xff,0x4a,0x28,0x0f,0xff,0x2f,0x14,0x03,0xff,
    0x38,0x22,0x14,0xff,0x6a,0x59,0x4d,0xff,0x73,0x58,0x40,0xff,0x00,0x00,0x00,0x00,
    0x00,0x00,0x00,0x00,0x00,0x00,0x00,0x00,0x00,0x00,0x00,0x00,0x00,0x00,0x00,0x00,
    0x00,0x00,0x00,0x00,0x00,0x00,0x00,0x00,0x00,0x00,0x00,0x00,0x00,0x00,0x00,0x00,
    0x00,0x00,0x00,0x00,0x00,0x00,0x00,0x00,0x00,0x00,0x00,0x00,0x00,0x00,0x00,0x00,
    0x00,0x00,0x00,0x00,0x00,0x00,0x00,0x00,0x00,0x00,0x00,0x00,0x00,0x00,0x00,0x00,
    0x00,0x00,0x00,0x00,0x00,0x00,0x00,0x00,0x85,0x6b,0x56,0xff,0x7c,0x6d,0x64,0xff,
    0x39,0x23,0x14,0xff,0x45,0x25,0x0e,0xff,0x45,0x25,0x0c,0xff,0xb5,0xa0,0x8a,0xff,
    0x77,0x6c,0x5d,0xff,0x32,0x30,0x2a,0xff,0x2d,0x31,0x2d,0xff,0x29,0x2c,0x2a,0xff,
    0x25,0x26,0x25,0xff,0x21,0x24,0x22,0xff,0x21,0x23,0x21,0xff,0x1f,0x22,0x20,0xff,
    0x17,0x1a,0x17,0xff,0x67,0x67,0x64,0xff,0xcf,0xca,0xc2,0xff,0x91,0x69,0x4b,0xff,
    0x64,0x39,0x1a,0xff,0x3e,0x1e,0x08,0xff,0x65,0x3b,0x20,0xff,0x6c,0x42,0x20,0xff,
    0x5d,0x34,0x15,0xff,0x59,0x35,0x18,0xff,0x5d,0x35,0x15,0xff,0x5b,0x34,0x15,0xff,
    0x5a,0x33,0x16,0xff,0x5c,0x34,0x15,0xff,0x59,0x33,0x14,0xff,0x5b,0x32,0x15,0xff,
    0x58,0x33,0x15,0xff,0x5a,0x32,0x15,0xff,0x5a,0x34,0x16,0xff,0x5a,0x33,0x16,0xff,
    0x58,0x34,0x16,0xff,0x5a,0x34,0x16,0xff,0x57,0x34,0x16,0xff,0x59,0x34,0x16,0xff,
    0x5a,0x34,0x16,0xff,0x5b,0x33,0x16,0xff,0x5d,0x33,0x16,0xff,0x5a,0x34,0x16,0xff,
    0x56,0x34,0x16,0xff,0x57,0x33,0x16,0xff,0x5b,0x33,0x16,0xff,0x58,0x34,0x16,0xff,
    0x5a,0x34,0x16,0xff,0x58,0x34,0x16,0xff,0x59,0x33,0x15,0xff,0x5a,0x34,0x16,0xff,
    0x5a,0x33,0x16,0xff,0x5a,0x33,0x15,0xff,0x5a,0x34,0x16,0xff,0x58,0x33,0x15,0xff,
    0x58,0x33,0x16,0xff,0x58,0x33,0x15,0xff,0x57,0x34,0x14,0xff,0x58,0x33,0x15,0xff,
    0x58,0x33,0x16,0xff,0x5b,0x32,0x15,0xff,0x59,0x33,0x15,0xff,0x56,0x33,0x15,0xff,
    0x54,0x33,0x16,0xff,0x58,0x31,0x14,0xff,0x56,0x31,0x13,0xff,0x56,0x31,0x14,0xff,
    0x57,0x30,0x14,0xff,0x56,0x30,0x14,0xff,0x59,0x30,0x14,0xff,0x57,0x31,0x14,0xff,
    0x57,0x30,0x13,0xff,0x55,0x31,0x13,0xff,0x57,0x31,0x13,0xff,0x53,0x31,0x13,0xff,
    0x56,0x31,0x13,0xff,0x53,0x31,0x13,0xff,0x54,0x31,0x13,0xff,0x56,0x30,0x12,0xff,
    0x57,0x30,0x11,0xff,0x57,0x2f,0x11,0xff,0x55,0x2f,0x11,0xff,0x52,0x2f,0x12,0xff,
    0x52,0x2f,0x11,0xff,0x56,0x2e,0x11,0xff,0x53,0x2f,0x11,0xff,0x56,0x2d,0x10,0xff,
    0x5a,0x33,0x15,0xff,0x58,0x34,0x18,0xff,0x3a,0x1a,0x06,0xff,0x4c,0x29,0x0e,0xff,
    0x55,0x35,0x1b,0xff,0xb4,0xaa,0xa1,0xff,0x80,0x7c,0x74,0xff,0x24,0x26,0x23,0xff,
    0x17,0x1b,0x19,0xff,0x1a,0x21,0x1e,0xff,0x1e,0x22,0x20,0xff,0x21,0x23,0x21,0xff,
    0x28,0x25,0x23,0xff,0x2b,0x2a,0x29,0xff,0x2b,0x2c,0x28,0xff,0x38,0x3b,0x35,0xff,
    0x9c,0x92,0x8d,0xff,0x53,0x38,0x1f,0xff,0x46,0x28,0x0e,0xff,0x33,0x15,0x02,0xff,
    0x5c,0x3e,0x27,0xff,0x6e,0x5a,0x4c,0xff,0x6b,0x4e,0x38,0xff,0x00,0x00,0x00,0x00,
    0x00,0x00,0x00,0x00,0x00,0x00,0x00,0x00,0x00,0x00,0x00,0x00,0x00,0x00,0x00,0x00,
    0x00,0x00,0x00,0x00,0x00,0x00,0x00,0x00,0x00,0x00,0x00,0x00,0x00,0x00,0x00,0x00,
    0x00,0x00,0x00,0x00,0x00,0x00,0x00,0x00,0x00,0x00,0x00,0x00,0x00,0x00,0x00,0x00,
    0x00,0x00,0x00,0x00,0x00,0x00,0x00,0x00,0x00,0x00,0x00,0x00,0x00,0x00,0x00,0x00,
    0x00,0x00,0x00,0x00,0x00,0x00,0x00,0x00,0x7b,0x63,0x4f,0xff,0x85,0x76,0x6b,0xff,
    0x46,0x31,0x1f,0xff,0x42,0x23,0x0c,0xff,0x44,0x26,0x09,0xff,0xad,0x98,0x83,0xff,
    0x78,0x6c,0x5f,0xff,0x30,0x30,0x2a,0xff,0x2e,0x32,0x2e,0xff,0x29,0x2c,0x2a,0xff,
    0x22,0x28,0x25,0xff,0x21,0x26,0x23,0xff,0x21,0x23,0x21,0xff,0x1d,0x22,0x20,0xff,
    0x17,0x19,0x17,0xff,0x64,0x64,0x61,0xff,0xce,0xcb,0xc3,0xff,0x8f,0x69,0x4b,0xff,
    0x60,0x3a,0x1b,0xff,0x3c,0x1d,0x08,0xff,0x63,0x3a,0x1f,0xff,0x6c,0x42,0x22,0xff,
    0x5d,0x33,0x14,0xff,0x5b,0x34,0x17,0xff,0x5d,0x34,0x15,0xff,0x5b,0x34,0x16,0xff,
    0x59,0x33,0x16,0xff,0x59,0x33,0x15,0xff,0x5a,0x33,0x16,0xff,0x59,0x33,0x15,0xff,
    0x57,0x33,0x15,0xff,0x5a,0x33,0x15,0xff,0x59,0x33,0x16,0xff,0x59,0x34,0x16,0xff,
    0x5a,0x34,0x16,0xff,0x5a,0x34,0x16,0xff,0x5b,0x34,0x17,0xff,0x59,0x34,0x16,0xff,
    0x59,0x33,0x16,0xff,0x59,0x33,0x16,0xff,0x5a,0x34,0x16,0xff,0x5b,0x34,0x16,0xff,
    0x5a,0x34,0x16,0xff,0x59,0x34,0x16,0xff,0x5a,0x34,0x16,0xff,0x5a,0x35,0x16,0xff,
    0x59,0x34,0x16,0xff,0x5a,0x34,0x16,0xff,0x59,0x33,0x15,0xff,0x57,0x34,0x16,0xff,
    0x58,0x34,0x16,0xff,0x5b,0x33,0x16,0xff,0x59,0x34,0x16,0xff,0x5b,0x34,0x16,0xff,
    0x5a,0x34,0x16,0xff,0x5b,0x33,0x16,0xff,0x59,0x34,0x15,0xff,0x59,0x33,0x15,0xff,
    0x57,0x33,0x16,0xff,0x59,0x33,0x16,0xff,0x57,0x33,0x15,0xff,0x58,0x32,0x14,0xff,
    0x58,0x33,0x16,0xff,0x59,0x32,0x15,0xff,0x58,0x32,0x14,0xff,0x57,0x31,0x15,0xff,
    0x56,0x31,0x14,0xff,0x57,0x30,0x14,0xff,0x55,0x30,0x14,0xff,0x54,0x31,0x14,0xff,
    0x58,0x30,0x13,0xff,0x56,0x31,0x13,0xff,0x56,0x31,0x13,0xff,0x55,0x31,0x13,0xff,
    0x57,0x32,0x14,0xff,0x57,0x30,0x13,0xff,0x54,0x30,0x13,0xff,0x56,0x30,0x13,0xff,
    0x54,0x30,0x12,0xff,0x55,0x2f,0x11,0xff,0x56,0x2f,0x11,0xff,0x55,0x2f,0x11,0xff,
    0x55,0x2f,0x11,0xff,0x55,0x2e,0x10,0xff,0x55,0x2f,0x11,0xff,0x55,0x2e,0x10,0xff,
    0x5c,0x33,0x15,0xff,0x58,0x33,0x16,0xff,0x38,0x1a,0x05,0xff,0x4b,0x2a,0x0e,0xff,
    0x58,0x36,0x1c,0xff,0xb4,0xad,0xa4,0xff,0x80,0x7b,0x73,0xff,0x24,0x26,0x24,0xff,
    0x1b,0x1c,0x1b,0xff,0x1e,0x21,0x1f,0xff,0x22,0x22,0x21,0xff,0x21,0x25,0x23,0xff,
    0x26,0x28,0x26,0xff,0x2d,0x2e,0x2c,0xff,0x2f,0x2f,0x2b,0xff,0x3d,0x3d,0x38,0xff,
    0xa0,0x95,0x8e,0xff,0x52,0x35,0x1c,0xff,0x45,0x26,0x0d,0xff,0x3c,0x18,0x06,0xff,
    0x49,0x2a,0x14,0xff,0x82,0x72,0x64,0xff,0x74,0x54,0x3c,0xff,0x00,0x00,0x00,0x00,
    0x00,0x00,0x00,0x00,0x00,0x00,0x00,0x00,0x00,0x00,0x00,0x00,0x00,0x00,0x00,0x00,
    0x00,0x00,0x00,0x00,0x00,0x00,0x00,0x00,0x00,0x00,0x00,0x00,0x00,0x00,0x00,0x00,
    0x00,0x00,0x00,0x00,0x00,0x00,0x00,0x00,0x00,0x00,0x00,0x00,0x00,0x00,0x00,0x00,
    0x00,0x00,0x00,0x00,0x00,0x00,0x00,0x00,0x00,0x00,0x00,0x00,0x00,0x00,0x00,0x00,
    0x00,0x00,0x00,0x00,0x00,0x00,0x00,0x00,0x7c,0x60,0x49,0xff,0x9a,0x8d,0x83,0xff,
    0x42,0x2d,0x1c,0xff,0x48,0x25,0x0d,0xff,0x52,0x2e,0x0f,0xff,0xaa,0x97,0x7f,0xff,
    0x72,0x65,0x5a,0xff,0x1e,0x20,0x1a,0xff,0x1f,0x26,0x21,0xff,0x1f,0x20,0x1e,0xff,
    0x1a,0x1f,0x1c,0xff,0x1a,0x1e,0x1c,0xff,0x1b,0x1d,0x1b,0xff,0x1a,0x1f,0x1d,0xff,
    0x18,0x19,0x17,0xff,0x67,0x66,0x62,0xff,0xcc,0xca,0xc1,0xff,0x91,0x67,0x4b,0xff,
    0x61,0x37,0x1b,0xff,0x3c,0x1c,0x08,0xff,0x63,0x39,0x20,0xff,0x6f,0x42,0x25,0xff,
    0x5c,0x32,0x13,0xff,0x5b,0x34,0x16,0xff,0x5b,0x34,0x16,0xff,0x5c,0x34,0x16,0xff,
    0x5b,0x33,0x16,0xff,0x57,0x33,0x15,0xff,0x5a,0x33,0x15,0xff,0x5a,0x33,0x16,0xff,
    0x58,0x33,0x16,0xff,0x59,0x33,0x15,0xff,0x59,0x34,0x15,0xff,0x59,0x34,0x16,0xff,
    0x5c,0x33,0x17,0xff,0x59,0x35,0x17,0xff,0x5b,0x34,0x16,0xff,0x5a,0x34,0x16,0xff,
    0x59,0x34,0x16,0xff,0x59,0x34,0x16,0xff,0x5a,0x34,0x16,0xff,0x5b,0x35,0x17,0xff,
    0x5b,0x34,0x17,0xff,0x5a,0x34,0x16,0xff,0x59,0x34,0x16,0xff,0x5d,0x34,0x17,0xff,
    0x59,0x34,0x16,0xff,0x59,0x35,0x17,0xff,0x5c,0x34,0x17,0xff,0x58,0x35,0x16,0xff,
    0x59,0x35,0x16,0xff,0x5b,0x35,0x16,0xff,0x59,0x34,0x16,0xff,0x5c,0x34,0x17,0xff,
    0x5b,0x34,0x16,0xff,0x58,0x33,0x16,0xff,0x5a,0x34,0x16,0xff,0x5b,0x34,0x16,0xff,
    0x59,0x33,0x16,0xff,0x5a,0x33,0x16,0xff,0x5a,0x33,0x16,0xff,0x5a,0x33,0x15,0xff,
    0x59,0x33,0x15,0xff,0x58,0x32,0x15,0xff,0x59,0x31,0x16,0xff,0x59,0x31,0x15,0xff,
    0x55,0x32,0x15,0xff,0x58,0x30,0x15,0xff,0x57,0x30,0x14,0xff,0x55,0x31,0x14,0xff,
    0x57,0x30,0x13,0xff,0x56,0x31,0x13,0xff,0x56,0x31,0x13,0xff,0x59,0x31,0x14,0xff,
    0x56,0x32,0x14,0xff,0x57,0x32,0x14,0xff,0x57,0x31,0x14,0xff,0x56,0x31,0x13,0xff,
    0x55,0x31,0x13,0xff,0x56,0x30,0x12,0xff,0x56,0x30,0x12,0xff,0x56,0x2f,0x12,0xff,
    0x55,0x2f,0x11,0xff,0x53,0x2f,0x11,0xff,0x57,0x2f,0x11,0xff,0x55,0x2e,0x10,0xff,
    0x5a,0x33,0x13,0xff,0x58,0x32,0x14,0xff,0x39,0x1a,0x05,0xff,0x4e,0x2a,0x0e,0xff,
    0x58,0x38,0x1c,0xff,0xb7,0xb1,0xa5,0xff,0x82,0x7c,0x74,0xff,0x22,0x23,0x20,0xff,
    0x14,0x18,0x16,0xff,0x1a,0x1c,0x1a,0xff,0x1a,0x1c,0x1a,0xff,0x19,0x1d,0x1b,0xff,
    0x1c,0x20,0x1e,0xff,0x21,0x24,0x22,0xff,0x23,0x23,0x20,0xff,0x31,0x30,0x2d,0xff,
    0x89,0x81,0x7a,0xff,0x52,0x35,0x1b,0xff,0x4d,0x2c,0x12,0xff,0x3b,0x17,0x05,0xff,
    0x4a,0x2b,0x14,0xff,0x92,0x7e,0x6d,0xff,0x63,0x3e,0x20,0xff,0x00,0x00,0x00,0x00,
    0x00,0x00,0x00,0x00,0x00,0x00,0x00,0x00,0x00,0x00,0x00,0x00,0x00,0x00,0x00,0x00,
    0x00,0x00,0x00,0x00,0x00,0x00,0x00,0x00,0x00,0x00,0x00,0x00,0x00,0x00,0x00,0x00,
    0x00,0x00,0x00,0x00,0x00,0x00,0x00,0x00,0x00,0x00,0x00,0x00,0x00,0x00,0x00,0x00,
    0x00,0x00,0x00,0x00,0x00,0x00,0x00,0x00,0x00,0x00,0x00,0x00,0x00,0x00,0x00,0x00,
    0x00,0x00,0x00,0x00,0x00,0x00,0x00,0x00,0x7e,0x61,0x4a,0xff,0x9e,0x93,0x89,0xff,
    0x42,0x2c,0x1d,0xff,0x46,0x25,0x0c,0xff,0x55,0x2e,0x0d,0xff,0xb9,0xa5,0x90,0xff,
    0x65,0x5d,0x54,0xff,0x2c,0x2a,0x25,0xff,0x31,0x34,0x31,0xff,0x24,0x25,0x24,0xff,
    0x1c,0x1f,0x1d,0xff,0x17,0x1a,0x18,0xff,0x12,0x17,0x15,0xff,0x12,0x14,0x13,0xff,
    0x07,0x0b,0x08,0xff,0x66,0x63,0x60,0xff,0xd2,0xcb,0xc2,0xff,0x90,0x68,0x4a,0xff,
    0x63,0x38,0x1b,0xff,0x3c,0x1c,0x07,0xff,0x5f,0x3b,0x20,0xff,0x6d,0x43,0x25,0xff,
    0x5c,0x32,0x12,0xff,0x5f,0x34,0x17,0xff,0x5b,0x34,0x17,0xff,0x5a,0x34,0x15,0xff,
    0x5b,0x33,0x16,0xff,0x5c,0x33,0x16,0xff,0x5b,0x33,0x16,0xff,0x5a,0x34,0x15,0xff,
    0x59,0x33,0x15,0xff,0x57,0x33,0x15,0xff,0x59,0x34,0x15,0xff,0x58,0x34,0x14,0xff,
    0x58,0x34,0x15,0xff,0x5b,0x34,0x16,0xff,0x5a,0x35,0x17,0xff,0x5b,0x34,0x16,0xff,
    0x59,0x34,0x16,0xff,0x59,0x33,0x16,0xff,0x58,0x34,0x16,0xff,0x5a,0x34,0x16,0xff,
    0x5b,0x34,0x17,0xff,0x5a,0x34,0x16,0xff,0x59,0x34,0x16,0xff,0x59,0x34,0x16,0xff,
    0x5b,0x34,0x17,0xff,0x5b,0x34,0x17,0xff,0x5c,0x34,0x17,0xff,0x5b,0x34,0x16,0xff,
    0x5a,0x34,0x16,0xff,0x59,0x34,0x16,0xff,0x5b,0x34,0x17,0xff,0x59,0x34,0x17,0xff,
    0x5a,0x33,0x17,0xff,0x59,0x33,0x16,0xff,0x5b,0x33,0x16,0xff,0x5a,0x32,0x16,0xff,
    0x5a,0x34,0x16,0xff,0x58,0x34,0x16,0xff,0x5a,0x33,0x16,0xff,0x58,0x33,0x15,0xff,
    0x5a,0x33,0x15,0xff,0x57,0x33,0x16,0xff,0x58,0x32,0x16,0xff,0x58,0x32,0x15,0xff,
    0x58,0x32,0x14,0xff,0x59,0x31,0x15,0xff,0x57,0x31,0x14,0xff,0x58,0x31,0x14,0xff,
    0x55,0x31,0x13,0xff,0x57,0x32,0x14,0xff,0x56,0x32,0x14,0xff,0x57,0x31,0x14,0xff,
    0x58,0x31,0x14,0xff,0x58,0x32,0x14,0xff,0x58,0x31,0x13,0xff,0x57,0x31,0x13,0xff,
    0x56,0x31,0x13,0xff,0x55,0x30,0x12,0xff,0x56,0x30,0x12,0xff,0x57,0x2f,0x11,0xff,
    0x55,0x2e,0x11,0xff,0x53,0x2f,0x12,0xff,0x55,0x30,0x12,0xff,0x56,0x2d,0x11,0xff,
    0x5c,0x33,0x12,0xff,0x5b,0x31,0x15,0xff,0x39,0x19,0x07,0xff,0x50,0x2a,0x0e,0xff,
    0x57,0x38,0x1d,0xff,0xba,0xb3,0xa9,0xff,0x81,0x7e,0x76,0xff,0x23,0x24,0x22,0xff,
    0x15,0x17,0x16,0xff,0x1b,0x1c,0x1a,0xff,0x19,0x1d,0x1b,0xff,0x1c,0x1f,0x1d,0xff,
    0x1c,0x22,0x1f,0xff,0x22,0x25,0x23,0xff,0x23,0x25,0x23,0xff,0x2e,0x2b,0x28,0xff,
    0x88,0x83,0x7a,0xff,0x57,0x3b,0x21,0xff,0x4c,0x2b,0x11,0xff,0x39,0x19,0x04,0xff,
    0x4d,0x2c,0x14,0xff,0x8b,0x78,0x68,0xff,0x00,0x00,0x00,0x00,0x00,0x00,0x00,0x00,
    0x00,0x00,0x00,0x00,0x00,0x00,0x00,0x00,0x00,0x00,0x00,0x00,0x00,0x00,0x00,0x00,
    0x00,0x00,0x00,0x00,0x00,0x00,0x00,0x00,0x00,0x00,0x00,0x00,0x00,0x00,0x00,0x00,
    0x00,0x00,0x00,0x00,0x00,0x00,0x00,0x00,0x00,0x00,0x00,0x00,0x00,0x00,0x00,0x00,
    0x00,0x00,0x00,0x00,0x00,0x00,0x00,0x00,0x00,0x00,0x00,0x00,0x00,0x00,0x00,0x00,
    0x00,0x00,0x00,0x00,0x00,0x00,0x00,0x00,0x79,0x5c,0x46,0xff,0x96,0x8b,0x83,0xff,
    0x44,0x2d,0x1e,0xff,0x47,0x26,0x0e,0xff,0x56,0x2d,0x0d,0xff,0xb9,0xa1,0x8d,0xff,
    0x68,0x60,0x59,0xff,0x31,0x30,0x2b,0xff,0x37,0x3a,0x37,0xff,0x2b,0x2e,0x2b,0xff,
    0x29,0x29,0x27,0xff,0x26,0x25,0x24,0xff,0x1f,0x24,0x22,0xff,0x21,0x21,0x20,0xff,
    0x17,0x19,0x17,0xff,0x6d,0x6c,0x69,0xff,0xd1,0xca,0xc0,0xff,0x8f,0x69,0x49,0xff,
    0x63,0x38,0x1a,0xff,0x3f,0x1b,0x06,0xff,0x60,0x3a,0x21,0xff,0x6e,0x45,0x25,0xff,
    0x5a,0x33,0x13,0xff,0x5d,0x35,0x18,0xff,0x5d,0x34,0x17,0xff,0x5d,0x33,0x16,0xff,
    0x5a,0x33,0x14,0xff,0x5c,0x33,0x15,0xff,0x5b,0x34,0x14,0xff,0x5b,0x33,0x16,0xff,
    0x5d,0x33,0x16,0xff,0x59,0x34,0x16,0xff,0x5a,0x34,0x16,0xff,0x5c,0x33,0x15,0xff,
    0x5a,0x35,0x14,0xff,0x5a,0x34,0x16,0xff,0x58,0x34,0x16,0xff,0x5b,0x35,0x17,0xff,
    0x5b,0x34,0x16,0xff,0x5b,0x33,0x16,0xff,0x5a,0x34,0x16,0xff,0x59,0x34,0x16,0xff,
    0x59,0x34,0x16,0xff,0x5a,0x34,0x16,0xff,0x5c,0x33,0x16,0xff,0x5a,0x34,0x16,0xff,
    0x5b,0x34,0x16,0xff,0x5c,0x34,0x17,0xff,0x5a,0x35,0x16,0xff,0x5d,0x34,0x17,0xff,
    0x5c,0x34,0x17,0xff,0x5a,0x34,0x17,0xff,0x5d,0x33,0x16,0xff,0x5b,0x34,0x16,0xff,
    0x59,0x33,0x17,0xff,0x58,0x34,0x16,0xff,0x5a,0x34,0x16,0xff,0x59,0x34,0x16,0xff,
    0x5b,0x34,0x16,0xff,0x59,0x34,0x15,0xff,0x58,0x33,0x15,0xff,0x57,0x34,0x15,0xff,
    0x59,0x32,0x15,0xff,0x59,0x32,0x16,0xff,0x5a,0x32,0x16,0xff,0x57,0x32,0x14,0xff,
    0x59,0x32,0x14,0xff,0x58,0x32,0x14,0xff,0x59,0x31,0x14,0xff,0x5b,0x31,0x14,0xff,
    0x57,0x32,0x14,0xff,0x58,0x31,0x14,0xff,0x59,0x31,0x14,0xff,0x57,0x32,0x14,0xff,
    0x58,0x32,0x14,0xff,0x56,0x32,0x14,0xff,0x58,0x32,0x13,0xff,0x58,0x31,0x13,0xff,
    0x58,0x31,0x13,0xff,0x56,0x31,0x13,0xff,0x54,0x31,0x13,0xff,0x56,0x30,0x12,0xff,
    0x56,0x2f,0x11,0xff,0x57,0x2f,0x12,0xff,0x55,0x2f,0x12,0xff,0x55,0x2d,0x10,0xff,
    0x59,0x34,0x13,0xff,0x58,0x31,0x14,0xff,0x38,0x1b,0x07,0xff,0x53,0x2c,0x0f,0xff,
    0x59,0x3a,0x1f,0xff,0xbf,0xb4,0xab,0xff,0x87,0x81,0x79,0xff,0x2c,0x2d,0x2a,0xff,
    0x1a,0x1f,0x1d,0xff,0x21,0x24,0x22,0xff,0x22,0x25,0x23,0xff,0x26,0x27,0x25,0xff,
    0x27,0x2b,0x28,0xff,0x2b,0x2f,0x2d,0xff,0x2b,0x2f,0x2a,0xff,0x35,0x35,0x32,0xff,
    0x9f,0x99,0x92,0xff,0x5b,0x3b,0x22,0xff,0x4c,0x2a,0x10,0xff,0x38,0x1b,0x06,0xff,
    0x4a,0x28,0x10,0xff,0x95,0x82,0x75,0xff,0x78,0x58,0x3f,0xff,0x00,0x00,0x00,0x00,
    0x00,0x00,0x00,0x00,0x00,0x00,0x00,0x00,0x00,0x00,0x00,0x00,0x00,0x00,0x00,0x00,
    0x00,0x00,0x00,0x00,0x00,0x00,0x00,0x00,0x00,0x00,0x00,0x00,0x00,0x00,0x00,0x00,
    0x00,0x00,0x00,0x00,0x00,0x00,0x00,0x00,0x00,0x00,0x00,0x00,0x00,0x00,0x00,0x00,
    0x00,0x00,0x00,0x00,0x00,0x00,0x00,0x00,0x00,0x00,0x00,0x00,0x00,0x00,0x00,0x00,
    0x00,0x00,0x00,0x00,0x00,0x00,0x00,0x00,0x89,0x71,0x5d,0xff,0x9a,0x90,0x88,0xff,
    0x45,0x2d,0x1d,0xff,0x46,0x25,0x0d,0xff,0x52,0x2d,0x0e,0xff,0xb5,0xa1,0x8e,0xff,
    0x67,0x5f,0x59,0xff,0x2e,0x2d,0x28,0xff,0x35,0x37,0x33,0xff,0x25,0x2b,0x27,0xff,
    0x24,0x25,0x24,0xff,0x20,0x22,0x20,0xff,0x1e,0x20,0x1e,0xff,0x1c,0x1f,0x1d,0xff,
    0x19,0x1b,0x19,0xff,0x71,0x6e,0x6b,0xff,0xd1,0xc9,0xbf,0xff,0x8e,0x6a,0x4a,0xff,
    0x61,0x38,0x1b,0xff,0x3c,0x1a,0x05,0xff,0x61,0x38,0x20,0xff,0x6e,0x44,0x27,0xff,
    0x5c,0x32,0x13,0xff,0x5c,0x35,0x17,0xff,0x5c,0x34,0x17,0xff,0x5c,0x34,0x15,0xff,
    0x5b,0x34,0x14,0xff,0x5d,0x33,0x15,0xff,0x5a,0x34,0x14,0xff,0x58,0x33,0x16,0xff,
    0x5a,0x33,0x16,0xff,0x59,0x34,0x16,0xff,0x59,0x34,0x16,0xff,0x5a,0x34,0x17,0xff,
    0x5a,0x34,0x15,0xff,0x5a,0x35,0x15,0xff,0x5a,0x35,0x15,0xff,0x5b,0x35,0x15,0xff,
    0x5a,0x34,0x16,0xff,0x5a,0x34,0x16,0xff,0x5b,0x35,0x17,0xff,0x5a,0x34,0x16,0xff,
    0x5a,0x34,0x16,0xff,0x5b,0x35,0x17,0xff,0x5a,0x34,0x16,0xff,0x5a,0x34,0x16,0xff,
    0x5d,0x33,0x16,0xff,0x5b,0x34,0x17,0xff,0x58,0x34,0x16,0xff,0x5b,0x34,0x16,0xff,
    0x5b,0x34,0x16,0xff,0x5b,0x34,0x17,0xff,0x5a,0x34,0x17,0xff,0x5a,0x34,0x16,0xff,
    0x5a,0x34,0x16,0xff,0x59,0x33,0x16,0xff,0x5a,0x34,0x16,0xff,0x5a,0x34,0x15,0xff,
    0x59,0x33,0x16,0xff,0x59,0x33,0x16,0xff,0x59,0x32,0x16,0xff,0x59,0x32,0x15,0xff,
    0x59,0x32,0x16,0xff,0x57,0x32,0x16,0xff,0x57,0x32,0x16,0xff,0x59,0x33,0x15,0xff,
    0x5a,0x32,0x14,0xff,0x56,0x32,0x14,0xff,0x56,0x31,0x14,0xff,0x58,0x30,0x14,0xff,
    0x58,0x31,0x15,0xff,0x58,0x31,0x15,0xff,0x56,0x31,0x13,0xff,0x58,0x32,0x14,0xff,
    0x59,0x32,0x15,0xff,0x58,0x32,0x14,0xff,0x58,0x32,0x14,0xff,0x57,0x32,0x14,0xff,
    0x57,0x32,0x14,0xff,0x56,0x30,0x12,0xff,0x56,0x30,0x12,0xff,0x56,0x30,0x12,0xff,
    0x56,0x2f,0x11,0xff,0x54,0x2f,0x11,0xff,0x55,0x2e,0x10,0xff,0x55,0x2d,0x10,0xff,
    0x5d,0x32,0x13,0xff,0x5a,0x31,0x13,0xff,0x3a,0x1b,0x06,0xff,0x52,0x2d,0x10,0xff,
    0x5b,0x3a,0x1f,0xff,0xbb,0xb3,0xa9,0xff,0x88,0x83,0x79,0xff,0x2c,0x2c,0x29,0xff,
    0x1a,0x1d,0x1a,0xff,0x1e,0x22,0x20,0xff,0x1f,0x22,0x20,0xff,0x21,0x25,0x22,0xff,
    0x25,0x28,0x26,0xff,0x29,0x2d,0x2b,0xff,0x2b,0x2c,0x29,0xff,0x32,0x33,0x31,0xff,
    0x9e,0x9a,0x93,0xff,0x5b,0x3c,0x22,0xff,0x4d,0x29,0x10,0xff,0x39,0x1a,0x07,0xff,
    0x49,0x28,0x10,0xff,0x90,0x7f,0x71,0xff,0x77,0x57,0x3e,0xff,0x00,0x00,0x00,0x00,
    0x00,0x00,0x00,0x00,0x00,0x00,0x00,0x00,0x00,0x00,0x00,0x00,0x00,0x00,0x00,0x00,
    0x00,0x00,0x00,0x00,0x00,0x00,0x00,0x00,0x00,0x00,0x00,0x00,0x00,0x00,0x00,0x00,
    0x00,0x00,0x00,0x00,0x00,0x00,0x00,0x00,0x00,0x00,0x00,0x00,0x00,0x00,0x00,0x00,
    0x00,0x00,0x00,0x00,0x00,0x00,0x00,0x00,0x00,0x00,0x00,0x00,0x00,0x00,0x00,0x00,
    0x00,0x00,0x00,0x00,0x00,0x00,0x00,0x00,0x7c,0x61,0x4a,0xff,0x95,0x8b,0x83,0xff,
    0x42,0x2e,0x1c,0xff,0x49,0x27,0x0e,0xff,0x51,0x2d,0x0c,0xff,0xb3,0xa2,0x8e,0xff,
    0x69,0x61,0x5a,0xff,0x2f,0x2d,0x28,0xff,0x36,0x39,0x34,0xff,0x29,0x2c,0x29,0xff,
    0x21,0x27,0x24,0xff,0x20,0x23,0x21,0xff,0x20,0x20,0x1f,0xff,0x1a,0x20,0x1e,0xff,
    0x1b,0x1b,0x1a,0xff,0x72,0x6e,0x6d,0xff,0xd0,0xca,0xc0,0xff,0x93,0x69,0x4a,0xff,
    0x60,0x37,0x1a,0xff,0x3a,0x19,0x06,0xff,0x60,0x39,0x1e,0xff,0x6d,0x44,0x26,0xff,
    0x5c,0x32,0x12,0xff,0x5c,0x35,0x16,0xff,0x5c,0x35,0x17,0xff,0x5b,0x34,0x16,0xff,
    0x5d,0x34,0x15,0xff,0x5d,0x34,0x14,0xff,0x5b,0x34,0x15,0xff,0x58,0x34,0x16,0xff,
    0x58,0x34,0x16,0xff,0x5c,0x33,0x16,0xff,0x5a,0x34,0x16,0xff,0x59,0x34,0x16,0xff,
    0x5c,0x34,0x17,0xff,0x5a,0x35,0x17,0xff,0x5b,0x35,0x16,0xff,0x59,0x34,0x16,0xff,
    0x59,0x35,0x16,0xff,0x5a,0x35,0x17,0xff,0x5a,0x35,0x17,0xff,0x5a,0x35,0x17,0xff,
    0x5b,0x35,0x17,0xff,0x59,0x35,0x17,0xff,0x59,0x34,0x16,0xff,0x5a,0x34,0x16,0xff,
    0x5b,0x34,0x16,0xff,0x5b,0x34,0x16,0xff,0x59,0x34,0x16,0xff,0x58,0x34,0x16,0xff,
    0x5a,0x34,0x16,0xff,0x5c,0x34,0x17,0xff,0x57,0x34,0x16,0xff,0x5b,0x34,0x16,0xff,
    0x5b,0x33,0x16,0xff,0x59,0x34,0x16,0xff,0x5a,0x34,0x16,0xff,0x58,0x34,0x15,0xff,
    0x59,0x34,0x16,0xff,0x58,0x33,0x16,0xff,0x57,0x33,0x15,0xff,0x57,0x32,0x15,0xff,
    0x57,0x32,0x16,0xff,0x57,0x32,0x16,0xff,0x56,0x32,0x16,0xff,0x59,0x32,0x15,0xff,
    0x59,0x32,0x15,0xff,0x57,0x32,0x14,0xff,0x56,0x31,0x14,0xff,0x55,0x31,0x14,0xff,
    0x5a,0x31,0x14,0xff,0x56,0x32,0x14,0xff,0x54,0x31,0x14,0xff,0x59,0x30,0x14,0xff,
    0x57,0x31,0x15,0xff,0x58,0x32,0x14,0xff,0x57,0x32,0x14,0xff,0x57,0x33,0x15,0xff,
    0x57,0x32,0x14,0xff,0x56,0x31,0x13,0xff,0x56,0x30,0x12,0xff,0x56,0x30,0x12,0xff,
    0x54,0x2f,0x12,0xff,0x54,0x2f,0x11,0xff,0x54,0x2e,0x10,0xff,0x55,0x2c,0x0f,0xff,
    0x5e,0x32,0x13,0xff,0x5d,0x30,0x13,0xff,0x38,0x1c,0x05,0xff,0x4f,0x2d,0x0d,0xff,
    0x5c,0x3a,0x20,0xff,0xb7,0xb2,0xa8,0xff,0x85,0x80,0x78,0xff,0x2b,0x2c,0x29,0xff,
    0x18,0x1c,0x1a,0xff,0x1f,0x21,0x1f,0xff,0x20,0x23,0x21,0xff,0x22,0x26,0x23,0xff,
    0x25,0x29,0x27,0xff,0x29,0x2e,0x2c,0xff,0x2b,0x2d,0x2b,0xff,0x33,0x34,0x32,0xff,
    0xa0,0x9d,0x95,0xff,0x5a,0x3c,0x22,0xff,0x4e,0x29,0x0f,0xff,0x38,0x1a,0x07,0xff,
    0x49,0x28,0x11,0xff,0x8e,0x7d,0x6d,0xff,0x75,0x56,0x3c,0xff,0x00,0x00,0x00,0x00,
    0x00,0x00,0x00,0x00,0x00,0x00,0x00,0x00,0x00,0x00,0x00,0x00,0x00,0x00,0x00,0x00,
    0x00,0x00,0x00,0x00,0x00,0x00,0x00,0x00,0x00,0x00,0x00,0x00,0x00,0x00,0x00,0x00,
    0x00,0x00,0x00,0x00,0x00,0x00,0x00,0x00,0x00,0x00,0x00,0x00,0x00,0x00,0x00,0x00,
    0x00,0x00,0x00,0x00,0x00,0x00,0x00,0x00,0x00,0x00,0x00,0x00,0x00,0x00,0x00,0x00,
    0x00,0x00,0x00,0x00,0x00,0x00,0x00,0x00,0x78,0x5c,0x45,0xff,0x92,0x86,0x7e,0xff,
    0x41,0x2c,0x1b,0xff,0x49,0x28,0x0f,0xff,0x55,0x2b,0x0c,0xff,0xb4,0xa2,0x8f,0xff,
    0x6a,0x62,0x5c,0xff,0x28,0x2c,0x26,0xff,0x2d,0x31,0x2e,0xff,0x22,0x24,0x22,0xff,
    0x1e,0x1f,0x1d,0xff,0x18,0x1d,0x1a,0xff,0x19,0x1b,0x19,0xff,0x15,0x1b,0x19,0xff,
    0x12,0x18,0x15,0xff,0x72,0x70,0x6e,0xff,0xd0,0xcb,0xc2,0xff,0x94,0x6d,0x4d,0xff,
    0x60,0x35,0x18,0xff,0x3c,0x19,0x06,0xff,0x60,0x39,0x1d,0xff,0x70,0x42,0x25,0xff,
    0x5b,0x32,0x13,0xff,0x5c,0x35,0x18,0xff,0x5f,0x34,0x17,0xff,0x5d,0x34,0x17,0xff,
    0x5a,0x34,0x16,0xff,0x59,0x34,0x15,0xff,0x5b,0x34,0x16,0xff,0x5c,0x34,0x17,0xff,
    0x59,0x34,0x17,0xff,0x59,0x34,0x16,0xff,0x5a,0x34,0x16,0xff,0x57,0x35,0x16,0xff,
    0x5a,0x34,0x17,0xff,0x5a,0x35,0x17,0xff,0x5b,0x35,0x17,0xff,0x5a,0x34,0x17,0xff,
    0x5d,0x34,0x17,0xff,0x5b,0x35,0x17,0xff,0x5c,0x35,0x17,0xff,0x5d,0x34,0x17,0xff,
    0x5a,0x35,0x17,0xff,0x5d,0x34,0x17,0xff,0x5c,0x35,0x17,0xff,0x5b,0x34,0x17,0xff,
    0x58,0x34,0x16,0xff,0x5a,0x34,0x16,0xff,0x5a,0x33,0x16,0xff,0x5b,0x34,0x16,0xff,
    0x58,0x35,0x17,0xff,0x5b,0x35,0x17,0xff,0x57,0x34,0x16,0xff,0x58,0x34,0x16,0xff,
    0x5a,0x34,0x16,0xff,0x5a,0x34,0x16,0xff,0x5a,0x34,0x16,0xff,0x5c,0x33,0x16,0xff,
    0x5b,0x33,0x16,0xff,0x5a,0x34,0x16,0xff,0x5b,0x33,0x16,0xff,0x58,0x33,0x16,0xff,
    0x57,0x33,0x14,0xff,0x5a,0x32,0x15,0xff,0x5a,0x32,0x16,0xff,0x57,0x31,0x15,0xff,
    0x56,0x32,0x15,0xff,0x57,0x31,0x14,0xff,0x5a,0x31,0x14,0xff,0x57,0x32,0x14,0xff,
    0x57,0x32,0x14,0xff,0x58,0x33,0x14,0xff,0x55,0x33,0x14,0xff,0x58,0x32,0x14,0xff,
    0x57,0x31,0x14,0xff,0x57,0x31,0x13,0xff,0x58,0x32,0x14,0xff,0x5b,0x32,0x15,0xff,
    0x58,0x32,0x14,0xff,0x5a,0x32,0x14,0xff,0x59,0x31,0x13,0xff,0x56,0x31,0x13,0xff,
    0x57,0x2f,0x12,0xff,0x56,0x2e,0x11,0xff,0x56,0x2f,0x11,0xff,0x52,0x2e,0x0f,0xff,
    0x59,0x34,0x13,0xff,0x59,0x30,0x13,0xff,0x37,0x1c,0x07,0xff,0x4d,0x2d,0x0c,0xff,
    0x5a,0x3a,0x1f,0xff,0xb6,0xb1,0xa6,0xff,0x80,0x7f,0x77,0xff,0x2a,0x2b,0x27,0xff,
    0x13,0x17,0x15,0xff,0x18,0x1b,0x19,0xff,0x1d,0x1b,0x19,0xff,0x1d,0x1e,0x1c,0xff,
    0x1d,0x21,0x1f,0xff,0x24,0x24,0x23,0xff,0x24,0x28,0x26,0xff,0x34,0x37,0x36,0xff,
    0xa5,0x9f,0x9a,0xff,0x59,0x3b,0x23,0xff,0x49,0x2a,0x0f,0xff,0x33,0x1c,0x05,0xff,
    0x47,0x28,0x0f,0xff,0x8d,0x7c,0x6c,0xff,0x75,0x55,0x3c,0xff,0x00,0x00,0x00,0x00,
    0x00,0x00,0x00,0x00,0x00,0x00,0x00,0x00,0x00,0x00,0x00,0x00,0x00,0x00,0x00,0x00,
    0x00,0x00,0x00,0x00,0x00,0x00,0x00,0x00,0x00,0x00,0x00,0x00,0x00,0x00,0x00,0x00,
    0x00,0x00,0x00,0x00,0x00,0x00,0x00,0x00,0x00,0x00,0x00,0x00,0x00,0x00,0x00,0x00,
    0x00,0x00,0x00,0x00,0x00,0x00,0x00,0x00,0x00,0x00,0x00,0x00,0x00,0x00,0x00,0x00,
    0x00,0x00,0x00,0x00,0x00,0x00,0x00,0x00,0x79,0x5c,0x45,0xff,0x90,0x87,0x7f,0xff,
    0x40,0x2b,0x18,0xff,0x49,0x28,0x0d,0xff,0x53,0x2b,0x0c,0xff,0xb2,0xa2,0x90,0xff,
    0x6b,0x62,0x5d,0xff,0x27,0x26,0x21,0xff,0x40,0x43,0x3e,0xff,0x33,0x39,0x35,0xff,
    0x30,0x35,0x30,0xff,0x2a,0x2d,0x29,0xff,0x23,0x27,0x22,0xff,0x20,0x22,0x1e,0xff,
    0x1a,0x1a,0x16,0xff,0x74,0x71,0x6e,0xff,0xd4,0xcc,0xc4,0xff,0x96,0x6e,0x4e,0xff,
    0x62,0x36,0x19,0xff,0x3d,0x19,0x07,0xff,0x5d,0x39,0x1d,0xff,0x6d,0x43,0x26,0xff,
    0x5e,0x32,0x14,0xff,0x5c,0x36,0x17,0xff,0x5c,0x35,0x17,0xff,0x5d,0x35,0x17,0xff,
    0x5b,0x33,0x16,0xff,0x5b,0x34,0x15,0xff,0x59,0x34,0x15,0xff,0x59,0x35,0x17,0xff,
    0x5c,0x34,0x17,0xff,0x5b,0x34,0x16,0xff,0x5b,0x34,0x16,0xff,0x5c,0x34,0x17,0xff,
    0x5c,0x35,0x17,0xff,0x5b,0x35,0x17,0xff,0x5b,0x34,0x17,0xff,0x58,0x35,0x17,0xff,
    0x5c,0x34,0x16,0xff,0x5a,0x35,0x17,0xff,0x58,0x35,0x17,0xff,0x5d,0x34,0x17,0xff,
    0x5a,0x35,0x17,0xff,0x59,0x35,0x17,0xff,0x59,0x35,0x18,0xff,0x5c,0x34,0x18,0xff,
    0x5b,0x34,0x16,0xff,0x5b,0x34,0x16,0xff,0x57,0x34,0x16,0xff,0x5a,0x34,0x16,0xff,
    0x5b,0x34,0x17,0xff,0x5a,0x34,0x16,0xff,0x5b,0x34,0x16,0xff,0x5b,0x33,0x16,0xff,
    0x5a,0x34,0x16,0xff,0x5b,0x33,0x16,0xff,0x58,0x34,0x17,0xff,0x5a,0x34,0x17,0xff,
    0x5b,0x32,0x16,0xff,0x56,0x33,0x15,0xff,0x58,0x34,0x16,0xff,0x5a,0x32,0x16,0xff,
    0x56,0x33,0x16,0xff,0x57,0x32,0x16,0xff,0x58,0x32,0x16,0xff,0x59,0x31,0x15,0xff,
    0x58,0x31,0x15,0xff,0x58,0x31,0x15,0xff,0x56,0x32,0x13,0xff,0x59,0x32,0x14,0xff,
    0x59,0x33,0x14,0xff,0x5a,0x32,0x14,0xff,0x5a,0x32,0x14,0xff,0x58,0x32,0x14,0xff,
    0x57,0x32,0x14,0xff,0x57,0x31,0x14,0xff,0x56,0x33,0x14,0xff,0x5b,0x32,0x15,0xff,
    0x57,0x32,0x15,0xff,0x55,0x32,0x13,0xff,0x58,0x30,0x13,0xff,0x55,0x30,0x12,0xff,
    0x54,0x2f,0x11,0xff,0x53,0x2e,0x11,0xff,0x57,0x2e,0x11,0xff,0x55,0x2d,0x0f,0xff,
    0x5d,0x32,0x13,0xff,0x58,0x30,0x13,0xff,0x37,0x1b,0x06,0xff,0x51,0x2e,0x0f,0xff,
    0x5b,0x3a,0x20,0xff,0xb6,0xad,0xa3,0xff,0x80,0x7b,0x74,0xff,0x2d,0x2c,0x29,0xff,
    0x19,0x1a,0x18,0xff,0x1e,0x22,0x1e,0xff,0x25,0x26,0x23,0xff,0x2c,0x2c,0x28,0xff,
    0x2c,0x32,0x2e,0xff,0x38,0x3a,0x36,0xff,0x31,0x30,0x2c,0xff,0x2e,0x33,0x31,0xff,
    0xa3,0x9f,0x9a,0xff,0x59,0x3b,0x22,0xff,0x4e,0x29,0x11,0xff,0x39,0x1a,0x05,0xff,
    0x49,0x27,0x0f,0xff,0x90,0x7e,0x70,0xff,0x75,0x55,0x3c,0xff,0x00,0x00,0x00,0x00,
    0x00,0x00,0x00,0x00,0x00,0x00,0x00,0x00,0x00,0x00,0x00,0x00,0x00,0x00,0x00,0x00,
    0x00,0x00,0x00,0x00,0x00,0x00,0x00,0x00,0x00,0x00,0x00,0x00,0x00,0x00,0x00,0x00,
    0x00,0x00,0x00,0x00,0x00,0x00,0x00,0x00,0x00,0x00,0x00,0x00,0x00,0x00,0x00,0x00,
    0x00,0x00,0x00,0x00,0x00,0x00,0x00,0x00,0x00,0x00,0x00,0x00,0x00,0x00,0x00,0x00,
    0x00,0x00,0x00,0x00,0x00,0x00,0x00,0x00,0x81,0x66,0x51,0xff,0x94,0x8a,0x82,0xff,
    0x40,0x2b,0x15,0xff,0x4a,0x27,0x0c,0xff,0x52,0x2b,0x0b,0xff,0xb4,0xa1,0x90,0xff,
    0x63,0x5d,0x5a,0xff,0x36,0x35,0x31,0xff,0x65,0x68,0x63,0xff,0x52,0x55,0x50,0xff,
    0x47,0x4f,0x48,0xff,0x42,0x45,0x40,0xff,0x3c,0x3d,0x37,0xff,0x37,0x39,0x33,0xff,
    0x30,0x2e,0x29,0xff,0x72,0x71,0x6e,0xff,0xd1,0xcb,0xc3,0xff,0x96,0x6f,0x4f,0xff,
    0x63,0x37,0x19,0xff,0x3c,0x19,0x06,0xff,0x5f,0x39,0x1d,0xff,0x6d,0x44,0x26,0xff,
    0x5c,0x33,0x14,0xff,0x60,0x35,0x18,0xff,0x5d,0x35,0x18,0xff,0x5c,0x34,0x17,0xff,
    0x5a,0x33,0x16,0xff,0x5a,0x34,0x16,0xff,0x5b,0x34,0x16,0xff,0x5b,0x34,0x17,0xff,
    0x5a,0x35,0x17,0xff,0x5c,0x35,0x17,0xff,0x5a,0x35,0x16,0xff,0x5a,0x35,0x17,0xff,
    0x5d,0x34,0x17,0xff,0x59,0x35,0x17,0xff,0x5a,0x34,0x16,0xff,0x5a,0x35,0x17,0xff,
    0x5a,0x35,0x17,0xff,0x5a,0x35,0x16,0xff,0x5a,0x34,0x17,0xff,0x59,0x34,0x17,0xff,
    0x5c,0x34,0x17,0xff,0x5a,0x35,0x17,0xff,0x5b,0x35,0x17,0xff,0x59,0x35,0x17,0xff,
    0x5b,0x34,0x17,0xff,0x57,0x34,0x15,0xff,0x5b,0x34,0x16,0xff,0x59,0x34,0x17,0xff,
    0x5a,0x34,0x16,0xff,0x5a,0x34,0x16,0xff,0x59,0x34,0x16,0xff,0x5b,0x33,0x16,0xff,
    0x5a,0x33,0x16,0xff,0x59,0x34,0x15,0xff,0x59,0x33,0x17,0xff,0x59,0x33,0x16,0xff,
    0x5a,0x33,0x15,0xff,0x5a,0x34,0x16,0xff,0x58,0x33,0x16,0xff,0x58,0x33,0x15,0xff,
    0x5a,0x32,0x16,0xff,0x58,0x32,0x16,0xff,0x56,0x32,0x14,0xff,0x57,0x33,0x16,0xff,
    0x58,0x32,0x15,0xff,0x59,0x31,0x14,0xff,0x57,0x32,0x13,0xff,0x58,0x32,0x14,0xff,
    0x59,0x32,0x15,0xff,0x59,0x32,0x14,0xff,0x59,0x33,0x15,0xff,0x5b,0x32,0x15,0xff,
    0x56,0x33,0x14,0xff,0x56,0x32,0x14,0xff,0x57,0x32,0x15,0xff,0x5a,0x34,0x15,0xff,
    0x58,0x32,0x14,0xff,0x55,0x31,0x14,0xff,0x53,0x31,0x12,0xff,0x58,0x30,0x13,0xff,
    0x55,0x2f,0x11,0xff,0x54,0x2e,0x11,0xff,0x54,0x2f,0x11,0xff,0x57,0x2d,0x10,0xff,
    0x5e,0x32,0x14,0xff,0x56,0x2f,0x13,0xff,0x35,0x1b,0x07,0xff,0x53,0x2f,0x0f,0xff,
    0x5d,0x3c,0x20,0xff,0xb4,0xae,0xa4,0xff,0x81,0x7b,0x75,0xff,0x39,0x37,0x34,0xff,
    0x2a,0x2e,0x29,0xff,0x35,0x37,0x33,0xff,0x3f,0x40,0x3c,0xff,0x46,0x47,0x42,0xff,
    0x4d,0x4e,0x49,0xff,0x5b,0x5e,0x59,0xff,0x4b,0x4b,0x45,0xff,0x31,0x31,0x30,0xff,
    0xa3,0x9f,0x99,0xff,0x59,0x3b,0x21,0xff,0x49,0x29,0x11,0xff,0x36,0x1b,0x04,0xff,
    0x49,0x26,0x0f,0xff,0x92,0x7f,0x71,0xff,0x73,0x55,0x3b,0xff,0x00,0x00,0x00,0x00,
    0x00,0x00,0x00,0x00,0x00,0x00,0x00,0x00,0x00,0x00,0x00,0x00,0x00,0x00,0x00,0x00,
    0x00,0x00,0x00,0x00,0x00,0x00,0x00,0x00,0x00,0x00,0x00,0x00,0x00,0x00,0x00,0x00,
    0x00,0x00,0x00,0x00,0x00,0x00,0x00,0x00,0x00,0x00,0x00,0x00,0x00,0x00,0x00,0x00,
    0x00,0x00,0x00,0x00,0x00,0x00,0x00,0x00,0x00,0x00,0x00,0x00,0x00,0x00,0x00,0x00,
    0x00,0x00,0x00,0x00,0x00,0x00,0x00,0x00,0x8d,0x75,0x64,0xff,0x95,0x8b,0x84,0xff,
    0x43,0x29,0x13,0xff,0x49,0x25,0x0a,0xff,0x54,0x29,0x0b,0xff,0xb5,0xa0,0x91,0xff,
    0x66,0x5f,0x5e,0xff,0x32,0x34,0x30,0xff,0x5c,0x63,0x5d,0xff,0x4b,0x51,0x4a,0xff,
    0x43,0x4a,0x43,0xff,0x3c,0x41,0x3a,0xff,0x36,0x38,0x33,0xff,0x30,0x36,0x30,0xff,
    0x2c,0x2e,0x27,0xff,0x72,0x73,0x6e,0xff,0xd0,0xc9,0xc1,0xff,0x98,0x70,0x4f,0xff,
    0x64,0x38,0x1a,0xff,0x3c,0x19,0x05,0xff,0x5f,0x38,0x1f,0xff,0x70,0x43,0x27,0xff,
    0x5b,0x33,0x13,0xff,0x5d,0x35,0x17,0xff,0x5e,0x34,0x18,0xff,0x5e,0x34,0x17,0xff,
    0x5c,0x33,0x17,0xff,0x5b,0x35,0x17,0xff,0x5a,0x35,0x17,0xff,0x5b,0x34,0x16,0xff,
    0x5a,0x35,0x17,0xff,0x5b,0x34,0x16,0xff,0x58,0x35,0x16,0xff,0x57,0x35,0x16,0xff,
    0x5b,0x35,0x17,0xff,0x5a,0x35,0x17,0xff,0x5a,0x34,0x17,0xff,0x59,0x34,0x16,0xff,
    0x58,0x35,0x16,0xff,0x5a,0x34,0x16,0xff,0x5c,0x34,0x17,0xff,0x5b,0x34,0x17,0xff,
    0x58,0x34,0x16,0xff,0x5b,0x35,0x17,0xff,0x5c,0x34,0x16,0xff,0x5b,0x35,0x16,0xff,
    0x5b,0x34,0x17,0xff,0x57,0x34,0x17,0xff,0x5a,0x33,0x17,0xff,0x5a,0x34,0x17,0xff,
    0x5a,0x34,0x16,0xff,0x5a,0x34,0x16,0xff,0x56,0x34,0x16,0xff,0x58,0x33,0x16,0xff,
    0x5a,0x34,0x16,0xff,0x58,0x34,0x16,0xff,0x59,0x34,0x15,0xff,0x55,0x34,0x15,0xff,
    0x59,0x34,0x16,0xff,0x5a,0x34,0x16,0xff,0x5b,0x33,0x15,0xff,0x56,0x33,0x15,0xff,
    0x59,0x33,0x15,0xff,0x59,0x31,0x15,0xff,0x58,0x31,0x16,0xff,0x56,0x32,0x15,0xff,
    0x56,0x32,0x14,0xff,0x56,0x32,0x14,0xff,0x59,0x33,0x15,0xff,0x58,0x33,0x14,0xff,
    0x59,0x33,0x15,0xff,0x57,0x33,0x15,0xff,0x56,0x33,0x15,0xff,0x5a,0x34,0x15,0xff,
    0x58,0x33,0x15,0xff,0x56,0x33,0x15,0xff,0x58,0x32,0x14,0xff,0x55,0x32,0x14,0xff,
    0x56,0x32,0x14,0xff,0x57,0x30,0x14,0xff,0x55,0x31,0x13,0xff,0x55,0x30,0x13,0xff,
    0x57,0x2e,0x12,0xff,0x57,0x2e,0x11,0xff,0x56,0x2d,0x10,0xff,0x55,0x2b,0x0f,0xff,
    0x5d,0x33,0x13,0xff,0x55,0x2f,0x13,0xff,0x38,0x1a,0x07,0xff,0x53,0x2f,0x10,0xff,
    0x5b,0x3c,0x20,0xff,0xb2,0xaf,0xa3,0xff,0x82,0x7f,0x79,0xff,0x3a,0x38,0x34,0xff,
    0x27,0x2b,0x26,0xff,0x33,0x33,0x2f,0xff,0x37,0x3b,0x36,0xff,0x3f,0x41,0x3b,0xff,
    0x46,0x48,0x42,0xff,0x59,0x58,0x53,0xff,0x44,0x47,0x41,0xff,0x2f,0x32,0x31,0xff,
    0xa4,0xa0,0x99,0xff,0x58,0x38,0x20,0xff,0x48,0x28,0x0f,0xff,0x32,0x1c,0x04,0xff,
    0x42,0x26,0x0d,0xff,0x93,0x83,0x75,0xff,0x75,0x56,0x3d,0xff,0x00,0x00,0x00,0x00,
    0x00,0x00,0x00,0x00,0x00,0x00,0x00,0x00,0x00,0x00,0x00,0x00,0x00,0x00,0x00,0x00,
    0x00,0x00,0x00,0x00,0x00,0x00,0x00,0x00,0x00,0x00,0x00,0x00,0x00,0x00,0x00,0x00,
    0x00,0x00,0x00,0x00,0x00,0x00,0x00,0x00,0x00,0x00,0x00,0x00,0x00,0x00,0x00,0x00,
    0x00,0x00,0x00,0x00,0x00,0x00,0x00,0x00,0x00,0x00,0x00,0x00,0x00,0x00,0x00,0x00,
    0x00,0x00,0x00,0x00,0x00,0x00,0x00,0x00,0x8c,0x74,0x61,0xff,0x91,0x8a,0x82,0xff,
    0x40,0x29,0x11,0xff,0x47,0x25,0x08,0xff,0x4d,0x29,0x0a,0xff,0xb1,0xa0,0x91,0xff,
    0x6a,0x62,0x61,0xff,0x32,0x32,0x2e,0xff,0x60,0x64,0x5f,0xff,0x4c,0x52,0x4c,0xff,
    0x43,0x4c,0x44,0xff,0x3d,0x42,0x3b,0xff,0x3a,0x38,0x32,0xff,0x34,0x35,0x2f,0xff,
    0x2e,0x2d,0x27,0xff,0x75,0x75,0x72,0xff,0xce,0xc8,0xc0,0xff,0x96,0x6f,0x4d,0xff,
    0x66,0x3a,0x1b,0xff,0x3d,0x19,0x05,0xff,0x5b,0x37,0x1f,0xff,0x6c,0x45,0x27,0xff,
    0x5f,0x32,0x13,0xff,0x5f,0x35,0x15,0xff,0x5a,0x34,0x15,0xff,0x5c,0x35,0x15,0xff,
    0x5c,0x34,0x15,0xff,0x5d,0x34,0x14,0xff,0x5d,0x34,0x15,0xff,0x5a,0x34,0x16,0xff,
    0x59,0x34,0x16,0xff,0x5d,0x33,0x16,0xff,0x5b,0x34,0x16,0xff,0x5a,0x33,0x16,0xff,
    0x59,0x35,0x17,0xff,0x5a,0x34,0x16,0xff,0x58,0x34,0x17,0xff,0x5a,0x34,0x17,0xff,
    0x5b,0x34,0x17,0xff,0x5a,0x35,0x17,0xff,0x58,0x35,0x17,0xff,0x5b,0x34,0x17,0xff,
    0x5d,0x34,0x17,0xff,0x5a,0x34,0x16,0xff,0x58,0x34,0x16,0xff,0x5a,0x33,0x16,0xff,
    0x5a,0x34,0x16,0xff,0x5c,0x34,0x17,0xff,0x5a,0x33,0x17,0xff,0x57,0x34,0x16,0xff,
    0x5b,0x34,0x16,0xff,0x5e,0x34,0x17,0xff,0x5a,0x34,0x16,0xff,0x59,0x34,0x16,0xff,
    0x5a,0x34,0x16,0xff,0x58,0x34,0x16,0xff,0x58,0x34,0x14,0xff,0x59,0x34,0x15,0xff,
    0x59,0x34,0x15,0xff,0x57,0x34,0x16,0xff,0x58,0x34,0x15,0xff,0x5b,0x32,0x15,0xff,
    0x5a,0x33,0x15,0xff,0x57,0x33,0x15,0xff,0x58,0x32,0x15,0xff,0x57,0x32,0x14,0xff,
    0x58,0x31,0x14,0xff,0x59,0x32,0x15,0xff,0x57,0x33,0x15,0xff,0x57,0x33,0x15,0xff,
    0x5c,0x32,0x15,0xff,0x59,0x32,0x15,0xff,0x58,0x33,0x15,0xff,0x58,0x33,0x15,0xff,
    0x58,0x33,0x15,0xff,0x58,0x32,0x15,0xff,0x59,0x32,0x15,0xff,0x56,0x31,0x13,0xff,
    0x55,0x31,0x14,0xff,0x53,0x32,0x14,0xff,0x55,0x30,0x13,0xff,0x57,0x30,0x12,0xff,
    0x56,0x2f,0x12,0xff,0x54,0x2f,0x11,0xff,0x57,0x2e,0x11,0xff,0x55,0x2c,0x0f,0xff,
    0x5f,0x32,0x13,0xff,0x57,0x2f,0x13,0xff,0x37,0x1b,0x08,0xff,0x53,0x2f,0x0f,0xff,
    0x5e,0x3b,0x20,0xff,0xb7,0xaf,0xa4,0xff,0x83,0x81,0x7a,0xff,0x3a,0x39,0x34,0xff,
    0x27,0x2b,0x26,0xff,0x33,0x34,0x30,0xff,0x3b,0x3a,0x37,0xff,0x41,0x40,0x3c,0xff,
    0x43,0x4a,0x43,0xff,0x55,0x59,0x53,0xff,0x4a,0x46,0x41,0xff,0x33,0x33,0x32,0xff,
    0xa2,0x9f,0x98,0xff,0x56,0x37,0x1e,0xff,0x46,0x26,0x0e,0xff,0x33,0x19,0x03,0xff,
    0x47,0x25,0x0f,0xff,0x92,0x80,0x73,0xff,0x6f,0x4f,0x35,0xff,0x00,0x00,0x00,0x00,
    0x00,0x00,0x00,0x00,0x00,0x00,0x00,0x00,0x00,0x00,0x00,0x00,0x00,0x00,0x00,0x00,
    0x00,0x00,0x00,0x00,0x00,0x00,0x00,0x00,0x00,0x00,0x00,0x00,0x00,0x00,0x00,0x00,
    0x00,0x00,0x00,0x00,0x00,0x00,0x00,0x00,0x00,0x00,0x00,0x00,0x00,0x00,0x00,0x00,
    0x00,0x00,0x00,0x00,0x00,0x00,0x00,0x00,0x00,0x00,0x00,0x00,0x00,0x00,0x00,0x00,
    0x00,0x00,0x00,0x00,0x00,0x00,0x00,0x00,0x8c,0x75,0x61,0xff,0x91,0x86,0x7e,0xff,
    0x40,0x29,0x12,0xff,0x49,0x24,0x09,0xff,0x4f,0x28,0x0a,0xff,0xb2,0xa2,0x91,0xff,
    0x6e,0x66,0x64,0xff,0x30,0x32,0x2f,0xff,0x5d,0x65,0x5f,0xff,0x4d,0x53,0x4c,0xff,
    0x44,0x4b,0x44,0xff,0x3b,0x41,0x3b,0xff,0x37,0x39,0x30,0xff,0x33,0x36,0x2e,0xff,
    0x2c,0x2d,0x27,0xff,0x76,0x77,0x74,0xff,0xce,0xc7,0xbf,0xff,0x98,0x6f,0x4e,0xff,
    0x68,0x3b,0x1c,0xff,0x3e,0x1a,0x05,0xff,0x5e,0x35,0x1e,0xff,0x6f,0x45,0x26,0xff,
    0x5c,0x34,0x13,0xff,0x5f,0x35,0x16,0xff,0x5a,0x35,0x15,0xff,0x5c,0x34,0x15,0xff,
    0x5d,0x34,0x14,0xff,0x5a,0x34,0x16,0xff,0x5b,0x34,0x16,0xff,0x5b,0x34,0x17,0xff,
    0x58,0x34,0x16,0xff,0x5b,0x34,0x16,0xff,0x5a,0x35,0x17,0xff,0x5b,0x34,0x16,0xff,
    0x58,0x34,0x17,0xff,0x5b,0x34,0x16,0xff,0x5a,0x34,0x17,0xff,0x57,0x35,0x16,0xff,
    0x5b,0x34,0x17,0xff,0x5b,0x35,0x17,0xff,0x5c,0x35,0x17,0xff,0x58,0x34,0x17,0xff,
    0x5b,0x34,0x16,0xff,0x5b,0x34,0x17,0xff,0x57,0x34,0x15,0xff,0x5b,0x33,0x16,0xff,
    0x5a,0x34,0x16,0xff,0x5a,0x35,0x16,0xff,0x5a,0x34,0x16,0xff,0x59,0x33,0x16,0xff,
    0x5a,0x34,0x17,0xff,0x5c,0x34,0x17,0xff,0x5b,0x34,0x17,0xff,0x5a,0x34,0x16,0xff,
    0x59,0x34,0x16,0xff,0x5c,0x33,0x16,0xff,0x58,0x34,0x16,0xff,0x5a,0x34,0x16,0xff,
    0x5a,0x34,0x15,0xff,0x5a,0x34,0x16,0xff,0x5a,0x33,0x16,0xff,0x58,0x34,0x16,0xff,
    0x5b,0x33,0x15,0xff,0x57,0x34,0x16,0xff,0x58,0x32,0x15,0xff,0x57,0x32,0x14,0xff,
    0x57,0x33,0x15,0xff,0x58,0x33,0x15,0xff,0x58,0x32,0x15,0xff,0x57,0x32,0x15,0xff,
    0x5a,0x32,0x15,0xff,0x58,0x33,0x15,0xff,0x5a,0x32,0x15,0xff,0x56,0x33,0x15,0xff,
    0x5a,0x32,0x15,0xff,0x5a,0x33,0x15,0xff,0x58,0x33,0x15,0xff,0x58,0x31,0x14,0xff,
    0x56,0x31,0x13,0xff,0x57,0x31,0x13,0xff,0x54,0x31,0x13,0xff,0x57,0x30,0x13,0xff,
    0x56,0x2f,0x11,0xff,0x53,0x30,0x12,0xff,0x58,0x2e,0x11,0xff,0x55,0x2d,0x10,0xff,
    0x5b,0x33,0x14,0xff,0x59,0x2f,0x14,0xff,0x37,0x1c,0x08,0xff,0x50,0x2e,0x0f,0xff,
    0x5c,0x3a,0x1f,0xff,0xb5,0xac,0xa2,0xff,0x84,0x81,0x7c,0xff,0x39,0x39,0x35,0xff,
    0x2b,0x29,0x24,0xff,0x31,0x34,0x2f,0xff,0x39,0x3a,0x36,0xff,0x40,0x3f,0x3b,0xff,
    0x47,0x48,0x43,0xff,0x55,0x58,0x52,0xff,0x45,0x47,0x3f,0xff,0x34,0x34,0x33,0xff,
    0xa1,0x9d,0x96,0xff,0x54,0x36,0x1e,0xff,0x43,0x25,0x0e,0xff,0x31,0x17,0x03,0xff,
    0x45,0x27,0x10,0xff,0x8b,0x79,0x6b,0xff,0x70,0x4f,0x36,0xff,0x00,0x00,0x00,0x00,
    0x00,0x00,0x00,0x00,0x00,0x00,0x00,0x00,0x00,0x00,0x00,0x00,0x00,0x00,0x00,0x00,
    0x00,0x00,0x00,0x00,0x00,0x00,0x00,0x00,0x00,0x00,0x00,0x00,0x00,0x00,0x00,0x00,
    0x00,0x00,0x00,0x00,0x00,0x00,0x00,0x00,0x00,0x00,0x00,0x00,0x00,0x00,0x00,0x00,
    0x00,0x00,0x00,0x00,0x00,0x00,0x00,0x00,0x00,0x00,0x00,0x00,0x00,0x00,0x00,0x00,
    0x00,0x00,0x00,0x00,0x00,0x00,0x00,0x00,0x89,0x72,0x5f,0xff,0x8d,0x83,0x7a,0xff,
    0x44,0x28,0x12,0xff,0x47,0x24,0x09,0xff,0x4f,0x2a,0x0a,0xff,0xb5,0xa4,0x94,0xff,
    0x71,0x6b,0x69,0xff,0x31,0x30,0x2e,0xff,0x5f,0x64,0x5f,0xff,0x4c,0x53,0x4c,0xff,
    0x46,0x4a,0x43,0xff,0x3b,0x41,0x3a,0xff,0x36,0x38,0x31,0xff,0x34,0x35,0x2f,0xff,
    0x2d,0x2d,0x27,0xff,0x79,0x78,0x75,0xff,0xcb,0xc6,0xbe,0xff,0x9a,0x6f,0x4e,0xff,
    0x69,0x3d,0x20,0xff,0x3f,0x1a,0x06,0xff,0x5e,0x36,0x1d,0xff,0x70,0x44,0x26,0xff,
    0x5c,0x34,0x13,0xff,0x5d,0x36,0x18,0xff,0x5c,0x35,0x17,0xff,0x5b,0x34,0x17,0xff,
    0x5c,0x34,0x16,0xff,0x5d,0x34,0x17,0xff,0x5a,0x34,0x16,0xff,0x5a,0x34,0x17,0xff,
    0x5b,0x34,0x17,0xff,0x5a,0x35,0x17,0xff,0x5b,0x35,0x17,0xff,0x5b,0x34,0x16,0xff,
    0x5b,0x35,0x17,0xff,0x5b,0x35,0x17,0xff,0x5c,0x34,0x17,0xff,0x5b,0x35,0x17,0xff,
    0x5c,0x35,0x17,0xff,0x5a,0x35,0x17,0xff,0x5a,0x34,0x17,0xff,0x5b,0x34,0x17,0xff,
    0x59,0x34,0x16,0xff,0x5b,0x34,0x17,0xff,0x5a,0x35,0x17,0xff,0x5a,0x35,0x17,0xff,
    0x5b,0x35,0x17,0xff,0x5b,0x34,0x17,0xff,0x5a,0x34,0x17,0xff,0x5b,0x33,0x16,0xff,
    0x5a,0x34,0x17,0xff,0x5b,0x34,0x16,0xff,0x5a,0x34,0x16,0xff,0x5b,0x34,0x17,0xff,
    0x5a,0x34,0x16,0xff,0x5b,0x34,0x16,0xff,0x5b,0x34,0x16,0xff,0x5a,0x34,0x16,0xff,
    0x5a,0x33,0x17,0xff,0x58,0x34,0x16,0xff,0x5a,0x33,0x15,0xff,0x58,0x33,0x15,0xff,
    0x59,0x33,0x15,0xff,0x59,0x33,0x15,0xff,0x57,0x33,0x15,0xff,0x57,0x33,0x15,0xff,
    0x58,0x33,0x15,0xff,0x58,0x33,0x15,0xff,0x58,0x32,0x14,0xff,0x59,0x32,0x15,0xff,
    0x58,0x32,0x15,0xff,0x59,0x33,0x15,0xff,0x58,0x32,0x15,0xff,0x58,0x32,0x15,0xff,
    0x5a,0x33,0x15,0xff,0x59,0x32,0x15,0xff,0x58,0x33,0x15,0xff,0x58,0x32,0x14,0xff,
    0x56,0x31,0x13,0xff,0x56,0x31,0x13,0xff,0x56,0x31,0x14,0xff,0x56,0x32,0x13,0xff,
    0x56,0x30,0x12,0xff,0x55,0x2f,0x12,0xff,0x56,0x2f,0x12,0xff,0x56,0x2d,0x10,0xff,
    0x5b,0x34,0x14,0xff,0x57,0x30,0x13,0xff,0x3a,0x1d,0x08,0xff,0x50,0x2f,0x0f,0xff,
    0x5a,0x3a,0x1f,0xff,0xb4,0xaa,0xa1,0xff,0x87,0x82,0x7e,0xff,0x3a,0x39,0x34,0xff,
    0x29,0x29,0x24,0xff,0x33,0x33,0x2f,0xff,0x39,0x3a,0x35,0xff,0x3f,0x40,0x3c,0xff,
    0x45,0x49,0x42,0xff,0x56,0x57,0x51,0xff,0x44,0x47,0x3e,0xff,0x35,0x37,0x34,0xff,
    0xa1,0x9b,0x95,0xff,0x52,0x36,0x1d,0xff,0x44,0x26,0x0e,0xff,0x31,0x16,0x02,0xff,
    0x43,0x27,0x10,0xff,0x83,0x71,0x62,0xff,0x72,0x53,0x3a,0xff,0x00,0x00,0x00,0x00,
    0x00,0x00,0x00,0x00,0x00,0x00,0x00,0x00,0x00,0x00,0x00,0x00,0x00,0x00,0x00,0x00,
    0x00,0x00,0x00,0x00,0x00,0x00,0x00,0x00,0x00,0x00,0x00,0x00,0x00,0x00,0x00,0x00,
    0x00,0x00,0x00,0x00,0x00,0x00,0x00,0x00,0x00,0x00,0x00,0x00,0x00,0x00,0x00,0x00,
    0x00,0x00,0x00,0x00,0x00,0x00,0x00,0x00,0x00,0x00,0x00,0x00,0x00,0x00,0x00,0x00,
    0x00,0x00,0x00,0x00,0x00,0x00,0x00,0x00,0x86,0x6f,0x5c,0xff,0x8b,0x80,0x77,0xff,
    0x43,0x29,0x12,0xff,0x47,0x25,0x07,0xff,0x4d,0x2b,0x0b,0xff,0xb7,0xa5,0x97,0xff,
    0x76,0x6e,0x6e,0xff,0x2f,0x30,0x2d,0xff,0x5f,0x65,0x5f,0xff,0x4b,0x53,0x4c,0xff,
    0x45,0x4a,0x44,0xff,0x3c,0x41,0x3b,0xff,0x34,0x38,0x32,0xff,0x34,0x35,0x2f,0xff,
    0x2d,0x2d,0x27,0xff,0x7a,0x7a,0x75,0xff,0xca,0xc4,0xbc,0xff,0x9c,0x71,0x51,0xff,
    0x6d,0x3f,0x1f,0xff,0x3f,0x1a,0x05,0xff,0x5c,0x37,0x1c,0xff,0x6f,0x44,0x25,0xff,
    0x5f,0x33,0x14,0xff,0x5d,0x35,0x18,0xff,0x5c,0x34,0x18,0xff,0x5e,0x34,0x17,0xff,
    0x5b,0x35,0x17,0xff,0x5d,0x35,0x17,0xff,0x59,0x35,0x17,0xff,0x5a,0x36,0x18,0xff,
    0x5d,0x35,0x17,0xff,0x59,0x35,0x17,0xff,0x5b,0x35,0x17,0xff,0x5a,0x35,0x17,0xff,
    0x5a,0x35,0x17,0xff,0x58,0x34,0x16,0xff,0x57,0x34,0x16,0xff,0x59,0x35,0x17,0xff,
    0x5c,0x34,0x16,0xff,0x5a,0x34,0x17,0xff,0x5a,0x35,0x17,0xff,0x5d,0x34,0x17,0xff,
    0x5b,0x35,0x17,0xff,0x59,0x34,0x18,0xff,0x5c,0x35,0x18,0xff,0x5b,0x35,0x17,0xff,
    0x5a,0x35,0x17,0xff,0x5a,0x34,0x16,0xff,0x56,0x35,0x16,0xff,0x5b,0x33,0x16,0xff,
    0x5b,0x33,0x16,0xff,0x59,0x33,0x16,0xff,0x5b,0x34,0x16,0xff,0x5a,0x35,0x17,0xff,
    0x5a,0x35,0x17,0xff,0x59,0x35,0x16,0xff,0x57,0x35,0x17,0xff,0x5a,0x34,0x15,0xff,
    0x5b,0x33,0x15,0xff,0x58,0x33,0x15,0xff,0x59,0x33,0x15,0xff,0x5b,0x33,0x15,0xff,
    0x59,0x33,0x15,0xff,0x59,0x33,0x16,0xff,0x5b,0x33,0x15,0xff,0x56,0x32,0x14,0xff,
    0x57,0x32,0x15,0xff,0x56,0x33,0x15,0xff,0x56,0x33,0x15,0xff,0x5a,0x32,0x15,0xff,
    0x57,0x32,0x15,0xff,0x58,0x32,0x14,0xff,0x56,0x32,0x14,0xff,0x57,0x33,0x15,0xff,
    0x57,0x33,0x15,0xff,0x55,0x33,0x15,0xff,0x54,0x32,0x14,0xff,0x57,0x31,0x14,0xff,
    0x54,0x31,0x13,0xff,0x54,0x31,0x13,0xff,0x58,0x31,0x14,0xff,0x57,0x31,0x13,0xff,
    0x53,0x31,0x13,0xff,0x56,0x2f,0x12,0xff,0x58,0x2f,0x12,0xff,0x55,0x2e,0x10,0xff,
    0x60,0x34,0x16,0xff,0x5b,0x30,0x15,0xff,0x40,0x1d,0x09,0xff,0x52,0x2e,0x11,0xff,
    0x5b,0x3a,0x1f,0xff,0xb5,0xaa,0xa1,0xff,0x85,0x84,0x7e,0xff,0x38,0x39,0x34,0xff,
    0x25,0x2a,0x24,0xff,0x2e,0x34,0x2f,0xff,0x39,0x3a,0x36,0xff,0x3f,0x40,0x3b,0xff,
    0x44,0x48,0x42,0xff,0x54,0x56,0x4f,0xff,0x48,0x46,0x3e,0xff,0x38,0x39,0x37,0xff,
    0xa0,0x9c,0x94,0xff,0x53,0x35,0x1d,0xff,0x43,0x26,0x0f,0xff,0x2f,0x16,0x03,0xff,
    0x40,0x23,0x0d,0xff,0x8b,0x7a,0x6b,0xff,0x84,0x68,0x52,0xff,0x00,0x00,0x00,0x00,
    0x00,0x00,0x00,0x00,0x00,0x00,0x00,0x00,0x00,0x00,0x00,0x00,0x00,0x00,0x00,0x00,
    0x00,0x00,0x00,0x00,0x00,0x00,0x00,0x00,0x00,0x00,0x00,0x00,0x00,0x00,0x00,0x00,
    0x00,0x00,0x00,0x00,0x00,0x00,0x00,0x00,0x00,0x00,0x00,0x00,0x00,0x00,0x00,0x00,
    0x00,0x00,0x00,0x00,0x00,0x00,0x00,0x00,0x00,0x00,0x00,0x00,0x00,0x00,0x00,0x00,
    0x00,0x00,0x00,0x00,0x00,0x00,0x00,0x00,0x85,0x6d,0x5a,0xff,0x88,0x7e,0x74,0xff,
    0x3e,0x2b,0x13,0xff,0x47,0x25,0x07,0xff,0x4f,0x2a,0x0a,0xff,0xb4,0xa4,0x95,0xff,
    0x77,0x71,0x73,0xff,0x2f,0x2f,0x2b,0xff,0x63,0x64,0x60,0xff,0x4d,0x53,0x4c,0xff,
    0x46,0x4a,0x44,0xff,0x3e,0x40,0x39,0xff,0x35,0x38,0x32,0xff,0x34,0x35,0x2f,0xff,
    0x2e,0x2d,0x27,0xff,0x7c,0x7b,0x76,0xff,0xcc,0xc3,0xb9,0xff,0x9b,0x71,0x51,0xff,
    0x67,0x3f,0x1f,0xff,0x3c,0x1a,0x05,0xff,0x5f,0x36,0x1e,0xff,0x6c,0x45,0x26,0xff,
    0x5d,0x34,0x14,0xff,0x5e,0x35,0x17,0xff,0x5e,0x34,0x17,0xff,0x5c,0x34,0x17,0xff,
    0x5d,0x34,0x17,0xff,0x60,0x34,0x17,0xff,0x5d,0x35,0x18,0xff,0x5d,0x35,0x18,0xff,
    0x5e,0x34,0x17,0xff,0x5a,0x35,0x17,0xff,0x5b,0x35,0x17,0xff,0x5c,0x35,0x17,0xff,
    0x5b,0x35,0x17,0xff,0x5d,0x34,0x17,0xff,0x5d,0x34,0x17,0xff,0x5a,0x35,0x17,0xff,
    0x5b,0x35,0x17,0xff,0x5c,0x36,0x17,0xff,0x5a,0x35,0x17,0xff,0x59,0x35,0x17,0xff,
    0x5b,0x35,0x17,0xff,0x5d,0x35,0x18,0xff,0x5c,0x35,0x18,0xff,0x5c,0x35,0x17,0xff,
    0x5d,0x34,0x17,0xff,0x5d,0x34,0x17,0xff,0x5a,0x35,0x17,0xff,0x5c,0x34,0x17,0xff,
    0x5c,0x34,0x16,0xff,0x59,0x35,0x17,0xff,0x5b,0x34,0x16,0xff,0x5a,0x34,0x16,0xff,
    0x5c,0x34,0x17,0xff,0x5e,0x34,0x17,0xff,0x5a,0x35,0x17,0xff,0x5a,0x35,0x16,0xff,
    0x5a,0x35,0x14,0xff,0x5a,0x33,0x15,0xff,0x58,0x33,0x16,0xff,0x59,0x34,0x15,0xff,
    0x5a,0x33,0x16,0xff,0x5b,0x33,0x16,0xff,0x59,0x33,0x15,0xff,0x58,0x32,0x15,0xff,
    0x5b,0x31,0x14,0xff,0x59,0x32,0x15,0xff,0x59,0x33,0x15,0xff,0x5b,0x32,0x15,0xff,
    0x58,0x33,0x15,0xff,0x58,0x32,0x14,0xff,0x59,0x32,0x14,0xff,0x59,0x32,0x14,0xff,
    0x5b,0x32,0x15,0xff,0x5b,0x33,0x15,0xff,0x55,0x33,0x14,0xff,0x57,0x32,0x14,0xff,
    0x57,0x32,0x14,0xff,0x55,0x32,0x14,0xff,0x55,0x32,0x13,0xff,0x58,0x32,0x14,0xff,
    0x57,0x31,0x13,0xff,0x58,0x31,0x13,0xff,0x58,0x30,0x13,0xff,0x58,0x2d,0x11,0xff,
    0x5e,0x36,0x16,0xff,0x58,0x31,0x14,0xff,0x3c,0x1d,0x07,0xff,0x52,0x2e,0x11,0xff,
    0x5a,0x3b,0x1f,0xff,0xb4,0xab,0xa0,0xff,0x86,0x84,0x7e,0xff,0x39,0x38,0x34,0xff,
    0x2b,0x28,0x24,0xff,0x30,0x32,0x2e,0xff,0x39,0x39,0x35,0xff,0x3f,0x3f,0x3b,0xff,
    0x45,0x47,0x41,0xff,0x52,0x56,0x4e,0xff,0x46,0x47,0x3f,0xff,0x3a,0x3a,0x39,0xff,
    0xa0,0x9b,0x94,0xff,0x4f,0x34,0x1c,0xff,0x44,0x25,0x10,0xff,0x30,0x16,0x02,0xff,
    0x40,0x24,0x0e,0xff,0x8b,0x7c,0x6c,0xff,0x82,0x67,0x51,0xff,0x00,0x00,0x00,0x00,
    0x00,0x00,0x00,0x00,0x00,0x00,0x00,0x00,0x00,0x00,0x00,0x00,0x00,0x00,0x00,0x00,
    0x00,0x00,0x00,0x00,0x00,0x00,0x00,0x00,0x00,0x00,0x00,0x00,0x00,0x00,0x00,0x00,
    0x00,0x00,0x00,0x00,0x00,0x00,0x00,0x00,0x00,0x00,0x00,0x00,0x00,0x00,0x00,0x00,
    0x00,0x00,0x00,0x00,0x00,0x00,0x00,0x00,0x00,0x00,0x00,0x00,0x00,0x00,0x00,0x00,
    0x00,0x00,0x00,0x00,0x00,0x00,0x00,0x00,0x84,0x6b,0x58,0xff,0x89,0x7b,0x72,0xff,
    0x41,0x29,0x12,0xff,0x48,0x24,0x07,0xff,0x4e,0x2b,0x09,0xff,0xb4,0xa1,0x92,0xff,
    0x78,0x74,0x74,0xff,0x2f,0x2f,0x2a,0xff,0x61,0x65,0x60,0xff,0x4e,0x53,0x4d,0xff,
    0x44,0x4a,0x43,0xff,0x3c,0x3f,0x3a,0xff,0x35,0x37,0x31,0xff,0x33,0x34,0x2d,0xff,
    0x2d,0x2d,0x27,0xff,0x7a,0x7a,0x78,0xff,0xc8,0xc1,0xb6,0xff,0x9d,0x72,0x50,0xff,
    0x69,0x3f,0x20,0xff,0x3a,0x1b,0x06,0xff,0x5f,0x36,0x1e,0xff,0x6c,0x44,0x26,0xff,
    0x5c,0x34,0x13,0xff,0x5c,0x37,0x17,0xff,0x5f,0x35,0x16,0xff,0x5d,0x34,0x17,0xff,
    0x5b,0x35,0x17,0xff,0x5e,0x35,0x17,0xff,0x5c,0x34,0x17,0xff,0x5b,0x35,0x17,0xff,
    0x5b,0x35,0x17,0xff,0x5b,0x35,0x17,0xff,0x5c,0x36,0x18,0xff,0x5c,0x34,0x17,0xff,
    0x59,0x35,0x17,0xff,0x5d,0x35,0x17,0xff,0x5b,0x35,0x17,0xff,0x5b,0x35,0x17,0xff,
    0x5a,0x35,0x17,0xff,0x5c,0x35,0x17,0xff,0x5b,0x34,0x16,0xff,0x5a,0x34,0x17,0xff,
    0x59,0x35,0x17,0xff,0x5a,0x35,0x17,0xff,0x5d,0x35,0x17,0xff,0x59,0x35,0x17,0xff,
    0x5c,0x35,0x17,0xff,0x5b,0x34,0x17,0xff,0x5b,0x35,0x17,0xff,0x5b,0x35,0x17,0xff,
    0x5c,0x35,0x17,0xff,0x5b,0x35,0x17,0xff,0x5c,0x35,0x16,0xff,0x59,0x34,0x16,0xff,
    0x5a,0x34,0x16,0xff,0x5c,0x34,0x17,0xff,0x5b,0x35,0x17,0xff,0x5a,0x34,0x15,0xff,
    0x57,0x34,0x16,0xff,0x5a,0x33,0x16,0xff,0x59,0x34,0x16,0xff,0x5a,0x33,0x16,0xff,
    0x57,0x34,0x15,0xff,0x5b,0x33,0x16,0xff,0x59,0x33,0x16,0xff,0x56,0x32,0x14,0xff,
    0x59,0x32,0x15,0xff,0x59,0x33,0x15,0xff,0x59,0x33,0x15,0xff,0x5a,0x33,0x15,0xff,
    0x59,0x33,0x15,0xff,0x59,0x32,0x14,0xff,0x59,0x32,0x14,0xff,0x56,0x33,0x15,0xff,
    0x5b,0x33,0x16,0xff,0x5a,0x33,0x15,0xff,0x57,0x32,0x14,0xff,0x55,0x32,0x14,0xff,
    0x57,0x32,0x14,0xff,0x56,0x31,0x14,0xff,0x56,0x32,0x14,0xff,0x56,0x32,0x14,0xff,
    0x57,0x31,0x13,0xff,0x58,0x31,0x13,0xff,0x55,0x31,0x13,0xff,0x58,0x2e,0x11,0xff,
    0x5e,0x36,0x17,0xff,0x5b,0x31,0x15,0xff,0x39,0x1c,0x06,0xff,0x51,0x2e,0x10,0xff,
    0x5c,0x3c,0x21,0xff,0xb3,0xa9,0x9f,0xff,0x85,0x84,0x7e,0xff,0x3a,0x39,0x35,0xff,
    0x29,0x29,0x25,0xff,0x32,0x33,0x2e,0xff,0x38,0x39,0x35,0xff,0x3d,0x3f,0x3a,0xff,
    0x47,0x47,0x41,0xff,0x53,0x57,0x4e,0xff,0x47,0x48,0x3f,0xff,0x38,0x3b,0x3a,0xff,
    0xa2,0x99,0x93,0xff,0x4e,0x34,0x1b,0xff,0x44,0x26,0x10,0xff,0x30,0x16,0x03,0xff,
    0x44,0x26,0x10,0xff,0x8f,0x7e,0x70,0xff,0x82,0x67,0x52,0xff,0x00,0x00,0x00,0x00,
    0x00,0x00,0x00,0x00,0x00,0x00,0x00,0x00,0x00,0x00,0x00,0x00,0x00,0x00,0x00,0x00,
    0x00,0x00,0x00,0x00,0x00,0x00,0x00,0x00,0x00,0x00,0x00,0x00,0x00,0x00,0x00,0x00,
    0x00,0x00,0x00,0x00,0x00,0x00,0x00,0x00,0x00,0x00,0x00,0x00,0x00,0x00,0x00,0x00,
    0x00,0x00,0x00,0x00,0x00,0x00,0x00,0x00,0x00,0x00,0x00,0x00,0x00,0x00,0x00,0x00,
    0x00,0x00,0x00,0x00,0x00,0x00,0x00,0x00,0x84,0x69,0x57,0xff,0x8a,0x7a,0x71,0xff,
    0x43,0x28,0x11,0xff,0x49,0x22,0x08,0xff,0x4f,0x2a,0x0b,0xff,0xb3,0x9f,0x90,0xff,
    0x77,0x77,0x77,0xff,0x2e,0x2f,0x2b,0xff,0x62,0x67,0x61,0xff,0x4e,0x53,0x4e,0xff,
    0x44,0x4a,0x43,0xff,0x3b,0x40,0x3a,0xff,0x35,0x37,0x31,0xff,0x31,0x35,0x2d,0xff,
    0x2d,0x2c,0x27,0xff,0x7a,0x7a,0x78,0xff,0xc5,0xbd,0xb3,0xff,0x9b,0x71,0x50,0xff,
    0x6b,0x3d,0x1f,0xff,0x3a,0x1b,0x06,0xff,0x5f,0x37,0x1e,0xff,0x6d,0x44,0x27,0xff,
    0x5c,0x34,0x14,0xff,0x5b,0x37,0x19,0xff,0x5e,0x35,0x18,0xff,0x5d,0x34,0x17,0xff,
    0x5a,0x34,0x17,0xff,0x5c,0x34,0x17,0xff,0x5b,0x35,0x17,0xff,0x5c,0x35,0x17,0xff,
    0x5a,0x35,0x17,0xff,0x5c,0x34,0x17,0xff,0x5a,0x35,0x17,0xff,0x5b,0x35,0x17,0xff,
    0x5b,0x35,0x17,0xff,0x5c,0x35,0x17,0xff,0x59,0x35,0x17,0xff,0x59,0x35,0x17,0xff,
    0x5b,0x34,0x17,0xff,0x5c,0x34,0x17,0xff,0x5d,0x33,0x17,0xff,0x5a,0x34,0x17,0xff,
    0x58,0x35,0x17,0xff,0x5a,0x34,0x17,0xff,0x5c,0x35,0x17,0xff,0x59,0x35,0x17,0xff,
    0x5b,0x35,0x17,0xff,0x5a,0x35,0x17,0xff,0x5b,0x34,0x17,0xff,0x5c,0x34,0x17,0xff,
    0x5b,0x34,0x17,0xff,0x5d,0x35,0x17,0xff,0x5a,0x35,0x17,0xff,0x5a,0x34,0x16,0xff,
    0x5a,0x35,0x17,0xff,0x5b,0x35,0x17,0xff,0x57,0x35,0x17,0xff,0x5a,0x35,0x16,0xff,
    0x5b,0x35,0x17,0xff,0x5c,0x33,0x16,0xff,0x5a,0x33,0x17,0xff,0x58,0x33,0x16,0xff,
    0x57,0x34,0x16,0xff,0x5b,0x33,0x16,0xff,0x59,0x33,0x16,0xff,0x58,0x34,0x15,0xff,
    0x59,0x32,0x16,0xff,0x58,0x32,0x16,0xff,0x59,0x32,0x14,0xff,0x58,0x32,0x14,0xff,
    0x5a,0x33,0x15,0xff,0x58,0x32,0x15,0xff,0x59,0x33,0x15,0xff,0x57,0x33,0x15,0xff,
    0x58,0x33,0x15,0xff,0x56,0x34,0x15,0xff,0x54,0x33,0x14,0xff,0x56,0x32,0x14,0xff,
    0x59,0x32,0x14,0xff,0x58,0x31,0x14,0xff,0x55,0x32,0x14,0xff,0x52,0x33,0x14,0xff,
    0x54,0x31,0x13,0xff,0x56,0x30,0x13,0xff,0x56,0x31,0x13,0xff,0x58,0x2e,0x11,0xff,
    0x5f,0x37,0x17,0xff,0x59,0x31,0x15,0xff,0x3d,0x1b,0x05,0xff,0x4f,0x2d,0x0e,0xff,
    0x59,0x3a,0x1f,0xff,0xb3,0xa7,0x9e,0xff,0x84,0x82,0x7d,0xff,0x3b,0x3a,0x35,0xff,
    0x28,0x2a,0x25,0xff,0x2e,0x34,0x2e,0xff,0x38,0x3a,0x34,0xff,0x3e,0x3f,0x3a,0xff,
    0x48,0x45,0x41,0xff,0x55,0x58,0x4e,0xff,0x48,0x49,0x40,0xff,0x38,0x3d,0x3b,0xff,
    0xa0,0x97,0x91,0xff,0x4e,0x33,0x1b,0xff,0x43,0x26,0x10,0xff,0x34,0x14,0x03,0xff,
    0x44,0x29,0x12,0xff,0x8b,0x7a,0x6c,0xff,0x7d,0x5f,0x49,0xff,0x00,0x00,0x00,0x00,
    0x00,0x00,0x00,0x00,0x00,0x00,0x00,0x00,0x00,0x00,0x00,0x00,0x00,0x00,0x00,0x00,
    0x00,0x00,0x00,0x00,0x00,0x00,0x00,0x00,0x00,0x00,0x00,0x00,0x00,0x00,0x00,0x00,
    0x00,0x00,0x00,0x00,0x00,0x00,0x00,0x00,0x00,0x00,0x00,0x00,0x00,0x00,0x00,0x00,
    0x00,0x00,0x00,0x00,0x00,0x00,0x00,0x00,0x00,0x00,0x00,0x00,0x00,0x00,0x00,0x00,
    0x00,0x00,0x00,0x00,0x00,0x00,0x00,0x00,0x82,0x6a,0x57,0xff,0x86,0x7c,0x71,0xff,
    0x41,0x28,0x10,0xff,0x47,0x23,0x06,0xff,0x4c,0x2a,0x0b,0xff,0xb2,0x9d,0x8e,0xff,
    0x81,0x7b,0x7a,0xff,0x31,0x2e,0x2a,0xff,0x64,0x67,0x62,0xff,0x4f,0x53,0x4e,0xff,
    0x41,0x4a,0x43,0xff,0x39,0x40,0x39,0xff,0x34,0x37,0x31,0xff,0x32,0x35,0x2e,0xff,
    0x2d,0x2d,0x27,0xff,0x78,0x7a,0x78,0xff,0xc1,0xbc,0xb2,0xff,0x9a,0x71,0x50,0xff,
    0x67,0x3e,0x1f,0xff,0x38,0x1b,0x06,0xff,0x5e,0x36,0x1f,0xff,0x6d,0x44,0x28,0xff,
    0x5e,0x34,0x14,0xff,0x5e,0x36,0x19,0xff,0x5d,0x35,0x18,0xff,0x5d,0x35,0x18,0xff,
    0x5a,0x34,0x17,0xff,0x59,0x34,0x17,0xff,0x5c,0x34,0x17,0xff,0x5a,0x35,0x17,0xff,
    0x58,0x36,0x17,0xff,0x5b,0x35,0x17,0xff,0x5a,0x34,0x16,0xff,0x5b,0x35,0x18,0xff,
    0x5c,0x35,0x17,0xff,0x59,0x35,0x17,0xff,0x5d,0x34,0x17,0xff,0x5b,0x35,0x17,0xff,
    0x5a,0x34,0x17,0xff,0x59,0x35,0x17,0xff,0x5b,0x35,0x17,0xff,0x5c,0x35,0x17,0xff,
    0x5c,0x35,0x17,0xff,0x5c,0x35,0x17,0xff,0x5b,0x35,0x17,0xff,0x5c,0x35,0x17,0xff,
    0x59,0x35,0x17,0xff,0x5a,0x35,0x17,0xff,0x5b,0x34,0x17,0xff,0x59,0x35,0x17,0xff,
    0x59,0x35,0x17,0xff,0x5c,0x35,0x17,0xff,0x5a,0x35,0x17,0xff,0x5b,0x35,0x17,0xff,
    0x58,0x34,0x16,0xff,0x5b,0x34,0x17,0xff,0x5b,0x34,0x17,0xff,0x5a,0x34,0x16,0xff,
    0x58,0x35,0x16,0xff,0x58,0x34,0x16,0xff,0x59,0x33,0x16,0xff,0x5b,0x33,0x16,0xff,
    0x5a,0x34,0x16,0xff,0x5a,0x33,0x16,0xff,0x5a,0x33,0x16,0xff,0x58,0x34,0x15,0xff,
    0x56,0x32,0x16,0xff,0x59,0x32,0x15,0xff,0x56,0x33,0x15,0xff,0x55,0x33,0x15,0xff,
    0x57,0x33,0x15,0xff,0x57,0x33,0x15,0xff,0x59,0x33,0x15,0xff,0x59,0x33,0x15,0xff,
    0x56,0x34,0x15,0xff,0x5b,0x33,0x16,0xff,0x59,0x33,0x15,0xff,0x57,0x33,0x15,0xff,
    0x56,0x32,0x14,0xff,0x56,0x32,0x14,0xff,0x58,0x32,0x14,0xff,0x57,0x32,0x14,0xff,
    0x57,0x32,0x14,0xff,0x57,0x31,0x14,0xff,0x57,0x30,0x14,0xff,0x55,0x30,0x13,0xff,
    0x5e,0x37,0x18,0xff,0x57,0x32,0x16,0xff,0x3c,0x1b,0x05,0xff,0x51,0x2c,0x0e,0xff,
    0x5b,0x3a,0x1e,0xff,0xb4,0xa5,0x9c,0xff,0x83,0x80,0x7c,0xff,0x39,0x3b,0x35,0xff,
    0x2a,0x2a,0x26,0xff,0x33,0x34,0x2f,0xff,0x39,0x3b,0x35,0xff,0x3d,0x40,0x3b,0xff,
    0x46,0x47,0x41,0xff,0x56,0x58,0x50,0xff,0x4b,0x4a,0x42,0xff,0x3b,0x3e,0x3b,0xff,
    0x9e,0x96,0x90,0xff,0x51,0x32,0x1c,0xff,0x45,0x27,0x10,0xff,0x36,0x15,0x03,0xff,
    0x48,0x2b,0x15,0xff,0x84,0x74,0x65,0xff,0x7f,0x64,0x4f,0xff,0x00,0x00,0x00,0x00,
    0x00,0x00,0x00,0x00,0x00,0x00,0x00,0x00,0x00,0x00,0x00,0x00,0x00,0x00,0x00,0x00,
    0x00,0x00,0x00,0x00,0x00,0x00,0x00,0x00,0x00,0x00,0x00,0x00,0x00,0x00,0x00,0x00,
    0x00,0x00,0x00,0x00,0x00,0x00,0x00,0x00,0x00,0x00,0x00,0x00,0x00,0x00,0x00,0x00,
    0x00,0x00,0x00,0x00,0x00,0x00,0x00,0x00,0x00,0x00,0x00,0x00,0x00,0x00,0x00,0x00,
    0x00,0x00,0x00,0x00,0x00,0x00,0x00,0x00,0x83,0x6a,0x57,0xff,0x8b,0x7d,0x73,0xff,
    0x42,0x26,0x10,0xff,0x48,0x22,0x05,0xff,0x4f,0x2a,0x0a,0xff,0xad,0x9c,0x8c,0xff,
    0x83,0x7f,0x7e,0xff,0x2f,0x2e,0x29,0xff,0x64,0x68,0x63,0xff,0x52,0x53,0x4d,0xff,
    0x44,0x49,0x43,0xff,0x3b,0x3e,0x39,0xff,0x34,0x37,0x31,0xff,0x32,0x35,0x2f,0xff,
    0x2e,0x2d,0x28,0xff,0x7e,0x7b,0x7a,0xff,0xbf,0xba,0xb0,0xff,0x9c,0x6f,0x4f,0xff,
    0x6a,0x3e,0x1f,0xff,0x3c,0x1a,0x06,0xff,0x5e,0x37,0x21,0xff,0x6e,0x45,0x27,0xff,
    0x5c,0x35,0x14,0xff,0x5f,0x36,0x19,0xff,0x5b,0x35,0x18,0xff,0x5c,0x35,0x16,0xff,
    0x5e,0x34,0x16,0xff,0x5b,0x35,0x17,0xff,0x5d,0x34,0x16,0xff,0x5d,0x34,0x17,0xff,
    0x5c,0x34,0x17,0xff,0x5c,0x34,0x17,0xff,0x5a,0x34,0x16,0xff,0x5a,0x35,0x17,0xff,
    0x5c,0x34,0x16,0xff,0x5b,0x35,0x17,0xff,0x5c,0x35,0x17,0xff,0x5d,0x34,0x17,0xff,
    0x5d,0x34,0x17,0xff,0x5c,0x34,0x17,0xff,0x5b,0x34,0x17,0xff,0x5b,0x34,0x17,0xff,
    0x5a,0x34,0x17,0xff,0x5c,0x35,0x18,0xff,0x5a,0x35,0x17,0xff,0x5d,0x34,0x17,0xff,
    0x5a,0x35,0x17,0xff,0x59,0x35,0x17,0xff,0x5d,0x34,0x17,0xff,0x5b,0x34,0x17,0xff,
    0x5a,0x34,0x17,0xff,0x5a,0x34,0x16,0xff,0x59,0x35,0x17,0xff,0x5b,0x34,0x17,0xff,
    0x5c,0x34,0x16,0xff,0x59,0x34,0x17,0xff,0x5b,0x35,0x17,0xff,0x5b,0x35,0x17,0xff,
    0x5a,0x35,0x17,0xff,0x59,0x35,0x16,0xff,0x5a,0x34,0x16,0xff,0x59,0x34,0x16,0xff,
    0x5a,0x34,0x16,0xff,0x59,0x34,0x16,0xff,0x59,0x33,0x16,0xff,0x5a,0x32,0x15,0xff,
    0x56,0x33,0x15,0xff,0x5a,0x32,0x15,0xff,0x59,0x33,0x15,0xff,0x58,0x33,0x15,0xff,
    0x57,0x32,0x14,0xff,0x56,0x32,0x15,0xff,0x57,0x33,0x15,0xff,0x5b,0x33,0x16,0xff,
    0x58,0x33,0x16,0xff,0x59,0x34,0x16,0xff,0x5a,0x33,0x17,0xff,0x59,0x33,0x17,0xff,
    0x58,0x32,0x14,0xff,0x57,0x33,0x15,0xff,0x56,0x32,0x14,0xff,0x58,0x33,0x15,0xff,
    0x59,0x32,0x14,0xff,0x56,0x32,0x15,0xff,0x5a,0x30,0x15,0xff,0x56,0x30,0x13,0xff,
    0x5b,0x37,0x18,0xff,0x59,0x31,0x16,0xff,0x3d,0x1b,0x05,0xff,0x50,0x2d,0x0e,0xff,
    0x58,0x3a,0x1e,0xff,0xaf,0xa4,0x99,0xff,0x83,0x80,0x79,0xff,0x3c,0x3b,0x36,0xff,
    0x28,0x2b,0x27,0xff,0x33,0x34,0x2f,0xff,0x3a,0x3b,0x36,0xff,0x3f,0x41,0x3b,0xff,
    0x46,0x48,0x40,0xff,0x57,0x59,0x53,0xff,0x49,0x4b,0x42,0xff,0x41,0x40,0x3d,0xff,
    0x9e,0x96,0x90,0xff,0x50,0x33,0x1c,0xff,0x48,0x26,0x10,0xff,0x35,0x16,0x03,0xff,
    0x49,0x2b,0x15,0xff,0x87,0x75,0x65,0xff,0x8e,0x77,0x65,0xff,0x00,0x00,0x00,0x00,
    0x00,0x00,0x00,0x00,0x00,0x00,0x00,0x00,0x00,0x00,0x00,0x00,0x00,0x00,0x00,0x00,
    0x00,0x00,0x00,0x00,0x00,0x00,0x00,0x00,0x00,0x00,0x00,0x00,0x00,0x00,0x00,0x00,
    0x00,0x00,0x00,0x00,0x00,0x00,0x00,0x00,0x00,0x00,0x00,0x00,0x00,0x00,0x00,0x00,
    0x00,0x00,0x00,0x00,0x00,0x00,0x00,0x00,0x00,0x00,0x00,0x00,0x00,0x00,0x00,0x00,
    0x00,0x00,0x00,0x00,0x00,0x00,0x00,0x00,0x82,0x6a,0x57,0xff,0x88,0x7c,0x72,0xff,
    0x46,0x27,0x11,0xff,0x44,0x21,0x04,0xff,0x4e,0x28,0x0b,0xff,0xaa,0x98,0x88,0xff,
    0x88,0x85,0x84,0xff,0x30,0x2e,0x2a,0xff,0x65,0x6a,0x64,0xff,0x50,0x53,0x4e,0xff,
    0x45,0x4a,0x43,0xff,0x3b,0x40,0x3a,0xff,0x31,0x38,0x31,0xff,0x35,0x35,0x30,0xff,
    0x2c,0x2c,0x28,0xff,0x7f,0x80,0x7d,0xff,0xc4,0xb9,0xae,0xff,0x9a,0x6e,0x4e,0xff,
    0x68,0x3e,0x1f,0xff,0x3d,0x19,0x07,0xff,0x5c,0x38,0x20,0xff,0x6f,0x45,0x27,0xff,
    0x5d,0x34,0x14,0xff,0x60,0x36,0x18,0xff,0x5c,0x35,0x15,0xff,0x5b,0x34,0x16,0xff,
    0x5b,0x34,0x16,0xff,0x5d,0x35,0x16,0xff,0x5c,0x34,0x16,0xff,0x5c,0x34,0x17,0xff,
    0x5d,0x34,0x17,0xff,0x59,0x34,0x17,0xff,0x5c,0x34,0x17,0xff,0x5c,0x34,0x17,0xff,
    0x58,0x35,0x16,0xff,0x5b,0x35,0x15,0xff,0x5b,0x35,0x17,0xff,0x5c,0x34,0x17,0xff,
    0x5b,0x35,0x16,0xff,0x5a,0x35,0x16,0xff,0x5a,0x34,0x16,0xff,0x5b,0x34,0x17,0xff,
    0x5c,0x34,0x17,0xff,0x5c,0x35,0x18,0xff,0x5c,0x35,0x18,0xff,0x5b,0x35,0x18,0xff,
    0x5c,0x35,0x17,0xff,0x5c,0x34,0x17,0xff,0x5c,0x34,0x17,0xff,0x5b,0x35,0x17,0xff,
    0x5a,0x34,0x17,0xff,0x58,0x34,0x17,0xff,0x5c,0x34,0x17,0xff,0x59,0x34,0x17,0xff,
    0x5a,0x34,0x17,0xff,0x5a,0x34,0x17,0xff,0x5d,0x34,0x17,0xff,0x5b,0x34,0x17,0xff,
    0x5a,0x35,0x17,0xff,0x58,0x34,0x16,0xff,0x5a,0x34,0x16,0xff,0x59,0x34,0x16,0xff,
    0x5b,0x33,0x16,0xff,0x5a,0x34,0x16,0xff,0x57,0x33,0x15,0xff,0x58,0x33,0x15,0xff,
    0x5a,0x33,0x15,0xff,0x5a,0x33,0x16,0xff,0x59,0x32,0x16,0xff,0x57,0x32,0x15,0xff,
    0x55,0x33,0x16,0xff,0x57,0x32,0x15,0xff,0x58,0x33,0x15,0xff,0x55,0x34,0x15,0xff,
    0x59,0x33,0x15,0xff,0x58,0x33,0x16,0xff,0x5b,0x33,0x16,0xff,0x59,0x34,0x16,0xff,
    0x57,0x33,0x14,0xff,0x56,0x33,0x14,0xff,0x56,0x32,0x14,0xff,0x59,0x32,0x15,0xff,
    0x59,0x33,0x15,0xff,0x57,0x31,0x14,0xff,0x56,0x32,0x15,0xff,0x58,0x30,0x14,0xff,
    0x5d,0x36,0x17,0xff,0x57,0x31,0x16,0xff,0x3c,0x1a,0x05,0xff,0x52,0x2d,0x10,0xff,
    0x5a,0x39,0x1e,0xff,0xb0,0xa2,0x97,0xff,0x81,0x80,0x79,0xff,0x3c,0x3b,0x36,0xff,
    0x29,0x2b,0x26,0xff,0x35,0x34,0x30,0xff,0x3a,0x3b,0x36,0xff,0x3f,0x41,0x3b,0xff,
    0x45,0x49,0x42,0xff,0x59,0x5a,0x55,0xff,0x4b,0x4b,0x43,0xff,0x44,0x41,0x41,0xff,
    0x9e,0x98,0x90,0xff,0x51,0x34,0x1b,0xff,0x49,0x26,0x11,0xff,0x35,0x17,0x03,0xff,
    0x4b,0x2a,0x14,0xff,0x88,0x74,0x64,0xff,0x8b,0x73,0x60,0xff,0x00,0x00,0x00,0x00,
    0x00,0x00,0x00,0x00,0x00,0x00,0x00,0x00,0x00,0x00,0x00,0x00,0x00,0x00,0x00,0x00,
    0x00,0x00,0x00,0x00,0x00,0x00,0x00,0x00,0x00,0x00,0x00,0x00,0x00,0x00,0x00,0x00,
    0x00,0x00,0x00,0x00,0x00,0x00,0x00,0x00,0x00,0x00,0x00,0x00,0x00,0x00,0x00,0x00,
    0x00,0x00,0x00,0x00,0x00,0x00,0x00,0x00,0x00,0x00,0x00,0x00,0x00,0x00,0x00,0x00,
    0x00,0x00,0x00,0x00,0x00,0x00,0x00,0x00,0x83,0x6c,0x58,0xff,0x88,0x7d,0x72,0xff,
    0x45,0x27,0x10,0xff,0x41,0x20,0x05,0xff,0x4d,0x28,0x08,0xff,0xa9,0x93,0x85,0xff,
    0x8e,0x87,0x87,0xff,0x2d,0x2e,0x29,0xff,0x65,0x6a,0x65,0xff,0x4f,0x54,0x4f,0xff,
    0x49,0x49,0x43,0xff,0x3e,0x40,0x3a,0xff,0x33,0x38,0x32,0xff,0x34,0x35,0x30,0xff,
    0x2e,0x2d,0x29,0xff,0x80,0x82,0x80,0xff,0xc2,0xb8,0xac,0xff,0x9c,0x71,0x50,0xff,
    0x6b,0x3f,0x1f,0xff,0x3f,0x1a,0x05,0xff,0x5e,0x38,0x1f,0xff,0x71,0x46,0x27,0xff,
    0x5b,0x35,0x15,0xff,0x5d,0x36,0x18,0xff,0x5d,0x34,0x15,0xff,0x5e,0x34,0x17,0xff,
    0x5b,0x34,0x17,0xff,0x5c,0x34,0x16,0xff,0x5b,0x34,0x16,0xff,0x5c,0x33,0x16,0xff,
    0x5e,0x33,0x16,0xff,0x5a,0x33,0x16,0xff,0x5b,0x34,0x16,0xff,0x5d,0x33,0x16,0xff,
    0x5a,0x34,0x16,0xff,0x59,0x35,0x15,0xff,0x58,0x36,0x14,0xff,0x5b,0x35,0x16,0xff,
    0x5c,0x35,0x15,0xff,0x5c,0x34,0x16,0xff,0x5a,0x34,0x16,0xff,0x59,0x34,0x17,0xff,
    0x59,0x35,0x17,0xff,0x5b,0x36,0x17,0xff,0x5f,0x35,0x18,0xff,0x5d,0x35,0x18,0xff,
    0x5b,0x35,0x17,0xff,0x5b,0x34,0x17,0xff,0x5a,0x35,0x17,0xff,0x5d,0x33,0x16,0xff,
    0x5d,0x34,0x17,0xff,0x5b,0x35,0x17,0xff,0x5d,0x35,0x17,0xff,0x5c,0x34,0x17,0xff,
    0x5a,0x35,0x16,0xff,0x59,0x35,0x17,0xff,0x5a,0x35,0x16,0xff,0x5b,0x35,0x17,0xff,
    0x5d,0x35,0x17,0xff,0x5b,0x34,0x17,0xff,0x5a,0x35,0x17,0xff,0x58,0x35,0x17,0xff,
    0x5a,0x35,0x16,0xff,0x5b,0x34,0x16,0xff,0x5b,0x33,0x16,0xff,0x59,0x33,0x15,0xff,
    0x59,0x32,0x15,0xff,0x59,0x33,0x15,0xff,0x5a,0x32,0x15,0xff,0x5a,0x31,0x14,0xff,
    0x57,0x33,0x15,0xff,0x58,0x32,0x14,0xff,0x5a,0x32,0x15,0xff,0x56,0x33,0x15,0xff,
    0x57,0x34,0x16,0xff,0x55,0x34,0x15,0xff,0x58,0x33,0x16,0xff,0x5a,0x32,0x17,0xff,
    0x59,0x33,0x15,0xff,0x57,0x33,0x15,0xff,0x55,0x33,0x15,0xff,0x56,0x33,0x15,0xff,
    0x57,0x32,0x14,0xff,0x5a,0x31,0x14,0xff,0x58,0x31,0x15,0xff,0x57,0x30,0x14,0xff,
    0x5e,0x36,0x18,0xff,0x59,0x31,0x16,0xff,0x41,0x1a,0x05,0xff,0x55,0x2d,0x10,0xff,
    0x5c,0x3a,0x1f,0xff,0xad,0x9f,0x96,0xff,0x82,0x7f,0x78,0xff,0x3b,0x3c,0x36,0xff,
    0x27,0x2b,0x26,0xff,0x33,0x35,0x31,0xff,0x3b,0x3c,0x37,0xff,0x42,0x42,0x3c,0xff,
    0x49,0x49,0x43,0xff,0x5a,0x5b,0x55,0xff,0x47,0x4b,0x43,0xff,0x44,0x44,0x43,0xff,
    0x9e,0x96,0x8f,0xff,0x50,0x32,0x1b,0xff,0x47,0x27,0x10,0xff,0x32,0x18,0x02,0xff,
    0x4a,0x2b,0x15,0xff,0x8a,0x76,0x67,0xff,0x89,0x70,0x5e,0xff,0x00,0x00,0x00,0x00,
    0x00,0x00,0x00,0x00,0x00,0x00,0x00,0x00,0x00,0x00,0x00,0x00,0x00,0x00,0x00,0x00,
    0x00,0x00,0x00,0x00,0x00,0x00,0x00,0x00,0x00,0x00,0x00,0x00,0x00,0x00,0x00,0x00,
    0x00,0x00,0x00,0x00,0x00,0x00,0x00,0x00,0x00,0x00,0x00,0x00,0x00,0x00,0x00,0x00,
    0x00,0x00,0x00,0x00,0x00,0x00,0x00,0x00,0x00,0x00,0x00,0x00,0x00,0x00,0x00,0x00,
    0x00,0x00,0x00,0x00,0x00,0x00,0x00,0x00,0x84,0x6b,0x57,0xff,0x8c,0x7f,0x74,0xff,
    0x46,0x27,0x10,0xff,0x3f,0x1e,0x07,0xff,0x4a,0x29,0x07,0xff,0xa5,0x92,0x80,0xff,
    0x8e,0x8a,0x89,0xff,0x2d,0x2b,0x28,0xff,0x66,0x6a,0x65,0xff,0x4e,0x55,0x4f,0xff,
    0x44,0x49,0x43,0xff,0x3c,0x40,0x39,0xff,0x36,0x39,0x33,0xff,0x32,0x36,0x30,0xff,
    0x2e,0x2d,0x28,0xff,0x85,0x82,0x81,0xff,0xc3,0xb6,0xaa,0xff,0x9f,0x74,0x53,0xff,
    0x68,0x3f,0x1f,0xff,0x3c,0x1b,0x04,0xff,0x5e,0x38,0x1f,0xff,0x70,0x46,0x28,0xff,
    0x5e,0x33,0x14,0xff,0x5e,0x36,0x18,0xff,0x5b,0x35,0x15,0xff,0x5b,0x35,0x15,0xff,
    0x5c,0x34,0x15,0xff,0x5d,0x34,0x14,0xff,0x5a,0x34,0x16,0xff,0x58,0x34,0x16,0xff,
    0x59,0x34,0x16,0xff,0x5b,0x34,0x16,0xff,0x5b,0x34,0x16,0xff,0x5b,0x35,0x17,0xff,
    0x5c,0x35,0x17,0xff,0x5b,0x34,0x15,0xff,0x5b,0x34,0x16,0xff,0x5b,0x35,0x17,0xff,
    0x5a,0x35,0x16,0xff,0x5a,0x36,0x16,0xff,0x5a,0x35,0x17,0xff,0x5b,0x35,0x17,0xff,
    0x5b,0x34,0x17,0xff,0x5a,0x35,0x17,0xff,0x59,0x34,0x17,0xff,0x5b,0x34,0x16,0xff,
    0x5d,0x34,0x17,0xff,0x5c,0x34,0x17,0xff,0x57,0x35,0x17,0xff,0x59,0x34,0x17,0xff,
    0x59,0x34,0x17,0xff,0x5b,0x34,0x17,0xff,0x59,0x35,0x17,0xff,0x5a,0x34,0x17,0xff,
    0x5c,0x35,0x17,0xff,0x5b,0x34,0x16,0xff,0x5b,0x34,0x17,0xff,0x5b,0x36,0x17,0xff,
    0x5a,0x35,0x17,0xff,0x5a,0x35,0x17,0xff,0x5a,0x34,0x17,0xff,0x5b,0x33,0x16,0xff,
    0x5a,0x34,0x17,0xff,0x59,0x34,0x16,0xff,0x58,0x34,0x16,0xff,0x59,0x33,0x15,0xff,
    0x5a,0x33,0x15,0xff,0x57,0x33,0x15,0xff,0x54,0x33,0x15,0xff,0x57,0x32,0x15,0xff,
    0x59,0x33,0x16,0xff,0x57,0x33,0x15,0xff,0x56,0x33,0x15,0xff,0x58,0x33,0x15,0xff,
    0x58,0x34,0x15,0xff,0x58,0x33,0x15,0xff,0x57,0x33,0x16,0xff,0x57,0x33,0x17,0xff,
    0x57,0x33,0x16,0xff,0x56,0x33,0x15,0xff,0x58,0x33,0x15,0xff,0x56,0x32,0x14,0xff,
    0x54,0x32,0x13,0xff,0x55,0x31,0x14,0xff,0x57,0x31,0x14,0xff,0x58,0x30,0x14,0xff,
    0x5d,0x37,0x18,0xff,0x54,0x33,0x16,0xff,0x3c,0x1d,0x06,0xff,0x54,0x2f,0x10,0xff,
    0x5e,0x3b,0x1f,0xff,0xa9,0x9e,0x93,0xff,0x84,0x80,0x7a,0xff,0x3c,0x3c,0x36,0xff,
    0x29,0x2a,0x26,0xff,0x35,0x36,0x31,0xff,0x3a,0x3c,0x37,0xff,0x3e,0x43,0x3c,0xff,
    0x47,0x49,0x43,0xff,0x58,0x5b,0x55,0xff,0x4a,0x49,0x41,0xff,0x46,0x44,0x42,0xff,
    0x9d,0x95,0x8d,0xff,0x4f,0x32,0x19,0xff,0x49,0x25,0x10,0xff,0x3a,0x17,0x03,0xff,
    0x49,0x27,0x0f,0xff,0x87,0x74,0x62,0xff,0x84,0x6d,0x5a,0xff,0x00,0x00,0x00,0x00,
    0x00,0x00,0x00,0x00,0x00,0x00,0x00,0x00,0x00,0x00,0x00,0x00,0x00,0x00,0x00,0x00,
    0x00,0x00,0x00,0x00,0x00,0x00,0x00,0x00,0x00,0x00,0x00,0x00,0x00,0x00,0x00,0x00,
    0x00,0x00,0x00,0x00,0x00,0x00,0x00,0x00,0x00,0x00,0x00,0x00,0x00,0x00,0x00,0x00,
    0x00,0x00,0x00,0x00,0x00,0x00,0x00,0x00,0x00,0x00,0x00,0x00,0x00,0x00,0x00,0x00,
    0x00,0x00,0x00,0x00,0x00,0x00,0x00,0x00,0x88,0x74,0x63,0xff,0x7f,0x70,0x64,0xff,
    0x4b,0x2e,0x14,0xff,0x3c,0x1e,0x04,0xff,0x4b,0x27,0x08,0xff,0xa6,0x8e,0x7b,0xff,
    0x90,0x8e,0x8c,0xff,0x2c,0x29,0x27,0xff,0x67,0x6a,0x64,0xff,0x4f,0x53,0x4d,0xff,
    0x43,0x49,0x43,0xff,0x3c,0x40,0x3a,0xff,0x37,0x39,0x32,0xff,0x30,0x36,0x31,0xff,
    0x2d,0x2d,0x28,0xff,0x87,0x85,0x83,0xff,0xbf,0xb2,0xa6,0xff,0x9e,0x73,0x52,0xff,
    0x68,0x3d,0x1d,0xff,0x3f,0x1a,0x05,0xff,0x60,0x39,0x1d,0xff,0x71,0x48,0x27,0xff,
    0x5d,0x33,0x13,0xff,0x5f,0x35,0x18,0xff,0x5c,0x35,0x15,0xff,0x5b,0x34,0x14,0xff,
    0x5c,0x34,0x15,0xff,0x5c,0x34,0x15,0xff,0x5b,0x34,0x16,0xff,0x5a,0x34,0x16,0xff,
    0x5a,0x34,0x17,0xff,0x5d,0x34,0x16,0xff,0x5a,0x34,0x16,0xff,0x59,0x34,0x16,0xff,
    0x5d,0x34,0x17,0xff,0x5a,0x34,0x16,0xff,0x5a,0x35,0x17,0xff,0x5b,0x35,0x17,0xff,
    0x5b,0x35,0x17,0xff,0x5b,0x36,0x18,0xff,0x5b,0x35,0x17,0xff,0x5b,0x35,0x17,0xff,
    0x5b,0x35,0x17,0xff,0x5a,0x34,0x16,0xff,0x5a,0x34,0x16,0xff,0x5b,0x34,0x17,0xff,
    0x5c,0x34,0x17,0xff,0x5b,0x35,0x17,0xff,0x5b,0x35,0x17,0xff,0x59,0x35,0x17,0xff,
    0x59,0x34,0x17,0xff,0x5c,0x35,0x17,0xff,0x56,0x35,0x16,0xff,0x5b,0x34,0x17,0xff,
    0x5c,0x34,0x17,0xff,0x5a,0x35,0x17,0xff,0x5c,0x35,0x17,0xff,0x5b,0x35,0x17,0xff,
    0x5b,0x35,0x17,0xff,0x5b,0x35,0x17,0xff,0x5a,0x34,0x16,0xff,0x5a,0x35,0x17,0xff,
    0x5b,0x34,0x16,0xff,0x5a,0x34,0x16,0xff,0x5a,0x34,0x16,0xff,0x59,0x33,0x15,0xff,
    0x59,0x33,0x15,0xff,0x59,0x33,0x15,0xff,0x57,0x33,0x15,0xff,0x56,0x33,0x15,0xff,
    0x5b,0x33,0x15,0xff,0x58,0x33,0x15,0xff,0x56,0x33,0x15,0xff,0x5a,0x33,0x15,0xff,
    0x56,0x34,0x15,0xff,0x58,0x33,0x15,0xff,0x58,0x33,0x15,0xff,0x57,0x33,0x15,0xff,
    0x57,0x33,0x15,0xff,0x57,0x33,0x15,0xff,0x57,0x32,0x15,0xff,0x56,0x32,0x14,0xff,
    0x55,0x31,0x13,0xff,0x55,0x31,0x13,0xff,0x58,0x31,0x14,0xff,0x57,0x30,0x14,0xff,
    0x5d,0x36,0x18,0xff,0x56,0x33,0x15,0xff,0x3d,0x1d,0x06,0xff,0x55,0x30,0x11,0xff,
    0x5e,0x3b,0x1f,0xff,0xab,0x9e,0x92,0xff,0x87,0x81,0x7c,0xff,0x3d,0x3c,0x37,0xff,
    0x27,0x2a,0x26,0xff,0x35,0x35,0x31,0xff,0x3b,0x3d,0x37,0xff,0x40,0x42,0x3c,0xff,
    0x49,0x49,0x44,0xff,0x59,0x5a,0x55,0xff,0x44,0x47,0x3e,0xff,0x47,0x47,0x45,0xff,
    0x9c,0x92,0x88,0xff,0x4f,0x31,0x18,0xff,0x46,0x25,0x0e,0xff,0x40,0x1b,0x08,0xff,
    0x39,0x19,0x02,0xff,0x63,0x50,0x3e,0xff,0x84,0x6b,0x58,0xff,0x00,0x00,0x00,0x00,
    0x00,0x00,0x00,0x00,0x00,0x00,0x00,0x00,0x00,0x00,0x00,0x00,0x00,0x00,0x00,0x00,
    0x00,0x00,0x00,0x00,0x00,0x00,0x00,0x00,0x00,0x00,0x00,0x00,0x00,0x00,0x00,0x00,
    0x00,0x00,0x00,0x00,0x00,0x00,0x00,0x00,0x00,0x00,0x00,0x00,0x00,0x00,0x00,0x00,
    0x00,0x00,0x00,0x00,0x00,0x00,0x00,0x00,0x00,0x00,0x00,0x00,0x00,0x00,0x00,0x00,
    0x00,0x00,0x00,0x00,0x00,0x00,0x00,0x00,0x8c,0x80,0x74,0xff,0x70,0x5e,0x51,0xff,
    0x55,0x31,0x1b,0xff,0x3c,0x1c,0x05,0xff,0x4c,0x27,0x08,0xff,0xa5,0x8a,0x77,0xff,
    0x96,0x91,0x8f,0xff,0x2b,0x2a,0x27,0xff,0x66,0x69,0x64,0xff,0x4d,0x53,0x4c,0xff,
    0x46,0x48,0x42,0xff,0x3a,0x41,0x3a,0xff,0x35,0x38,0x32,0xff,0x32,0x36,0x31,0xff,
    0x2b,0x2d,0x28,0xff,0x89,0x89,0x85,0xff,0xbd,0xaf,0xa0,0xff,0x9b,0x71,0x4d,0xff,
    0x68,0x3b,0x1e,0xff,0x40,0x1a,0x04,0xff,0x63,0x3a,0x1e,0xff,0x76,0x47,0x28,0xff,
    0x5f,0x33,0x13,0xff,0x5d,0x35,0x16,0xff,0x60,0x34,0x14,0xff,0x5d,0x35,0x15,0xff,
    0x5d,0x33,0x16,0xff,0x5b,0x35,0x16,0xff,0x5a,0x34,0x15,0xff,0x5b,0x34,0x16,0xff,
    0x5b,0x34,0x16,0xff,0x59,0x34,0x16,0xff,0x5a,0x34,0x16,0xff,0x58,0x34,0x16,0xff,
    0x5a,0x35,0x17,0xff,0x5b,0x34,0x16,0xff,0x5b,0x35,0x17,0xff,0x5b,0x35,0x17,0xff,
    0x5e,0x35,0x18,0xff,0x5b,0x36,0x18,0xff,0x5c,0x35,0x17,0xff,0x5e,0x35,0x17,0xff,
    0x5a,0x35,0x17,0xff,0x5e,0x34,0x17,0xff,0x5e,0x35,0x18,0xff,0x5d,0x34,0x17,0xff,
    0x5a,0x35,0x17,0xff,0x5b,0x35,0x17,0xff,0x5b,0x35,0x17,0xff,0x5c,0x34,0x17,0xff,
    0x5a,0x35,0x17,0xff,0x5c,0x35,0x17,0xff,0x5a,0x35,0x17,0xff,0x5a,0x35,0x17,0xff,
    0x5c,0x36,0x18,0xff,0x5c,0x35,0x17,0xff,0x5a,0x36,0x18,0xff,0x5c,0x34,0x17,0xff,
    0x5d,0x35,0x17,0xff,0x5a,0x35,0x17,0xff,0x5d,0x33,0x18,0xff,0x5b,0x34,0x16,0xff,
    0x5a,0x34,0x16,0xff,0x5c,0x34,0x17,0xff,0x5a,0x34,0x16,0xff,0x59,0x34,0x16,0xff,
    0x58,0x34,0x16,0xff,0x59,0x34,0x16,0xff,0x5a,0x32,0x15,0xff,0x59,0x33,0x16,0xff,
    0x59,0x33,0x15,0xff,0x59,0x34,0x16,0xff,0x57,0x34,0x16,0xff,0x58,0x33,0x15,0xff,
    0x58,0x33,0x15,0xff,0x5a,0x34,0x16,0xff,0x58,0x33,0x15,0xff,0x5a,0x32,0x15,0xff,
    0x57,0x33,0x15,0xff,0x57,0x32,0x15,0xff,0x58,0x31,0x14,0xff,0x53,0x31,0x13,0xff,
    0x57,0x30,0x13,0xff,0x56,0x31,0x13,0xff,0x57,0x31,0x13,0xff,0x54,0x30,0x13,0xff,
    0x5d,0x36,0x18,0xff,0x56,0x33,0x16,0xff,0x42,0x1c,0x06,0xff,0x58,0x30,0x12,0xff,
    0x60,0x3a,0x1f,0xff,0xaf,0x9d,0x93,0xff,0x87,0x84,0x7e,0xff,0x3d,0x3d,0x38,0xff,
    0x2a,0x2a,0x26,0xff,0x33,0x37,0x31,0xff,0x3d,0x3d,0x37,0xff,0x44,0x43,0x3c,0xff,
    0x49,0x49,0x43,0xff,0x5d,0x5a,0x55,0xff,0x41,0x44,0x3b,0xff,0x4b,0x4b,0x4a,0xff,
    0x9b,0x8e,0x86,0xff,0x4f,0x30,0x17,0xff,0x45,0x25,0x0d,0xff,0x3d,0x1a,0x06,0xff,
    0x3c,0x1c,0x05,0xff,0x64,0x4d,0x3c,0xff,0x83,0x69,0x56,0xff,0x00,0x00,0x00,0x00,
    0x00,0x00,0x00,0x00,0x00,0x00,0x00,0x00,0x00,0x00,0x00,0x00,0x00,0x00,0x00,0x00,
    0x00,0x00,0x00,0x00,0x00,0x00,0x00,0x00,0x00,0x00,0x00,0x00,0x00,0x00,0x00,0x00,
    0x00,0x00,0x00,0x00,0x00,0x00,0x00,0x00,0x00,0x00,0x00,0x00,0x00,0x00,0x00,0x00,
    0x00,0x00,0x00,0x00,0x00,0x00,0x00,0x00,0x00,0x00,0x00,0x00,0x00,0x00,0x00,0x00,
    0x00,0x00,0x00,0x00,0x00,0x00,0x00,0x00,0x7a,0x6c,0x61,0xff,0x68,0x5a,0x4c,0xff,
    0x52,0x34,0x1b,0xff,0x3e,0x1d,0x04,0xff,0x49,0x27,0x09,0xff,0x9c,0x88,0x73,0xff,
    0x96,0x94,0x91,0xff,0x2c,0x2a,0x28,0xff,0x67,0x68,0x64,0xff,0x4d,0x52,0x4c,0xff,
    0x43,0x49,0x42,0xff,0x3d,0x3f,0x3a,0xff,0x36,0x38,0x33,0xff,0x36,0x35,0x31,0xff,
    0x2e,0x2d,0x29,0xff,0x8b,0x8c,0x89,0xff,0xbb,0xad,0x9c,0xff,0x98,0x70,0x4a,0xff,
    0x65,0x3c,0x1e,0xff,0x3e,0x18,0x04,0xff,0x60,0x3a,0x1f,0xff,0x71,0x48,0x28,0xff,
    0x60,0x34,0x13,0xff,0x5f,0x35,0x15,0xff,0x5d,0x34,0x14,0xff,0x5d,0x34,0x14,0xff,
    0x5f,0x33,0x14,0xff,0x5f,0x34,0x14,0xff,0x5c,0x34,0x16,0xff,0x5a,0x35,0x17,0xff,
    0x5b,0x34,0x17,0xff,0x5b,0x34,0x16,0xff,0x5d,0x34,0x17,0xff,0x5c,0x33,0x16,0xff,
    0x5c,0x34,0x17,0xff,0x5a,0x35,0x17,0xff,0x5a,0x34,0x17,0xff,0x59,0x35,0x17,0xff,
    0x5e,0x35,0x18,0xff,0x5b,0x36,0x18,0xff,0x59,0x36,0x18,0xff,0x5c,0x36,0x17,0xff,
    0x5c,0x35,0x17,0xff,0x5c,0x36,0x18,0xff,0x5d,0x35,0x18,0xff,0x5d,0x35,0x18,0xff,
    0x5d,0x34,0x17,0xff,0x5e,0x34,0x17,0xff,0x5b,0x35,0x17,0xff,0x5b,0x35,0x17,0xff,
    0x5d,0x35,0x17,0xff,0x5d,0x35,0x18,0xff,0x5d,0x35,0x18,0xff,0x5e,0x35,0x18,0xff,
    0x5d,0x35,0x18,0xff,0x5b,0x35,0x17,0xff,0x59,0x35,0x17,0xff,0x5b,0x35,0x17,0xff,
    0x5d,0x34,0x17,0xff,0x58,0x35,0x17,0xff,0x59,0x35,0x18,0xff,0x5c,0x34,0x17,0xff,
    0x59,0x35,0x17,0xff,0x59,0x35,0x17,0xff,0x59,0x35,0x17,0xff,0x5a,0x34,0x16,0xff,
    0x5b,0x33,0x16,0xff,0x5a,0x33,0x16,0xff,0x58,0x33,0x16,0xff,0x59,0x33,0x16,0xff,
    0x5a,0x33,0x16,0xff,0x5a,0x33,0x16,0xff,0x5b,0x33,0x16,0xff,0x5b,0x33,0x16,0xff,
    0x59,0x33,0x15,0xff,0x59,0x34,0x16,0xff,0x58,0x33,0x15,0xff,0x5b,0x32,0x15,0xff,
    0x56,0x32,0x15,0xff,0x53,0x33,0x14,0xff,0x56,0x32,0x14,0xff,0x56,0x31,0x13,0xff,
    0x53,0x31,0x13,0xff,0x54,0x31,0x14,0xff,0x56,0x30,0x14,0xff,0x57,0x30,0x13,0xff,
    0x5d,0x36,0x17,0xff,0x55,0x33,0x17,0xff,0x3e,0x1d,0x07,0xff,0x55,0x31,0x12,0xff,
    0x59,0x3b,0x1c,0xff,0xb1,0x9e,0x94,0xff,0x90,0x87,0x81,0xff,0x3f,0x3e,0x3a,0xff,
    0x2a,0x2a,0x26,0xff,0x34,0x37,0x31,0xff,0x3b,0x3d,0x37,0xff,0x43,0x42,0x3d,0xff,
    0x46,0x4a,0x44,0xff,0x58,0x5c,0x56,0xff,0x42,0x41,0x39,0xff,0x4f,0x4f,0x4f,0xff,
    0x95,0x8b,0x84,0xff,0x4e,0x31,0x18,0xff,0x48,0x24,0x0e,0xff,0x3a,0x16,0x04,0xff,
    0x48,0x29,0x15,0xff,0x7d,0x6e,0x5d,0xff,0x7f,0x67,0x54,0xff,0x00,0x00,0x00,0x00,
    0x00,0x00,0x00,0x00,0x00,0x00,0x00,0x00,0x00,0x00,0x00,0x00,0x00,0x00,0x00,0x00,
    0x00,0x00,0x00,0x00,0x00,0x00,0x00,0x00,0x00,0x00,0x00,0x00,0x00,0x00,0x00,0x00,
    0x00,0x00,0x00,0x00,0x00,0x00,0x00,0x00,0x00,0x00,0x00,0x00,0x00,0x00,0x00,0x00,
    0x00,0x00,0x00,0x00,0x00,0x00,0x00,0x00,0x00,0x00,0x00,0x00,0x00,0x00,0x00,0x00,
    0x00,0x00,0x00,0x00,0x00,0x00,0x00,0x00,0x73,0x66,0x5a,0xff,0x68,0x57,0x48,0xff,
    0x51,0x34,0x1b,0xff,0x3f,0x1d,0x05,0xff,0x4c,0x28,0x0b,0xff,0x9a,0x85,0x70,0xff,
    0x97,0x93,0x91,0xff,0x29,0x2a,0x28,0xff,0x62,0x68,0x63,0xff,0x4f,0x51,0x4c,0xff,
    0x43,0x48,0x42,0xff,0x3b,0x40,0x3a,0xff,0x34,0x39,0x32,0xff,0x33,0x36,0x31,0xff,
    0x2e,0x2f,0x2c,0xff,0x90,0x90,0x8d,0xff,0xba,0xa8,0x98,0xff,0x9a,0x6e,0x4a,0xff,
    0x66,0x3b,0x1e,0xff,0x3c,0x17,0x03,0xff,0x63,0x39,0x1e,0xff,0x75,0x49,0x28,0xff,
    0x5e,0x35,0x14,0xff,0x61,0x36,0x16,0xff,0x5f,0x36,0x16,0xff,0x5f,0x35,0x16,0xff,
    0x5c,0x34,0x15,0xff,0x5c,0x35,0x15,0xff,0x5d,0x35,0x16,0xff,0x5d,0x34,0x18,0xff,
    0x5a,0x35,0x17,0xff,0x5b,0x34,0x17,0xff,0x5c,0x35,0x18,0xff,0x59,0x35,0x17,0xff,
    0x5c,0x35,0x18,0xff,0x5a,0x35,0x17,0xff,0x5b,0x35,0x17,0xff,0x5b,0x36,0x18,0xff,
    0x5b,0x36,0x18,0xff,0x5c,0x36,0x18,0xff,0x5d,0x35,0x18,0xff,0x5a,0x36,0x18,0xff,
    0x5c,0x35,0x18,0xff,0x5e,0x35,0x18,0xff,0x5e,0x34,0x17,0xff,0x5a,0x35,0x17,0xff,
    0x5b,0x36,0x18,0xff,0x59,0x35,0x17,0xff,0x5c,0x34,0x17,0xff,0x5a,0x35,0x18,0xff,
    0x5d,0x35,0x18,0xff,0x5c,0x35,0x18,0xff,0x58,0x36,0x18,0xff,0x5b,0x35,0x18,0xff,
    0x5d,0x35,0x18,0xff,0x5b,0x35,0x17,0xff,0x5b,0x35,0x17,0xff,0x5a,0x35,0x17,0xff,
    0x5b,0x34,0x17,0xff,0x5c,0x35,0x17,0xff,0x5a,0x34,0x17,0xff,0x59,0x35,0x17,0xff,
    0x5d,0x35,0x17,0xff,0x5c,0x35,0x18,0xff,0x5b,0x34,0x17,0xff,0x59,0x34,0x17,0xff,
    0x59,0x34,0x16,0xff,0x5a,0x34,0x16,0xff,0x5a,0x33,0x16,0xff,0x58,0x33,0x16,0xff,
    0x5a,0x34,0x16,0xff,0x58,0x33,0x17,0xff,0x58,0x34,0x16,0xff,0x5b,0x33,0x16,0xff,
    0x59,0x34,0x16,0xff,0x5a,0x34,0x16,0xff,0x5a,0x34,0x16,0xff,0x58,0x33,0x16,0xff,
    0x57,0x33,0x15,0xff,0x57,0x32,0x14,0xff,0x54,0x32,0x14,0xff,0x56,0x31,0x13,0xff,
    0x55,0x31,0x13,0xff,0x56,0x30,0x14,0xff,0x55,0x31,0x14,0xff,0x56,0x30,0x13,0xff,
    0x5a,0x35,0x16,0xff,0x58,0x32,0x15,0xff,0x3e,0x1c,0x07,0xff,0x59,0x31,0x11,0xff,
    0x5d,0x39,0x1a,0xff,0xaf,0x9e,0x92,0xff,0x90,0x8c,0x85,0xff,0x42,0x40,0x3c,0xff,
    0x28,0x2b,0x26,0xff,0x36,0x37,0x31,0xff,0x3a,0x3e,0x37,0xff,0x41,0x43,0x3d,0xff,
    0x4a,0x49,0x44,0xff,0x5b,0x5c,0x56,0xff,0x3c,0x41,0x37,0xff,0x54,0x54,0x53,0xff,
    0x90,0x88,0x80,0xff,0x4f,0x31,0x17,0xff,0x44,0x25,0x0e,0xff,0x36,0x15,0x04,0xff,
    0x4b,0x2b,0x17,0xff,0x85,0x73,0x62,0xff,0x82,0x6a,0x57,0xff,0x00,0x00,0x00,0x00,
    0x00,0x00,0x00,0x00,0x00,0x00,0x00,0x00,0x00,0x00,0x00,0x00,0x00,0x00,0x00,0x00,
    0x00,0x00,0x00,0x00,0x00,0x00,0x00,0x00,0x00,0x00,0x00,0x00,0x00,0x00,0x00,0x00,
    0x00,0x00,0x00,0x00,0x00,0x00,0x00,0x00,0x00,0x00,0x00,0x00,0x00,0x00,0x00,0x00,
    0x00,0x00,0x00,0x00,0x00,0x00,0x00,0x00,0x00,0x00,0x00,0x00,0x00,0x00,0x00,0x00,
    0x00,0x00,0x00,0x00,0x00,0x00,0x00,0x00,0x6d,0x61,0x53,0xff,0x66,0x57,0x46,0xff,
    0x54,0x33,0x1d,0xff,0x3d,0x1d,0x06,0xff,0x4d,0x2a,0x0d,0xff,0x98,0x82,0x6c,0xff,
    0x9a,0x95,0x92,0xff,0x29,0x2a,0x28,0xff,0x61,0x67,0x62,0xff,0x4d,0x51,0x4c,0xff,
    0x44,0x49,0x42,0xff,0x3c,0x40,0x3a,0xff,0x35,0x39,0x33,0xff,0x33,0x36,0x30,0xff,
    0x30,0x31,0x2d,0xff,0x93,0x94,0x8f,0xff,0xb7,0xa5,0x93,0xff,0x9a,0x6e,0x4a,0xff,
    0x65,0x3b,0x1f,0xff,0x3d,0x18,0x04,0xff,0x62,0x3a,0x1e,0xff,0x76,0x47,0x29,0xff,
    0x61,0x36,0x14,0xff,0x60,0x37,0x17,0xff,0x60,0x36,0x17,0xff,0x60,0x36,0x16,0xff,
    0x5f,0x35,0x15,0xff,0x5d,0x35,0x15,0xff,0x5b,0x35,0x15,0xff,0x5d,0x35,0x16,0xff,
    0x5b,0x35,0x16,0xff,0x5d,0x35,0x16,0xff,0x5c,0x36,0x19,0xff,0x5b,0x35,0x18,0xff,
    0x5d,0x36,0x18,0xff,0x5b,0x36,0x18,0xff,0x5b,0x35,0x17,0xff,0x5d,0x35,0x18,0xff,
    0x5a,0x36,0x18,0xff,0x5b,0x36,0x18,0xff,0x5b,0x35,0x18,0xff,0x5c,0x35,0x17,0xff,
    0x5b,0x35,0x17,0xff,0x5c,0x35,0x18,0xff,0x5d,0x35,0x18,0xff,0x5c,0x36,0x18,0xff,
    0x5c,0x36,0x18,0xff,0x5c,0x35,0x18,0xff,0x5c,0x35,0x18,0xff,0x5b,0x35,0x17,0xff,
    0x5d,0x35,0x17,0xff,0x5d,0x35,0x17,0xff,0x59,0x35,0x17,0xff,0x5b,0x35,0x17,0xff,
    0x5b,0x35,0x17,0xff,0x5a,0x35,0x17,0xff,0x5c,0x34,0x17,0xff,0x5a,0x35,0x17,0xff,
    0x5b,0x34,0x17,0xff,0x5a,0x35,0x17,0xff,0x5c,0x35,0x17,0xff,0x5a,0x35,0x17,0xff,
    0x5b,0x35,0x17,0xff,0x5c,0x35,0x18,0xff,0x5b,0x34,0x18,0xff,0x5a,0x35,0x17,0xff,
    0x5a,0x34,0x16,0xff,0x59,0x34,0x16,0xff,0x5a,0x34,0x16,0xff,0x59,0x34,0x16,0xff,
    0x5b,0x33,0x16,0xff,0x58,0x33,0x17,0xff,0x58,0x34,0x16,0xff,0x5a,0x34,0x16,0xff,
    0x5a,0x34,0x16,0xff,0x5a,0x34,0x17,0xff,0x5a,0x33,0x16,0xff,0x57,0x33,0x16,0xff,
    0x58,0x33,0x15,0xff,0x57,0x33,0x14,0xff,0x57,0x32,0x14,0xff,0x54,0x32,0x14,0xff,
    0x55,0x32,0x13,0xff,0x55,0x30,0x13,0xff,0x57,0x31,0x14,0xff,0x57,0x31,0x13,0xff,
    0x5c,0x35,0x16,0xff,0x57,0x32,0x15,0xff,0x3f,0x1d,0x07,0xff,0x58,0x30,0x11,0xff,
    0x5b,0x37,0x17,0xff,0xac,0x9b,0x8e,0xff,0x93,0x8f,0x89,0xff,0x43,0x42,0x3e,0xff,
    0x28,0x2b,0x26,0xff,0x38,0x37,0x32,0xff,0x3b,0x3e,0x38,0xff,0x42,0x43,0x3d,0xff,
    0x48,0x49,0x44,0xff,0x5c,0x5c,0x55,0xff,0x3b,0x3f,0x36,0xff,0x56,0x56,0x54,0xff,
    0x8d,0x85,0x7b,0xff,0x4e,0x31,0x18,0xff,0x45,0x25,0x0d,0xff,0x35,0x15,0x02,0xff,
    0x49,0x2b,0x17,0xff,0x87,0x78,0x67,0xff,0x88,0x71,0x5e,0xff,0x00,0x00,0x00,0x00,
    0x00,0x00,0x00,0x00,0x00,0x00,0x00,0x00,0x00,0x00,0x00,0x00,0x00,0x00,0x00,0x00,
    0x00,0x00,0x00,0x00,0x00,0x00,0x00,0x00,0x00,0x00,0x00,0x00,0x00,0x00,0x00,0x00,
    0x00,0x00,0x00,0x00,0x00,0x00,0x00,0x00,0x00,0x00,0x00,0x00,0x00,0x00,0x00,0x00,
    0x00,0x00,0x00,0x00,0x00,0x00,0x00,0x00,0x00,0x00,0x00,0x00,0x00,0x00,0x00,0x00,
    0x00,0x00,0x00,0x00,0x00,0x00,0x00,0x00,0x87,0x7a,0x6d,0xff,0x6f,0x62,0x51,0xff,
    0x50,0x32,0x1c,0xff,0x42,0x1d,0x08,0xff,0x4b,0x2a,0x0c,0xff,0x95,0x80,0x69,0xff,
    0x9c,0x99,0x94,0xff,0x28,0x29,0x27,0xff,0x63,0x65,0x60,0xff,0x4d,0x51,0x4c,0xff,
    0x43,0x49,0x43,0xff,0x3e,0x40,0x3b,0xff,0x38,0x39,0x32,0xff,0x33,0x36,0x31,0xff,
    0x31,0x32,0x2e,0xff,0x94,0x96,0x92,0xff,0xb3,0xa2,0x8d,0xff,0x97,0x6e,0x49,0xff,
    0x65,0x3b,0x20,0xff,0x3d,0x18,0x05,0xff,0x60,0x3c,0x1d,0xff,0x71,0x4a,0x27,0xff,
    0x64,0x36,0x15,0xff,0x64,0x37,0x18,0xff,0x5d,0x36,0x16,0xff,0x5f,0x35,0x16,0xff,
    0x60,0x35,0x15,0xff,0x5d,0x34,0x15,0xff,0x5f,0x35,0x15,0xff,0x5c,0x36,0x16,0xff,
    0x5c,0x36,0x16,0xff,0x61,0x35,0x17,0xff,0x60,0x36,0x19,0xff,0x5e,0x36,0x18,0xff,
    0x5b,0x36,0x18,0xff,0x5c,0x36,0x18,0xff,0x5b,0x36,0x18,0xff,0x5c,0x36,0x18,0xff,
    0x60,0x36,0x19,0xff,0x5c,0x36,0x18,0xff,0x59,0x36,0x18,0xff,0x5c,0x36,0x18,0xff,
    0x5f,0x35,0x18,0xff,0x5d,0x35,0x18,0xff,0x5c,0x36,0x18,0xff,0x5f,0x35,0x18,0xff,
    0x5c,0x36,0x18,0xff,0x5d,0x35,0x18,0xff,0x5c,0x35,0x18,0xff,0x58,0x35,0x17,0xff,
    0x5c,0x34,0x17,0xff,0x5e,0x34,0x17,0xff,0x5b,0x35,0x17,0xff,0x59,0x34,0x16,0xff,
    0x59,0x34,0x17,0xff,0x5b,0x34,0x17,0xff,0x5a,0x34,0x17,0xff,0x5c,0x35,0x17,0xff,
    0x5d,0x34,0x17,0xff,0x5a,0x35,0x18,0xff,0x58,0x35,0x18,0xff,0x5d,0x34,0x17,0xff,
    0x5d,0x34,0x17,0xff,0x59,0x35,0x17,0xff,0x5b,0x35,0x18,0xff,0x5c,0x34,0x17,0xff,
    0x5a,0x35,0x17,0xff,0x5c,0x34,0x17,0xff,0x59,0x34,0x17,0xff,0x59,0x34,0x16,0xff,
    0x5d,0x33,0x16,0xff,0x5a,0x34,0x17,0xff,0x5a,0x33,0x16,0xff,0x58,0x34,0x16,0xff,
    0x5b,0x34,0x17,0xff,0x59,0x34,0x17,0xff,0x59,0x33,0x16,0xff,0x5b,0x32,0x16,0xff,
    0x57,0x32,0x14,0xff,0x54,0x33,0x14,0xff,0x56,0x32,0x14,0xff,0x59,0x31,0x14,0xff,
    0x55,0x31,0x14,0xff,0x52,0x31,0x14,0xff,0x57,0x30,0x14,0xff,0x56,0x31,0x13,0xff,
    0x5c,0x35,0x16,0xff,0x55,0x32,0x16,0xff,0x3c,0x1d,0x08,0xff,0x54,0x30,0x11,0xff,
    0x58,0x36,0x15,0xff,0xa9,0x97,0x8a,0xff,0x97,0x93,0x8d,0xff,0x45,0x44,0x3f,0xff,
    0x29,0x2a,0x26,0xff,0x34,0x38,0x32,0xff,0x3d,0x3e,0x38,0xff,0x42,0x43,0x3d,0xff,
    0x46,0x4a,0x43,0xff,0x58,0x5c,0x56,0xff,0x3d,0x3e,0x36,0xff,0x55,0x56,0x53,0xff,
    0x8d,0x82,0x77,0xff,0x50,0x32,0x1a,0xff,0x46,0x22,0x0c,0xff,0x36,0x14,0x03,0xff,
    0x4b,0x29,0x16,0xff,0x8c,0x7d,0x6e,0xff,0x80,0x67,0x52,0xff,0x00,0x00,0x00,0x00,
    0x00,0x00,0x00,0x00,0x00,0x00,0x00,0x00,0x00,0x00,0x00,0x00,0x00,0x00,0x00,0x00,
    0x00,0x00,0x00,0x00,0x00,0x00,0x00,0x00,0x00,0x00,0x00,0x00,0x00,0x00,0x00,0x00,
    0x00,0x00,0x00,0x00,0x00,0x00,0x00,0x00,0x00,0x00,0x00,0x00,0x00,0x00,0x00,0x00,
    0x00,0x00,0x00,0x00,0x00,0x00,0x00,0x00,0x00,0x00,0x00,0x00,0x00,0x00,0x00,0x00,
    0x00,0x00,0x00,0x00,0x00,0x00,0x00,0x00,0xa2,0x8f,0x80,0xff,0x8b,0x7b,0x6c,0xff,
    0x49,0x2c,0x16,0xff,0x42,0x20,0x09,0xff,0x4d,0x2b,0x0d,0xff,0x94,0x7e,0x66,0xff,
    0xa0,0x9f,0x9a,0xff,0x28,0x27,0x25,0xff,0x61,0x65,0x5f,0xff,0x4e,0x52,0x4c,0xff,
    0x47,0x49,0x44,0xff,0x3b,0x41,0x3b,0xff,0x36,0x39,0x33,0xff,0x33,0x36,0x31,0xff,
    0x34,0x34,0x31,0xff,0x99,0x99,0x95,0xff,0xb5,0x9f,0x8b,0xff,0x9b,0x6d,0x48,0xff,
    0x65,0x3d,0x1f,0xff,0x3d,0x19,0x05,0xff,0x63,0x3a,0x1e,0xff,0x75,0x48,0x26,0xff,
    0x5e,0x36,0x15,0xff,0x62,0x37,0x18,0xff,0x5d,0x36,0x16,0xff,0x5e,0x36,0x16,0xff,
    0x60,0x35,0x16,0xff,0x5d,0x35,0x15,0xff,0x5f,0x37,0x16,0xff,0x60,0x36,0x16,0xff,
    0x5c,0x37,0x16,0xff,0x5e,0x37,0x18,0xff,0x5f,0x37,0x1a,0xff,0x60,0x36,0x18,0xff,
    0x5c,0x36,0x18,0xff,0x5e,0x36,0x18,0xff,0x5f,0x36,0x19,0xff,0x5c,0x37,0x19,0xff,
    0x5e,0x36,0x19,0xff,0x5d,0x37,0x19,0xff,0x5e,0x36,0x19,0xff,0x5b,0x36,0x18,0xff,
    0x5b,0x35,0x17,0xff,0x5e,0x35,0x18,0xff,0x5b,0x36,0x18,0xff,0x5e,0x35,0x18,0xff,
    0x5c,0x35,0x18,0xff,0x5b,0x36,0x18,0xff,0x5c,0x36,0x18,0xff,0x5b,0x34,0x17,0xff,
    0x59,0x35,0x17,0xff,0x5b,0x35,0x17,0xff,0x5b,0x34,0x17,0xff,0x5b,0x34,0x16,0xff,
    0x59,0x34,0x17,0xff,0x5e,0x34,0x17,0xff,0x5b,0x34,0x17,0xff,0x5b,0x35,0x17,0xff,
    0x5c,0x34,0x17,0xff,0x5c,0x34,0x18,0xff,0x5b,0x34,0x18,0xff,0x58,0x34,0x18,0xff,
    0x5c,0x34,0x17,0xff,0x59,0x35,0x17,0xff,0x5a,0x35,0x18,0xff,0x5c,0x34,0x17,0xff,
    0x59,0x34,0x16,0xff,0x5a,0x34,0x16,0xff,0x5c,0x34,0x17,0xff,0x59,0x34,0x16,0xff,
    0x5a,0x34,0x16,0xff,0x5a,0x34,0x16,0xff,0x5d,0x34,0x17,0xff,0x59,0x34,0x16,0xff,
    0x5c,0x35,0x17,0xff,0x5c,0x34,0x16,0xff,0x59,0x34,0x16,0xff,0x5b,0x33,0x17,0xff,
    0x58,0x33,0x15,0xff,0x59,0x32,0x15,0xff,0x55,0x32,0x15,0xff,0x55,0x32,0x15,0xff,
    0x57,0x31,0x15,0xff,0x53,0x32,0x15,0xff,0x58,0x31,0x15,0xff,0x56,0x30,0x14,0xff,
    0x5b,0x35,0x16,0xff,0x57,0x32,0x16,0xff,0x40,0x1c,0x08,0xff,0x55,0x30,0x11,0xff,
    0x5b,0x34,0x15,0xff,0xac,0x94,0x87,0xff,0x9a,0x95,0x8e,0xff,0x46,0x47,0x41,0xff,
    0x2c,0x29,0x25,0xff,0x36,0x38,0x32,0xff,0x3d,0x3f,0x39,0xff,0x41,0x43,0x3d,0xff,
    0x49,0x4b,0x43,0xff,0x5d,0x5d,0x57,0xff,0x3c,0x3e,0x35,0xff,0x58,0x57,0x54,0xff,
    0x8e,0x7f,0x73,0xff,0x4e,0x34,0x19,0xff,0x44,0x23,0x0c,0xff,0x35,0x16,0x04,0xff,
    0x46,0x28,0x13,0xff,0x92,0x83,0x74,0xff,0x79,0x5d,0x45,0xff,0x00,0x00,0x00,0x00,
    0x00,0x00,0x00,0x00,0x00,0x00,0x00,0x00,0x00,0x00,0x00,0x00,0x00,0x00,0x00,0x00,
    0x00,0x00,0x00,0x00,0x00,0x00,0x00,0x00,0x00,0x00,0x00,0x00,0x00,0x00,0x00,0x00,
    0x00,0x00,0x00,0x00,0x00,0x00,0x00,0x00,0x00,0x00,0x00,0x00,0x00,0x00,0x00,0x00,
    0x00,0x00,0x00,0x00,0x00,0x00,0x00,0x00,0x00,0x00,0x00,0x00,0x00,0x00,0x00,0x00,
    0x00,0x00,0x00,0x00,0x00,0x00,0x00,0x00,0x88,0x6f,0x5b,0xff,0x8e,0x81,0x74,0xff,
    0x49,0x2a,0x15,0xff,0x42,0x21,0x0b,0xff,0x4b,0x2c,0x0e,0xff,0x92,0x7b,0x62,0xff,
    0xa6,0xa5,0x9f,0xff,0x28,0x26,0x24,0xff,0x62,0x64,0x5f,0xff,0x4d,0x54,0x4d,0xff,
    0x47,0x49,0x44,0xff,0x3d,0x41,0x3c,0xff,0x37,0x39,0x35,0xff,0x33,0x36,0x30,0xff,
    0x35,0x35,0x32,0xff,0x9e,0x9d,0x98,0xff,0xb1,0x9d,0x87,0xff,0x9b,0x6d,0x48,0xff,
    0x64,0x3c,0x20,0xff,0x3e,0x1a,0x06,0xff,0x62,0x3a,0x1f,0xff,0x73,0x47,0x27,0xff,
    0x61,0x36,0x15,0xff,0x61,0x38,0x18,0xff,0x61,0x38,0x17,0xff,0x60,0x37,0x17,0xff,
    0x5f,0x36,0x16,0xff,0x60,0x35,0x16,0xff,0x5e,0x36,0x16,0xff,0x5e,0x36,0x16,0xff,
    0x61,0x36,0x17,0xff,0x5e,0x38,0x18,0xff,0x5e,0x36,0x19,0xff,0x5f,0x37,0x1a,0xff,
    0x5e,0x36,0x19,0xff,0x5e,0x37,0x19,0xff,0x5f,0x37,0x1a,0xff,0x5d,0x37,0x19,0xff,
    0x5f,0x38,0x1a,0xff,0x5d,0x37,0x1a,0xff,0x5d,0x37,0x19,0xff,0x5e,0x36,0x19,0xff,
    0x5c,0x36,0x18,0xff,0x5d,0x35,0x18,0xff,0x5c,0x35,0x18,0xff,0x5b,0x35,0x17,0xff,
    0x5b,0x35,0x17,0xff,0x5c,0x35,0x17,0xff,0x59,0x36,0x18,0xff,0x5c,0x35,0x18,0xff,
    0x5b,0x35,0x17,0xff,0x5b,0x35,0x17,0xff,0x5a,0x34,0x17,0xff,0x5b,0x35,0x17,0xff,
    0x5a,0x34,0x16,0xff,0x5b,0x35,0x17,0xff,0x5b,0x35,0x17,0xff,0x5b,0x35,0x17,0xff,
    0x5c,0x34,0x17,0xff,0x58,0x34,0x16,0xff,0x5b,0x34,0x17,0xff,0x5b,0x34,0x17,0xff,
    0x5b,0x35,0x17,0xff,0x5b,0x35,0x17,0xff,0x5b,0x35,0x17,0xff,0x5b,0x35,0x17,0xff,
    0x5b,0x34,0x16,0xff,0x58,0x34,0x16,0xff,0x59,0x34,0x16,0xff,0x5b,0x34,0x17,0xff,
    0x5a,0x34,0x16,0xff,0x5b,0x34,0x16,0xff,0x5b,0x34,0x17,0xff,0x5b,0x35,0x17,0xff,
    0x5a,0x35,0x17,0xff,0x5a,0x34,0x16,0xff,0x5b,0x35,0x17,0xff,0x5b,0x34,0x17,0xff,
    0x57,0x33,0x16,0xff,0x56,0x32,0x15,0xff,0x59,0x32,0x16,0xff,0x57,0x32,0x16,0xff,
    0x59,0x32,0x16,0xff,0x58,0x32,0x15,0xff,0x57,0x31,0x15,0xff,0x58,0x30,0x14,0xff,
    0x5c,0x35,0x16,0xff,0x54,0x33,0x16,0xff,0x40,0x1c,0x08,0xff,0x54,0x2f,0x10,0xff,
    0x5a,0x35,0x15,0xff,0xa7,0x90,0x82,0xff,0x9a,0x95,0x8f,0xff,0x4a,0x49,0x43,0xff,
    0x27,0x2a,0x24,0xff,0x37,0x39,0x33,0xff,0x3e,0x3f,0x39,0xff,0x43,0x44,0x3e,0xff,
    0x46,0x4b,0x44,0xff,0x5d,0x5c,0x58,0xff,0x3c,0x3d,0x35,0xff,0x56,0x5b,0x57,0xff,
    0x8a,0x7c,0x71,0xff,0x4e,0x33,0x19,0xff,0x43,0x23,0x0d,0xff,0x37,0x16,0x02,0xff,
    0x46,0x2b,0x15,0xff,0x92,0x82,0x72,0xff,0x67,0x43,0x27,0xff,0x00,0x00,0x00,0x00,
    0x00,0x00,0x00,0x00,0x00,0x00,0x00,0x00,0x00,0x00,0x00,0x00,0x00,0x00,0x00,0x00,
    0x00,0x00,0x00,0x00,0x00,0x00,0x00,0x00,0x00,0x00,0x00,0x00,0x00,0x00,0x00,0x00,
    0x00,0x00,0x00,0x00,0x00,0x00,0x00,0x00,0x00,0x00,0x00,0x00,0x00,0x00,0x00,0x00,
    0x00,0x00,0x00,0x00,0x00,0x00,0x00,0x00,0x00,0x00,0x00,0x00,0x00,0x00,0x00,0x00,
    0x00,0x00,0x00,0x00,0x00,0x00,0x00,0x00,0x89,0x71,0x5d,0xff,0x90,0x80,0x75,0xff,
    0x45,0x29,0x15,0xff,0x47,0x20,0x0b,0xff,0x4f,0x2c,0x0f,0xff,0x8c,0x78,0x5f,0xff,
    0xb0,0xaa,0xa4,0xff,0x29,0x28,0x25,0xff,0x5e,0x62,0x5d,0xff,0x4c,0x54,0x4e,0xff,
    0x47,0x49,0x45,0xff,0x3d,0x40,0x3c,0xff,0x36,0x3a,0x35,0xff,0x35,0x36,0x31,0xff,
    0x38,0x37,0x34,0xff,0xa2,0x9f,0x9b,0xff,0xae,0x99,0x82,0xff,0x99,0x6f,0x47,0xff,
    0x64,0x3b,0x20,0xff,0x3f,0x1b,0x07,0xff,0x63,0x3b,0x1f,0xff,0x71,0x46,0x25,0xff,
    0x62,0x36,0x15,0xff,0x60,0x38,0x18,0xff,0x5f,0x37,0x17,0xff,0x61,0x37,0x17,0xff,
    0x5e,0x36,0x16,0xff,0x5f,0x36,0x16,0xff,0x5d,0x37,0x18,0xff,0x5d,0x37,0x19,0xff,
    0x60,0x37,0x18,0xff,0x5c,0x37,0x18,0xff,0x5e,0x36,0x19,0xff,0x5f,0x36,0x1a,0xff,
    0x5d,0x36,0x19,0xff,0x5d,0x37,0x19,0xff,0x5e,0x37,0x1a,0xff,0x5d,0x37,0x19,0xff,
    0x61,0x37,0x1a,0xff,0x5f,0x37,0x1a,0xff,0x5e,0x37,0x19,0xff,0x5f,0x36,0x19,0xff,
    0x5d,0x36,0x18,0xff,0x5b,0x35,0x18,0xff,0x5c,0x35,0x18,0xff,0x5b,0x35,0x17,0xff,
    0x5a,0x35,0x17,0xff,0x5b,0x35,0x18,0xff,0x58,0x36,0x18,0xff,0x5d,0x34,0x17,0xff,
    0x5a,0x34,0x16,0xff,0x58,0x34,0x16,0xff,0x5b,0x34,0x17,0xff,0x5a,0x35,0x17,0xff,
    0x5a,0x34,0x16,0xff,0x5a,0x35,0x17,0xff,0x58,0x35,0x17,0xff,0x5b,0x35,0x17,0xff,
    0x5b,0x34,0x16,0xff,0x5a,0x34,0x16,0xff,0x5b,0x34,0x16,0xff,0x5b,0x34,0x16,0xff,
    0x5a,0x34,0x16,0xff,0x5a,0x34,0x16,0xff,0x5c,0x35,0x17,0xff,0x59,0x34,0x16,0xff,
    0x5b,0x34,0x17,0xff,0x59,0x34,0x17,0xff,0x59,0x34,0x17,0xff,0x5b,0x33,0x16,0xff,
    0x57,0x34,0x16,0xff,0x5a,0x34,0x16,0xff,0x5b,0x35,0x17,0xff,0x5a,0x35,0x17,0xff,
    0x5a,0x34,0x17,0xff,0x59,0x35,0x17,0xff,0x58,0x35,0x17,0xff,0x5b,0x33,0x16,0xff,
    0x58,0x33,0x16,0xff,0x58,0x32,0x16,0xff,0x59,0x32,0x16,0xff,0x56,0x32,0x15,0xff,
    0x56,0x31,0x15,0xff,0x58,0x31,0x15,0xff,0x58,0x31,0x15,0xff,0x57,0x31,0x14,0xff,
    0x5a,0x35,0x17,0xff,0x52,0x34,0x18,0xff,0x3e,0x1e,0x08,0xff,0x53,0x2f,0x10,0xff,
    0x5b,0x35,0x15,0xff,0xa2,0x8d,0x7c,0xff,0x9d,0x96,0x8f,0xff,0x4a,0x4c,0x46,0xff,
    0x26,0x2a,0x23,0xff,0x35,0x3b,0x34,0xff,0x3d,0x3f,0x3a,0xff,0x43,0x43,0x3e,0xff,
    0x48,0x4b,0x44,0xff,0x5c,0x5e,0x58,0xff,0x3a,0x3b,0x33,0xff,0x5e,0x5f,0x5b,0xff,
    0x83,0x79,0x6d,0xff,0x50,0x31,0x19,0xff,0x44,0x23,0x0d,0xff,0x34,0x16,0x02,0xff,
    0x47,0x2b,0x16,0xff,0x95,0x83,0x74,0xff,0x00,0x00,0x00,0x00,0x00,0x00,0x00,0x00,
    0x00,0x00,0x00,0x00,0x00,0x00,0x00,0x00,0x00,0x00,0x00,0x00,0x00,0x00,0x00,0x00,
    0x00,0x00,0x00,0x00,0x00,0x00,0x00,0x00,0x00,0x00,0x00,0x00,0x00,0x00,0x00,0x00,
    0x00,0x00,0x00,0x00,0x00,0x00,0x00,0x00,0x00,0x00,0x00,0x00,0x00,0x00,0x00,0x00,
    0x00,0x00,0x00,0x00,0x00,0x00,0x00,0x00,0x00,0x00,0x00,0x00,0x00,0x00,0x00,0x00,
    0x00,0x00,0x00,0x00,0x00,0x00,0x00,0x00,0x7a,0x5e,0x46,0xff,0x8f,0x81,0x70,0xff,
    0x40,0x2b,0x13,0xff,0x41,0x21,0x0a,0xff,0x4f,0x2d,0x11,0xff,0x87,0x76,0x5c,0xff,
    0xaf,0xaa,0xa5,0xff,0x2b,0x28,0x27,0xff,0x60,0x61,0x5c,0xff,0x50,0x54,0x4f,0xff,
    0x47,0x4a,0x45,0xff,0x40,0x41,0x3d,0xff,0x38,0x3c,0x36,0xff,0x34,0x37,0x31,0xff,
    0x38,0x3b,0x38,0xff,0xa2,0xa0,0x99,0xff,0xae,0x93,0x7c,0xff,0x9d,0x6e,0x48,0xff,
    0x61,0x3b,0x1f,0xff,0x40,0x1b,0x07,0xff,0x65,0x3c,0x1f,0xff,0x6e,0x47,0x25,0xff,
    0x61,0x36,0x16,0xff,0x61,0x38,0x18,0xff,0x62,0x36,0x17,0xff,0x60,0x37,0x17,0xff,
    0x60,0x37,0x17,0xff,0x63,0x36,0x17,0xff,0x5f,0x36,0x17,0xff,0x5e,0x36,0x1a,0xff,
    0x61,0x36,0x19,0xff,0x5d,0x35,0x18,0xff,0x5f,0x36,0x19,0xff,0x5f,0x36,0x19,0xff,
    0x5e,0x36,0x19,0xff,0x61,0x36,0x19,0xff,0x62,0x37,0x1a,0xff,0x5f,0x37,0x1a,0xff,
    0x5e,0x37,0x19,0xff,0x5f,0x37,0x1a,0xff,0x5d,0x37,0x19,0xff,0x5c,0x37,0x18,0xff,
    0x5e,0x36,0x19,0xff,0x5f,0x35,0x18,0xff,0x5d,0x34,0x17,0xff,0x5b,0x34,0x17,0xff,
    0x5e,0x34,0x17,0xff,0x5e,0x34,0x17,0xff,0x5b,0x35,0x18,0xff,0x5e,0x34,0x17,0xff,
    0x5d,0x34,0x17,0xff,0x5a,0x34,0x16,0xff,0x5b,0x34,0x16,0xff,0x59,0x34,0x16,0xff,
    0x5a,0x33,0x15,0xff,0x5e,0x33,0x16,0xff,0x5b,0x34,0x16,0xff,0x5a,0x34,0x16,0xff,
    0x5a,0x34,0x16,0xff,0x5b,0x34,0x16,0xff,0x58,0x35,0x17,0xff,0x5a,0x34,0x16,0xff,
    0x5a,0x34,0x16,0xff,0x5c,0x34,0x17,0xff,0x5a,0x35,0x17,0xff,0x5a,0x34,0x16,0xff,
    0x5e,0x33,0x16,0xff,0x5c,0x33,0x16,0xff,0x5a,0x34,0x16,0xff,0x5c,0x33,0x16,0xff,
    0x5a,0x34,0x16,0xff,0x5b,0x34,0x16,0xff,0x5b,0x34,0x16,0xff,0x5b,0x35,0x17,0xff,
    0x5d,0x33,0x17,0xff,0x5d,0x34,0x16,0xff,0x59,0x34,0x16,0xff,0x58,0x33,0x16,0xff,
    0x58,0x33,0x17,0xff,0x56,0x32,0x16,0xff,0x56,0x33,0x16,0xff,0x57,0x32,0x16,0xff,
    0x59,0x31,0x14,0xff,0x5a,0x32,0x16,0xff,0x58,0x32,0x16,0xff,0x5a,0x31,0x14,0xff,
    0x5e,0x35,0x17,0xff,0x57,0x33,0x18,0xff,0x3e,0x1d,0x08,0xff,0x53,0x2d,0x12,0xff,
    0x5c,0x36,0x15,0xff,0x9d,0x8a,0x76,0xff,0x9e,0x98,0x91,0xff,0x4e,0x4f,0x48,0xff,
    0x2b,0x29,0x24,0xff,0x39,0x39,0x35,0xff,0x3c,0x3e,0x3a,0xff,0x42,0x43,0x3f,0xff,
    0x49,0x4b,0x45,0xff,0x58,0x5e,0x58,0xff,0x39,0x3c,0x33,0xff,0x63,0x63,0x5e,0xff,
    0x7e,0x74,0x65,0xff,0x4a,0x30,0x18,0xff,0x41,0x22,0x0d,0xff,0x32,0x15,0x02,0xff,
    0x46,0x2a,0x16,0xff,0x94,0x84,0x76,0xff,0x00,0x00,0x00,0x00,0x00,0x00,0x00,0x00,
    0x00,0x00,0x00,0x00,0x00,0x00,0x00,0x00,0x00,0x00,0x00,0x00,0x00,0x00,0x00,0x00,
    0x00,0x00,0x00,0x00,0x00,0x00,0x00,0x00,0x00,0x00,0x00,0x00,0x00,0x00,0x00,0x00,
    0x00,0x00,0x00,0x00,0x00,0x00,0x00,0x00,0x00,0x00,0x00,0x00,0x00,0x00,0x00,0x00,
    0x00,0x00,0x00,0x00,0x00,0x00,0x00,0x00,0x00,0x00,0x00,0x00,0x00,0x00,0x00,0x00,
    0x00,0x00,0x00,0x00,0x00,0x00,0x00,0x00,0x7f,0x61,0x49,0xff,0x96,0x83,0x74,0xff,
    0x44,0x29,0x13,0xff,0x41,0x1f,0x09,0xff,0x4f,0x2b,0x12,0xff,0x88,0x70,0x58,0xff,
    0xb1,0xab,0xa5,0xff,0x2c,0x29,0x27,0xff,0x5d,0x61,0x5c,0xff,0x51,0x55,0x50,0xff,
    0x46,0x4a,0x45,0xff,0x3e,0x42,0x3d,0xff,0x39,0x3d,0x37,0xff,0x34,0x36,0x30,0xff,
    0x3e,0x3e,0x3b,0xff,0xa2,0x9f,0x96,0xff,0xaa,0x90,0x77,0xff,0x9b,0x6e,0x48,0xff,
    0x63,0x39,0x1e,0xff,0x3f,0x1c,0x08,0xff,0x66,0x3c,0x20,0xff,0x72,0x46,0x25,0xff,
    0x61,0x36,0x16,0xff,0x5e,0x38,0x18,0xff,0x62,0x37,0x18,0xff,0x60,0x37,0x17,0xff,
    0x5e,0x36,0x17,0xff,0x60,0x35,0x16,0xff,0x5d,0x37,0x16,0xff,0x5f,0x36,0x17,0xff,
    0x5e,0x37,0x19,0xff,0x5e,0x36,0x19,0xff,0x5e,0x37,0x18,0xff,0x5f,0x36,0x18,0xff,
    0x5c,0x36,0x19,0xff,0x5e,0x36,0x19,0xff,0x5e,0x38,0x1a,0xff,0x5e,0x37,0x1a,0xff,
    0x5f,0x37,0x1a,0xff,0x60,0x37,0x1a,0xff,0x61,0x37,0x17,0xff,0x5e,0x37,0x18,0xff,
    0x5c,0x36,0x19,0xff,0x5c,0x35,0x18,0xff,0x5f,0x35,0x18,0xff,0x5b,0x35,0x17,0xff,
    0x5d,0x34,0x17,0xff,0x5b,0x34,0x16,0xff,0x5b,0x34,0x16,0xff,0x5c,0x34,0x18,0xff,
    0x5d,0x35,0x18,0xff,0x5a,0x34,0x16,0xff,0x5c,0x33,0x16,0xff,0x59,0x33,0x16,0xff,
    0x57,0x33,0x15,0xff,0x59,0x33,0x16,0xff,0x58,0x34,0x16,0xff,0x5a,0x34,0x16,0xff,
    0x59,0x34,0x16,0xff,0x5c,0x33,0x16,0xff,0x5a,0x34,0x16,0xff,0x5b,0x34,0x16,0xff,
    0x56,0x34,0x16,0xff,0x5b,0x33,0x16,0xff,0x5a,0x34,0x16,0xff,0x58,0x34,0x16,0xff,
    0x5a,0x34,0x16,0xff,0x59,0x34,0x16,0xff,0x5a,0x34,0x16,0xff,0x59,0x33,0x16,0xff,
    0x5a,0x34,0x16,0xff,0x5a,0x34,0x16,0xff,0x5a,0x34,0x16,0xff,0x58,0x34,0x16,0xff,
    0x5a,0x34,0x16,0xff,0x56,0x33,0x15,0xff,0x56,0x33,0x15,0xff,0x56,0x33,0x15,0xff,
    0x58,0x33,0x17,0xff,0x59,0x32,0x16,0xff,0x58,0x32,0x16,0xff,0x55,0x32,0x15,0xff,
    0x58,0x33,0x14,0xff,0x5b,0x32,0x15,0xff,0x55,0x32,0x15,0xff,0x59,0x32,0x15,0xff,
    0x5a,0x35,0x17,0xff,0x58,0x34,0x19,0xff,0x3e,0x1d,0x07,0xff,0x52,0x2d,0x12,0xff,
    0x5e,0x34,0x16,0xff,0x9e,0x86,0x72,0xff,0xa2,0x99,0x94,0xff,0x53,0x52,0x4c,0xff,
    0x27,0x29,0x25,0xff,0x37,0x3a,0x36,0xff,0x3d,0x3e,0x3a,0xff,0x41,0x43,0x3f,0xff,
    0x4c,0x4a,0x45,0xff,0x5b,0x5d,0x59,0xff,0x3a,0x3b,0x33,0xff,0x65,0x66,0x61,0xff,
    0x7b,0x6d,0x5e,0xff,0x4e,0x30,0x19,0xff,0x40,0x1f,0x0c,0xff,0x32,0x15,0x02,0xff,
    0x46,0x2a,0x16,0xff,0x96,0x85,0x77,0xff,0x00,0x00,0x00,0x00,0x00,0x00,0x00,0x00,
    0x00,0x00,0x00,0x00,0x00,0x00,0x00,0x00,0x00,0x00,0x00,0x00,0x00,0x00,0x00,0x00,
    0x00,0x00,0x00,0x00,0x00,0x00,0x00,0x00,0x00,0x00,0x00,0x00,0x00,0x00,0x00,0x00,
    0x00,0x00,0x00,0x00,0x00,0x00,0x00,0x00,0x00,0x00,0x00,0x00,0x00,0x00,0x00,0x00,
    0x00,0x00,0x00,0x00,0x00,0x00,0x00,0x00,0x00,0x00,0x00,0x00,0x00,0x00,0x00,0x00,
    0x00,0x00,0x00,0x00,0x00,0x00,0x00,0x00,0x83,0x65,0x4e,0xff,0x9d,0x8a,0x7e,0xff,
    0x44,0x29,0x12,0xff,0x41,0x1d,0x09,0xff,0x4c,0x2a,0x11,0xff,0x82,0x6b,0x50,0xff,
    0xb1,0xac,0xa4,0xff,0x2d,0x2a,0x29,0xff,0x5c,0x5f,0x5a,0xff,0x4f,0x55,0x50,0xff,
    0x46,0x4a,0x45,0xff,0x3e,0x42,0x3e,0xff,0x3c,0x3d,0x38,0xff,0x32,0x35,0x31,0xff,
    0x41,0x43,0x3f,0xff,0xa5,0xa1,0x98,0xff,0xac,0x8d,0x74,0xff,0x99,0x6d,0x47,0xff,
    0x5f,0x37,0x1c,0xff,0x41,0x1e,0x08,0xff,0x67,0x3c,0x20,0xff,0x71,0x46,0x24,0xff,
    0x60,0x36,0x16,0xff,0x5e,0x38,0x18,0xff,0x62,0x37,0x18,0xff,0x60,0x37,0x17,0xff,
    0x5f,0x36,0x16,0xff,0x60,0x36,0x16,0xff,0x5e,0x37,0x17,0xff,0x5f,0x37,0x17,0xff,
    0x5d,0x37,0x17,0xff,0x61,0x37,0x18,0xff,0x5e,0x36,0x18,0xff,0x5e,0x37,0x18,0xff,
    0x5e,0x36,0x19,0xff,0x5f,0x36,0x19,0xff,0x5f,0x37,0x1a,0xff,0x5e,0x38,0x1a,0xff,
    0x60,0x38,0x1a,0xff,0x61,0x37,0x1a,0xff,0x60,0x36,0x19,0xff,0x5e,0x36,0x18,0xff,
    0x5c,0x36,0x17,0xff,0x5c,0x35,0x16,0xff,0x5d,0x34,0x17,0xff,0x5a,0x35,0x16,0xff,
    0x5b,0x34,0x16,0xff,0x5a,0x34,0x16,0xff,0x5a,0x34,0x16,0xff,0x5a,0x34,0x15,0xff,
    0x5c,0x34,0x14,0xff,0x5c,0x33,0x16,0xff,0x59,0x34,0x16,0xff,0x5c,0x33,0x16,0xff,
    0x59,0x33,0x15,0xff,0x5a,0x32,0x15,0xff,0x57,0x34,0x15,0xff,0x59,0x33,0x16,0xff,
    0x5a,0x34,0x16,0xff,0x5b,0x33,0x16,0xff,0x5a,0x34,0x16,0xff,0x5a,0x34,0x15,0xff,
    0x57,0x34,0x16,0xff,0x5b,0x33,0x16,0xff,0x5a,0x34,0x16,0xff,0x59,0x34,0x17,0xff,
    0x59,0x34,0x16,0xff,0x59,0x34,0x16,0xff,0x5a,0x34,0x16,0xff,0x58,0x33,0x16,0xff,
    0x5b,0x33,0x16,0xff,0x59,0x34,0x16,0xff,0x59,0x34,0x16,0xff,0x5a,0x34,0x16,0xff,
    0x5a,0x34,0x15,0xff,0x58,0x34,0x15,0xff,0x56,0x34,0x16,0xff,0x57,0x34,0x15,0xff,
    0x58,0x33,0x15,0xff,0x5a,0x33,0x16,0xff,0x59,0x32,0x15,0xff,0x56,0x32,0x15,0xff,
    0x58,0x33,0x14,0xff,0x59,0x32,0x15,0xff,0x59,0x33,0x15,0xff,0x59,0x32,0x15,0xff,
    0x5b,0x35,0x16,0xff,0x59,0x35,0x19,0xff,0x3f,0x1c,0x09,0xff,0x50,0x2c,0x10,0xff,
    0x5c,0x34,0x15,0xff,0x9b,0x82,0x6c,0xff,0xa4,0x9b,0x95,0xff,0x59,0x56,0x4f,0xff,
    0x27,0x29,0x24,0xff,0x36,0x3b,0x36,0xff,0x3e,0x3f,0x3a,0xff,0x42,0x44,0x3f,0xff,
    0x4c,0x4b,0x45,0xff,0x5a,0x5e,0x58,0xff,0x38,0x38,0x33,0xff,0x69,0x6a,0x64,0xff,
    0x77,0x66,0x58,0xff,0x4c,0x31,0x1a,0xff,0x3d,0x1f,0x0b,0xff,0x33,0x13,0x02,0xff,
    0x44,0x2b,0x16,0xff,0x97,0x88,0x79,0xff,0x00,0x00,0x00,0x00,0x00,0x00,0x00,0x00,
    0x00,0x00,0x00,0x00,0x00,0x00,0x00,0x00,0x00,0x00,0x00,0x00,0x00,0x00,0x00,0x00,
    0x00,0x00,0x00,0x00,0x00,0x00,0x00,0x00,0x00,0x00,0x00,0x00,0x00,0x00,0x00,0x00,
    0x00,0x00,0x00,0x00,0x00,0x00,0x00,0x00,0x00,0x00,0x00,0x00,0x00,0x00,0x00,0x00,
    0x00,0x00,0x00,0x00,0x00,0x00,0x00,0x00,0x00,0x00,0x00,0x00,0x00,0x00,0x00,0x00,
    0x00,0x00,0x00,0x00,0x00,0x00,0x00,0x00,0x84,0x6c,0x58,0xff,0x92,0x84,0x77,0xff,
    0x46,0x2b,0x13,0xff,0x3e,0x1c,0x08,0xff,0x48,0x2a,0x11,0xff,0x7b,0x64,0x49,0xff,
    0xb3,0xac,0xa1,0xff,0x2c,0x2b,0x28,0xff,0x58,0x5b,0x56,0xff,0x4f,0x55,0x50,0xff,
    0x43,0x4b,0x45,0xff,0x3d,0x43,0x3e,0xff,0x3a,0x3e,0x3a,0xff,0x31,0x34,0x2f,0xff,
    0x48,0x48,0x44,0xff,0xaa,0xa4,0x99,0xff,0xa8,0x8a,0x6f,0xff,0x9b,0x6c,0x48,0xff,
    0x5c,0x35,0x1a,0xff,0x40,0x1f,0x09,0xff,0x68,0x3d,0x21,0xff,0x73,0x46,0x25,0xff,
    0x62,0x36,0x16,0xff,0x61,0x38,0x18,0xff,0x61,0x38,0x18,0xff,0x61,0x37,0x17,0xff,
    0x5f,0x36,0x16,0xff,0x5d,0x37,0x16,0xff,0x5e,0x36,0x16,0xff,0x5c,0x37,0x17,0xff,
    0x5b,0x37,0x18,0xff,0x5e,0x36,0x19,0xff,0x5d,0x36,0x19,0xff,0x5e,0x36,0x1a,0xff,
    0x5f,0x37,0x1a,0xff,0x5d,0x37,0x19,0xff,0x61,0x36,0x1a,0xff,0x5e,0x36,0x19,0xff,
    0x5e,0x37,0x1a,0xff,0x5d,0x37,0x19,0xff,0x5e,0x35,0x19,0xff,0x5f,0x36,0x17,0xff,
    0x5d,0x36,0x15,0xff,0x5c,0x35,0x15,0xff,0x5c,0x35,0x16,0xff,0x5d,0x34,0x16,0xff,
    0x5a,0x36,0x16,0xff,0x5a,0x34,0x16,0xff,0x5c,0x33,0x16,0xff,0x59,0x35,0x16,0xff,
    0x5b,0x34,0x14,0xff,0x5b,0x33,0x15,0xff,0x59,0x34,0x16,0xff,0x5a,0x31,0x15,0xff,
    0x57,0x33,0x15,0xff,0x59,0x33,0x15,0xff,0x5a,0x33,0x15,0xff,0x59,0x33,0x15,0xff,
    0x59,0x34,0x16,0xff,0x59,0x33,0x15,0xff,0x5a,0x33,0x16,0xff,0x5b,0x33,0x16,0xff,
    0x5a,0x34,0x16,0xff,0x5a,0x34,0x16,0xff,0x59,0x34,0x16,0xff,0x56,0x34,0x15,0xff,
    0x53,0x34,0x15,0xff,0x59,0x33,0x15,0xff,0x58,0x34,0x16,0xff,0x56,0x34,0x16,0xff,
    0x5a,0x34,0x16,0xff,0x5a,0x34,0x16,0xff,0x59,0x34,0x16,0xff,0x5a,0x34,0x15,0xff,
    0x57,0x34,0x15,0xff,0x5b,0x33,0x16,0xff,0x5a,0x34,0x16,0xff,0x57,0x34,0x15,0xff,
    0x56,0x33,0x15,0xff,0x59,0x33,0x15,0xff,0x5a,0x32,0x15,0xff,0x5a,0x33,0x15,0xff,
    0x59,0x33,0x15,0xff,0x57,0x32,0x14,0xff,0x5a,0x32,0x15,0xff,0x55,0x33,0x15,0xff,
    0x5b,0x34,0x16,0xff,0x5a,0x36,0x18,0xff,0x3f,0x20,0x08,0xff,0x4f,0x2c,0x0e,0xff,
    0x5b,0x33,0x14,0xff,0x99,0x7e,0x69,0xff,0xa7,0x9d,0x95,0xff,0x58,0x58,0x51,0xff,
    0x27,0x2a,0x25,0xff,0x3a,0x3a,0x37,0xff,0x3d,0x3e,0x3a,0xff,0x41,0x45,0x40,0xff,
    0x4a,0x4c,0x45,0xff,0x5a,0x5e,0x59,0xff,0x36,0x36,0x31,0xff,0x6e,0x6d,0x69,0xff,
    0x71,0x64,0x55,0xff,0x50,0x32,0x1c,0xff,0x3e,0x1e,0x0c,0xff,0x31,0x13,0x04,0xff,
    0x48,0x2b,0x19,0xff,0x98,0x89,0x7a,0xff,0x00,0x00,0x00,0x00,0x00,0x00,0x00,0x00,
    0x00,0x00,0x00,0x00,0x00,0x00,0x00,0x00,0x00,0x00,0x00,0x00,0x00,0x00,0x00,0x00,
    0x00,0x00,0x00,0x00,0x00,0x00,0x00,0x00,0x00,0x00,0x00,0x00,0x00,0x00,0x00,0x00,
    0x00,0x00,0x00,0x00,0x00,0x00,0x00,0x00,0x00,0x00,0x00,0x00,0x00,0x00,0x00,0x00,
    0x00,0x00,0x00,0x00,0x00,0x00,0x00,0x00,0x00,0x00,0x00,0x00,0x00,0x00,0x00,0x00,
    0x00,0x00,0x00,0x00,0x00,0x00,0x00,0x00,0x73,0x5c,0x49,0xff,0x7c,0x6d,0x60,0xff,
    0x4b,0x2d,0x15,0xff,0x3f,0x1a,0x06,0xff,0x4f,0x29,0x12,0xff,0x74,0x5c,0x43,0xff,
    0xb4,0xac,0xa1,0xff,0x2f,0x2c,0x2a,0xff,0x55,0x58,0x54,0xff,0x53,0x54,0x50,0xff,
    0x47,0x4b,0x46,0xff,0x3f,0x43,0x3f,0xff,0x3b,0x3e,0x39,0xff,0x2f,0x34,0x2f,0xff,
    0x49,0x50,0x4a,0xff,0xaa,0xa4,0x97,0xff,0xa6,0x86,0x69,0xff,0x9b,0x6b,0x48,0xff,
    0x5d,0x34,0x18,0xff,0x43,0x1e,0x08,0xff,0x67,0x3d,0x20,0xff,0x73,0x46,0x25,0xff,
    0x61,0x37,0x16,0xff,0x63,0x39,0x19,0xff,0x61,0x38,0x19,0xff,0x60,0x37,0x17,0xff,
    0x61,0x35,0x16,0xff,0x5e,0x36,0x16,0xff,0x60,0x36,0x17,0xff,0x60,0x36,0x18,0xff,
    0x5f,0x36,0x19,0xff,0x5e,0x36,0x19,0xff,0x5e,0x36,0x19,0xff,0x5e,0x37,0x19,0xff,
    0x60,0x37,0x1a,0xff,0x60,0x37,0x1a,0xff,0x5f,0x37,0x1a,0xff,0x60,0x36,0x19,0xff,
    0x5d,0x36,0x18,0xff,0x5e,0x36,0x18,0xff,0x5d,0x35,0x18,0xff,0x5d,0x36,0x17,0xff,
    0x5e,0x35,0x16,0xff,0x5d,0x36,0x16,0xff,0x5b,0x35,0x16,0xff,0x5d,0x34,0x16,0xff,
    0x5d,0x34,0x17,0xff,0x5c,0x35,0x17,0xff,0x5e,0x33,0x17,0xff,0x5b,0x34,0x16,0xff,
    0x5c,0x34,0x15,0xff,0x5a,0x33,0x15,0xff,0x59,0x33,0x15,0xff,0x58,0x32,0x15,0xff,
    0x5c,0x32,0x15,0xff,0x59,0x32,0x15,0xff,0x5a,0x33,0x15,0xff,0x5a,0x33,0x15,0xff,
    0x5b,0x33,0x16,0xff,0x59,0x33,0x16,0xff,0x59,0x33,0x15,0xff,0x57,0x33,0x15,0xff,
    0x5b,0x33,0x16,0xff,0x58,0x34,0x16,0xff,0x58,0x34,0x16,0xff,0x59,0x33,0x15,0xff,
    0x57,0x34,0x15,0xff,0x5a,0x33,0x16,0xff,0x59,0x33,0x16,0xff,0x58,0x33,0x15,0xff,
    0x57,0x33,0x16,0xff,0x59,0x32,0x15,0xff,0x58,0x33,0x15,0xff,0x59,0x32,0x15,0xff,
    0x56,0x32,0x14,0xff,0x57,0x33,0x15,0xff,0x5a,0x33,0x16,0xff,0x59,0x33,0x15,0xff,
    0x59,0x33,0x15,0xff,0x59,0x33,0x15,0xff,0x59,0x33,0x16,0xff,0x59,0x33,0x16,0xff,
    0x59,0x32,0x15,0xff,0x54,0x33,0x14,0xff,0x57,0x32,0x14,0xff,0x57,0x32,0x14,0xff,
    0x59,0x34,0x16,0xff,0x5a,0x36,0x18,0xff,0x41,0x21,0x0b,0xff,0x51,0x2c,0x10,0xff,
    0x5c,0x34,0x13,0xff,0x98,0x7b,0x64,0xff,0xaa,0x9d,0x96,0xff,0x63,0x5e,0x58,0xff,
    0x26,0x2b,0x26,0xff,0x3a,0x3c,0x38,0xff,0x3e,0x3f,0x3b,0xff,0x44,0x45,0x42,0xff,
    0x49,0x4c,0x48,0xff,0x5a,0x5d,0x5a,0xff,0x32,0x33,0x2e,0xff,0x74,0x71,0x6d,0xff,
    0x71,0x62,0x53,0xff,0x4d,0x33,0x1c,0xff,0x3e,0x1f,0x0d,0xff,0x2f,0x14,0x03,0xff,
    0x47,0x2d,0x19,0xff,0x98,0x8a,0x7a,0xff,0x00,0x00,0x00,0x00,0x00,0x00,0x00,0x00,
    0x00,0x00,0x00,0x00,0x00,0x00,0x00,0x00,0x00,0x00,0x00,0x00,0x00,0x00,0x00,0x00,
    0x00,0x00,0x00,0x00,0x00,0x00,0x00,0x00,0x00,0x00,0x00,0x00,0x00,0x00,0x00,0x00,
    0x00,0x00,0x00,0x00,0x00,0x00,0x00,0x00,0x00,0x00,0x00,0x00,0x00,0x00,0x00,0x00,
    0x00,0x00,0x00,0x00,0x00,0x00,0x00,0x00,0x00,0x00,0x00,0x00,0x00,0x00,0x00,0x00,
    0x00,0x00,0x00,0x00,0x00,0x00,0x00,0x00,0x75,0x61,0x4e,0xff,0x71,0x63,0x55,0xff,
    0x4a,0x2c,0x13,0xff,0x3b,0x1a,0x05,0xff,0x4b,0x28,0x11,0xff,0x72,0x58,0x3d,0xff,
    0xb7,0xae,0xa3,0xff,0x33,0x30,0x2f,0xff,0x54,0x53,0x4f,0xff,0x51,0x55,0x50,0xff,
    0x48,0x4a,0x46,0xff,0x40,0x43,0x3f,0xff,0x39,0x3f,0x39,0xff,0x32,0x31,0x2d,0xff,
    0x55,0x57,0x53,0xff,0xab,0xa6,0x99,0xff,0xa6,0x80,0x63,0xff,0x96,0x6a,0x45,0xff,
    0x5a,0x31,0x17,0xff,0x45,0x1e,0x08,0xff,0x65,0x3e,0x20,0xff,0x73,0x46,0x25,0xff,
    0x61,0x37,0x16,0xff,0x66,0x38,0x19,0xff,0x61,0x38,0x18,0xff,0x60,0x36,0x17,0xff,
    0x5e,0x36,0x16,0xff,0x60,0x35,0x17,0xff,0x60,0x36,0x19,0xff,0x60,0x36,0x19,0xff,
    0x61,0x36,0x19,0xff,0x5d,0x36,0x19,0xff,0x5f,0x37,0x18,0xff,0x60,0x36,0x17,0xff,
    0x5c,0x36,0x19,0xff,0x5f,0x37,0x19,0xff,0x5f,0x37,0x1a,0xff,0x60,0x37,0x19,0xff,
    0x5d,0x36,0x16,0xff,0x5e,0x36,0x16,0xff,0x5b,0x35,0x17,0xff,0x5c,0x35,0x17,0xff,
    0x5e,0x35,0x16,0xff,0x5d,0x35,0x15,0xff,0x5d,0x34,0x15,0xff,0x5a,0x34,0x15,0xff,
    0x5c,0x33,0x16,0xff,0x5b,0x34,0x16,0xff,0x5b,0x33,0x16,0xff,0x5d,0x33,0x16,0xff,
    0x5c,0x33,0x16,0xff,0x58,0x33,0x15,0xff,0x5c,0x32,0x15,0xff,0x59,0x32,0x15,0xff,
    0x5a,0x32,0x15,0xff,0x5a,0x32,0x15,0xff,0x5b,0x32,0x15,0xff,0x59,0x32,0x15,0xff,
    0x5b,0x32,0x15,0xff,0x5a,0x34,0x15,0xff,0x5a,0x33,0x15,0xff,0x5a,0x33,0x16,0xff,
    0x5b,0x33,0x16,0xff,0x59,0x33,0x16,0xff,0x59,0x33,0x16,0xff,0x57,0x33,0x15,0xff,
    0x5a,0x33,0x15,0xff,0x58,0x33,0x15,0xff,0x58,0x33,0x16,0xff,0x59,0x32,0x15,0xff,
    0x54,0x33,0x14,0xff,0x58,0x32,0x15,0xff,0x5b,0x32,0x15,0xff,0x56,0x33,0x15,0xff,
    0x58,0x33,0x14,0xff,0x56,0x33,0x14,0xff,0x58,0x32,0x15,0xff,0x57,0x33,0x15,0xff,
    0x58,0x33,0x15,0xff,0x58,0x33,0x15,0xff,0x58,0x32,0x15,0xff,0x59,0x32,0x14,0xff,
    0x59,0x32,0x15,0xff,0x58,0x32,0x15,0xff,0x56,0x33,0x14,0xff,0x58,0x31,0x14,0xff,
    0x5b,0x34,0x16,0xff,0x5b,0x37,0x18,0xff,0x42,0x22,0x0b,0xff,0x50,0x2c,0x10,0xff,
    0x5f,0x35,0x15,0xff,0x96,0x77,0x60,0xff,0xa9,0x9c,0x94,0xff,0x69,0x66,0x5f,0xff,
    0x26,0x2a,0x26,0xff,0x3b,0x3d,0x38,0xff,0x3f,0x41,0x3d,0xff,0x46,0x46,0x42,0xff,
    0x49,0x4d,0x48,0xff,0x5c,0x5c,0x58,0xff,0x31,0x30,0x2c,0xff,0x75,0x76,0x70,0xff,
    0x74,0x5f,0x50,0xff,0x50,0x34,0x1f,0xff,0x3d,0x20,0x0d,0xff,0x30,0x13,0x00,0xff,
    0x4b,0x2f,0x1b,0xff,0x97,0x86,0x76,0xff,0x00,0x00,0x00,0x00,0x00,0x00,0x00,0x00,
    0x00,0x00,0x00,0x00,0x00,0x00,0x00,0x00,0x00,0x00,0x00,0x00,0x00,0x00,0x00,0x00,
    0x00,0x00,0x00,0x00,0x00,0x00,0x00,0x00,0x00,0x00,0x00,0x00,0x00,0x00,0x00,0x00,
    0x00,0x00,0x00,0x00,0x00,0x00,0x00,0x00,0x00,0x00,0x00,0x00,0x00,0x00,0x00,0x00,
    0x00,0x00,0x00,0x00,0x00,0x00,0x00,0x00,0x00,0x00,0x00,0x00,0x00,0x00,0x00,0x00,
    0x00,0x00,0x00,0x00,0x00,0x00,0x00,0x00,0x72,0x5b,0x4a,0xff,0x6b,0x5b,0x4d,0xff,
    0x4c,0x2c,0x12,0xff,0x3d,0x1d,0x06,0xff,0x48,0x28,0x10,0xff,0x6e,0x54,0x39,0xff,
    0xbb,0xb1,0xa5,0xff,0x39,0x38,0x35,0xff,0x4e,0x4e,0x4a,0xff,0x51,0x56,0x51,0xff,
    0x4a,0x4a,0x46,0xff,0x42,0x43,0x3f,0xff,0x3c,0x40,0x3b,0xff,0x2f,0x31,0x2c,0xff,
    0x5e,0x5e,0x5a,0xff,0xaf,0xa5,0x98,0xff,0xa6,0x7d,0x5f,0xff,0x93,0x67,0x42,0xff,
    0x59,0x30,0x16,0xff,0x47,0x1f,0x08,0xff,0x67,0x3e,0x21,0xff,0x73,0x45,0x24,0xff,
    0x61,0x37,0x17,0xff,0x63,0x38,0x18,0xff,0x61,0x37,0x17,0xff,0x62,0x36,0x17,0xff,
    0x60,0x37,0x17,0xff,0x60,0x36,0x17,0xff,0x5f,0x35,0x17,0xff,0x60,0x35,0x18,0xff,
    0x62,0x35,0x17,0xff,0x5e,0x36,0x18,0xff,0x5e,0x36,0x18,0xff,0x60,0x36,0x18,0xff,
    0x5e,0x36,0x19,0xff,0x5d,0x36,0x19,0xff,0x5d,0x37,0x19,0xff,0x5d,0x36,0x19,0xff,
    0x5f,0x36,0x17,0xff,0x5f,0x36,0x19,0xff,0x5d,0x35,0x17,0xff,0x5c,0x36,0x16,0xff,
    0x5c,0x35,0x15,0xff,0x5d,0x35,0x15,0xff,0x5e,0x34,0x17,0xff,0x5c,0x34,0x16,0xff,
    0x5b,0x33,0x16,0xff,0x5b,0x33,0x16,0xff,0x5a,0x33,0x16,0xff,0x5e,0x32,0x16,0xff,
    0x5c,0x32,0x15,0xff,0x59,0x32,0x15,0xff,0x5b,0x32,0x15,0xff,0x5b,0x31,0x14,0xff,
    0x59,0x31,0x14,0xff,0x59,0x33,0x15,0xff,0x5a,0x32,0x15,0xff,0x59,0x32,0x14,0xff,
    0x5b,0x32,0x14,0xff,0x5a,0x32,0x14,0xff,0x59,0x33,0x15,0xff,0x59,0x33,0x16,0xff,
    0x59,0x33,0x15,0xff,0x5a,0x33,0x16,0xff,0x5a,0x32,0x15,0xff,0x59,0x33,0x15,0xff,
    0x59,0x33,0x15,0xff,0x56,0x33,0x15,0xff,0x59,0x32,0x15,0xff,0x5a,0x32,0x15,0xff,
    0x56,0x32,0x14,0xff,0x58,0x32,0x14,0xff,0x59,0x32,0x14,0xff,0x58,0x32,0x14,0xff,
    0x57,0x33,0x15,0xff,0x57,0x33,0x15,0xff,0x57,0x32,0x14,0xff,0x58,0x32,0x15,0xff,
    0x59,0x33,0x15,0xff,0x58,0x33,0x15,0xff,0x57,0x33,0x15,0xff,0x57,0x32,0x14,0xff,
    0x59,0x33,0x15,0xff,0x5a,0x32,0x15,0xff,0x58,0x32,0x14,0xff,0x58,0x31,0x13,0xff,
    0x5d,0x34,0x16,0xff,0x5d,0x37,0x17,0xff,0x45,0x22,0x0a,0xff,0x4e,0x2b,0x10,0xff,
    0x60,0x36,0x16,0xff,0x92,0x74,0x5b,0xff,0xab,0x9a,0x8f,0xff,0x6d,0x69,0x62,0xff,
    0x23,0x27,0x23,0xff,0x3a,0x3e,0x39,0xff,0x40,0x41,0x3d,0xff,0x46,0x46,0x41,0xff,
    0x4c,0x4d,0x49,0xff,0x5a,0x5d,0x59,0xff,0x2f,0x2e,0x2b,0xff,0x79,0x7a,0x74,0xff,
    0x72,0x5b,0x4c,0xff,0x53,0x36,0x1f,0xff,0x3f,0x21,0x0d,0xff,0x30,0x13,0x01,0xff,
    0x4f,0x33,0x1e,0xff,0x9e,0x8c,0x7d,0xff,0x00,0x00,0x00,0x00,0x00,0x00,0x00,0x00,
    0x00,0x00,0x00,0x00,0x00,0x00,0x00,0x00,0x00,0x00,0x00,0x00,0x00,0x00,0x00,0x00,
    0x00,0x00,0x00,0x00,0x00,0x00,0x00,0x00,0x00,0x00,0x00,0x00,0x00,0x00,0x00,0x00,
    0x00,0x00,0x00,0x00,0x00,0x00,0x00,0x00,0x00,0x00,0x00,0x00,0x00,0x00,0x00,0x00,
    0x00,0x00,0x00,0x00,0x00,0x00,0x00,0x00,0x00,0x00,0x00,0x00,0x00,0x00,0x00,0x00,
    0x00,0x00,0x00,0x00,0x00,0x00,0x00,0x00,0x6e,0x58,0x47,0xff,0x62,0x53,0x48,0xff,
    0x46,0x25,0x0f,0xff,0x44,0x1e,0x05,0xff,0x49,0x29,0x10,0xff,0x6a,0x51,0x37,0xff,
    0xbd,0xb3,0xa7,0xff,0x42,0x3c,0x38,0xff,0x48,0x46,0x41,0xff,0x53,0x57,0x53,0xff,
    0x45,0x4b,0x47,0xff,0x41,0x45,0x40,0xff,0x41,0x43,0x3e,0xff,0x28,0x2f,0x29,0xff,
    0x5e,0x61,0x5d,0xff,0xad,0xa5,0x96,0xff,0xa3,0x7b,0x5b,0xff,0x95,0x65,0x41,0xff,
    0x56,0x30,0x14,0xff,0x44,0x22,0x0a,0xff,0x66,0x3e,0x20,0xff,0x70,0x45,0x23,0xff,
    0x64,0x36,0x17,0xff,0x63,0x38,0x19,0xff,0x60,0x38,0x18,0xff,0x5f,0x37,0x17,0xff,
    0x60,0x36,0x17,0xff,0x61,0x36,0x15,0xff,0x5e,0x36,0x16,0xff,0x5c,0x36,0x17,0xff,
    0x5d,0x36,0x17,0xff,0x60,0x36,0x18,0xff,0x5d,0x35,0x19,0xff,0x5d,0x36,0x18,0xff,
    0x5f,0x35,0x18,0xff,0x5e,0x36,0x19,0xff,0x5f,0x35,0x18,0xff,0x5d,0x36,0x19,0xff,
    0x5c,0x37,0x18,0xff,0x5c,0x36,0x18,0xff,0x5d,0x36,0x17,0xff,0x5d,0x36,0x16,0xff,
    0x5c,0x35,0x15,0xff,0x5a,0x35,0x15,0xff,0x5a,0x35,0x16,0xff,0x5b,0x34,0x16,0xff,
    0x5c,0x33,0x16,0xff,0x5a,0x32,0x15,0xff,0x57,0x33,0x15,0xff,0x57,0x32,0x14,0xff,
    0x5a,0x32,0x14,0xff,0x5b,0x32,0x15,0xff,0x58,0x32,0x14,0xff,0x5a,0x32,0x13,0xff,
    0x59,0x31,0x14,0xff,0x59,0x31,0x14,0xff,0x5b,0x31,0x14,0xff,0x58,0x32,0x14,0xff,
    0x57,0x32,0x14,0xff,0x58,0x32,0x14,0xff,0x58,0x32,0x15,0xff,0x5a,0x32,0x15,0xff,
    0x59,0x33,0x15,0xff,0x57,0x33,0x15,0xff,0x58,0x33,0x15,0xff,0x59,0x32,0x15,0xff,
    0x59,0x32,0x14,0xff,0x56,0x32,0x14,0xff,0x56,0x33,0x15,0xff,0x57,0x32,0x14,0xff,
    0x59,0x32,0x14,0xff,0x57,0x32,0x14,0xff,0x57,0x32,0x14,0xff,0x5a,0x32,0x15,0xff,
    0x59,0x33,0x15,0xff,0x59,0x32,0x15,0xff,0x58,0x32,0x14,0xff,0x56,0x33,0x15,0xff,
    0x58,0x33,0x15,0xff,0x57,0x33,0x15,0xff,0x58,0x32,0x15,0xff,0x59,0x32,0x15,0xff,
    0x56,0x32,0x14,0xff,0x56,0x32,0x14,0xff,0x57,0x32,0x14,0xff,0x59,0x31,0x13,0xff,
    0x5b,0x34,0x14,0xff,0x58,0x37,0x17,0xff,0x3e,0x22,0x0b,0xff,0x4d,0x28,0x10,0xff,
    0x63,0x35,0x18,0xff,0x8f,0x71,0x57,0xff,0xa7,0x98,0x8b,0xff,0x6e,0x6d,0x66,0xff,
    0x18,0x19,0x15,0xff,0x3d,0x3f,0x3a,0xff,0x3e,0x42,0x3d,0xff,0x43,0x47,0x42,0xff,
    0x4c,0x4e,0x49,0xff,0x58,0x5c,0x58,0xff,0x2e,0x2b,0x28,0xff,0x80,0x80,0x79,0xff,
    0x6a,0x59,0x49,0xff,0x50,0x37,0x1f,0xff,0x3f,0x21,0x0b,0xff,0x37,0x16,0x05,0xff,
    0x3d,0x24,0x11,0xff,0x8a,0x7e,0x71,0xff,0x78,0x5a,0x42,0xff,0x00,0x00,0x00,0x00,
    0x00,0x00,0x00,0x00,0x00,0x00,0x00,0x00,0x00,0x00,0x00,0x00,0x00,0x00,0x00,0x00,
    0x00,0x00,0x00,0x00,0x00,0x00,0x00,0x00,0x00,0x00,0x00,0x00,0x00,0x00,0x00,0x00,
    0x00,0x00,0x00,0x00,0x00,0x00,0x00,0x00,0x00,0x00,0x00,0x00,0x00,0x00,0x00,0x00,
    0x00,0x00,0x00,0x00,0x00,0x00,0x00,0x00,0x00,0x00,0x00,0x00,0x00,0x00,0x00,0x00,
    0x00,0x00,0x00,0x00,0x00,0x00,0x00,0x00,0x78,0x61,0x4e,0xff,0x36,0x32,0x2d,0xff,
    0x19,0x0c,0x01,0xff,0x48,0x24,0x09,0xff,0x4f,0x2b,0x11,0xff,0x6d,0x4e,0x35,0xff,
    0xbe,0xb4,0xa9,0xff,0x43,0x41,0x3b,0xff,0x3c,0x3a,0x36,0xff,0x57,0x5a,0x56,0xff,
    0x48,0x4d,0x47,0xff,0x41,0x46,0x41,0xff,0x46,0x49,0x44,0xff,0x11,0x17,0x12,0xff,
    0x62,0x64,0x60,0xff,0xb2,0xa4,0x95,0xff,0x9d,0x78,0x56,0xff,0x93,0x63,0x40,0xff,
    0x56,0x2f,0x14,0xff,0x46,0x24,0x0b,0xff,0x68,0x3e,0x21,0xff,0x72,0x43,0x22,0xff,
    0x63,0x37,0x17,0xff,0x65,0x38,0x19,0xff,0x64,0x38,0x18,0xff,0x61,0x37,0x18,0xff,
    0x5f,0x37,0x17,0xff,0x5e,0x36,0x16,0xff,0x5f,0x36,0x16,0xff,0x61,0x35,0x16,0xff,
    0x5d,0x36,0x18,0xff,0x5e,0x35,0x18,0xff,0x5d,0x35,0x18,0xff,0x5b,0x36,0x18,0xff,
    0x5f,0x35,0x18,0xff,0x5d,0x36,0x19,0xff,0x5d,0x36,0x19,0xff,0x5e,0x35,0x18,0xff,
    0x5f,0x36,0x19,0xff,0x5d,0x35,0x17,0xff,0x5d,0x35,0x17,0xff,0x5d,0x34,0x16,0xff,
    0x5c,0x35,0x16,0xff,0x5c,0x34,0x14,0xff,0x5c,0x33,0x15,0xff,0x5a,0x33,0x16,0xff,
    0x57,0x33,0x15,0xff,0x58,0x32,0x15,0xff,0x58,0x32,0x14,0xff,0x58,0x31,0x14,0xff,
    0x57,0x31,0x13,0xff,0x59,0x31,0x14,0xff,0x56,0x32,0x13,0xff,0x58,0x31,0x13,0xff,
    0x59,0x31,0x14,0xff,0x57,0x31,0x13,0xff,0x58,0x30,0x13,0xff,0x5b,0x31,0x14,0xff,
    0x5a,0x31,0x14,0xff,0x58,0x32,0x14,0xff,0x59,0x31,0x14,0xff,0x58,0x32,0x14,0xff,
    0x59,0x33,0x15,0xff,0x59,0x32,0x15,0xff,0x59,0x33,0x15,0xff,0x57,0x32,0x14,0xff,
    0x56,0x32,0x14,0xff,0x58,0x32,0x14,0xff,0x5a,0x32,0x15,0xff,0x56,0x32,0x14,0xff,
    0x58,0x32,0x14,0xff,0x57,0x32,0x14,0xff,0x55,0x32,0x14,0xff,0x59,0x31,0x14,0xff,
    0x58,0x32,0x14,0xff,0x58,0x32,0x14,0xff,0x58,0x31,0x14,0xff,0x58,0x31,0x14,0xff,
    0x58,0x33,0x14,0xff,0x59,0x31,0x14,0xff,0x58,0x31,0x14,0xff,0x58,0x32,0x14,0xff,
    0x59,0x31,0x14,0xff,0x59,0x32,0x14,0xff,0x57,0x32,0x14,0xff,0x57,0x31,0x14,0xff,
    0x5b,0x33,0x15,0xff,0x5e,0x36,0x17,0xff,0x45,0x21,0x0a,0xff,0x4a,0x27,0x0d,0xff,
    0x60,0x36,0x17,0xff,0x8f,0x6c,0x53,0xff,0xa7,0x96,0x8a,0xff,0x73,0x6f,0x6b,0xff,
    0x06,0x06,0x03,0xff,0x33,0x35,0x30,0xff,0x43,0x44,0x40,0xff,0x45,0x47,0x42,0xff,
    0x4d,0x4f,0x4b,0xff,0x59,0x5a,0x56,0xff,0x28,0x2a,0x25,0xff,0x87,0x84,0x7d,0xff,
    0x69,0x56,0x46,0xff,0x54,0x37,0x22,0xff,0x3e,0x20,0x0c,0xff,0x38,0x1b,0x0a,0xff,
    0x19,0x07,0x00,0xff,0x66,0x5a,0x50,0xff,0x85,0x6a,0x54,0xff,0x00,0x00,0x00,0x00,
    0x00,0x00,0x00,0x00,0x00,0x00,0x00,0x00,0x00,0x00,0x00,0x00,0x00,0x00,0x00,0x00,
    0x00,0x00,0x00,0x00,0x00,0x00,0x00,0x00,0x00,0x00,0x00,0x00,0x00,0x00,0x00,0x00,
    0x00,0x00,0x00,0x00,0x00,0x00,0x00,0x00,0x00,0x00,0x00,0x00,0x00,0x00,0x00,0x00,
    0x00,0x00,0x00,0x00,0x00,0x00,0x00,0x00,0x00,0x00,0x00,0x00,0x00,0x00,0x00,0x00,
    0x00,0x00,0x00,0x00,0x00,0x00,0x00,0x00,0x91,0x7a,0x6b,0xff,0x21,0x20,0x1f,0xff,
    0x0e,0x06,0x00,0xff,0x4b,0x25,0x0b,0xff,0x50,0x2f,0x12,0xff,0x6c,0x4c,0x33,0xff,
    0xbe,0xb3,0xa8,0xff,0x49,0x47,0x40,0xff,0x34,0x31,0x2d,0xff,0x58,0x5d,0x58,0xff,
    0x48,0x4b,0x47,0xff,0x47,0x4d,0x47,0xff,0x36,0x3a,0x35,0xff,0x00,0x00,0x00,0xff,
    0x75,0x78,0x73,0xff,0xb0,0x9f,0x8c,0xff,0x9f,0x76,0x53,0xff,0x8f,0x60,0x3d,0xff,
    0x54,0x2d,0x13,0xff,0x49,0x24,0x0d,0xff,0x64,0x3e,0x21,0xff,0x72,0x44,0x22,0xff,
    0x64,0x38,0x18,0xff,0x63,0x39,0x19,0xff,0x63,0x38,0x18,0xff,0x61,0x38,0x18,0xff,
    0x61,0x36,0x17,0xff,0x5f,0x36,0x15,0xff,0x5e,0x36,0x15,0xff,0x5f,0x35,0x17,0xff,
    0x5f,0x36,0x19,0xff,0x5d,0x36,0x18,0xff,0x5d,0x35,0x18,0xff,0x5d,0x36,0x18,0xff,
    0x5d,0x35,0x18,0xff,0x5e,0x35,0x18,0xff,0x5e,0x35,0x18,0xff,0x5c,0x36,0x18,0xff,
    0x5f,0x34,0x18,0xff,0x5c,0x35,0x17,0xff,0x5c,0x35,0x17,0xff,0x5f,0x34,0x18,0xff,
    0x5b,0x35,0x17,0xff,0x5c,0x34,0x15,0xff,0x5b,0x32,0x14,0xff,0x5c,0x32,0x15,0xff,
    0x57,0x32,0x13,0xff,0x58,0x31,0x14,0xff,0x56,0x31,0x14,0xff,0x58,0x30,0x13,0xff,
    0x58,0x30,0x13,0xff,0x58,0x31,0x13,0xff,0x58,0x30,0x13,0xff,0x57,0x30,0x13,0xff,
    0x57,0x30,0x13,0xff,0x58,0x31,0x13,0xff,0x56,0x31,0x13,0xff,0x5a,0x31,0x14,0xff,
    0x5b,0x30,0x14,0xff,0x56,0x31,0x14,0xff,0x59,0x31,0x14,0xff,0x59,0x32,0x14,0xff,
    0x56,0x32,0x14,0xff,0x59,0x32,0x14,0xff,0x58,0x31,0x13,0xff,0x58,0x31,0x14,0xff,
    0x57,0x32,0x14,0xff,0x56,0x32,0x14,0xff,0x57,0x31,0x14,0xff,0x58,0x30,0x13,0xff,
    0x57,0x32,0x14,0xff,0x58,0x32,0x14,0xff,0x57,0x32,0x14,0xff,0x58,0x32,0x14,0xff,
    0x58,0x32,0x14,0xff,0x56,0x31,0x13,0xff,0x54,0x31,0x13,0xff,0x58,0x30,0x13,0xff,
    0x55,0x31,0x13,0xff,0x55,0x31,0x13,0xff,0x59,0x31,0x13,0xff,0x55,0x32,0x13,0xff,
    0x57,0x31,0x13,0xff,0x58,0x31,0x14,0xff,0x59,0x31,0x13,0xff,0x57,0x32,0x13,0xff,
    0x5b,0x33,0x14,0xff,0x5c,0x37,0x17,0xff,0x48,0x23,0x0b,0xff,0x48,0x25,0x0b,0xff,
    0x5d,0x37,0x16,0xff,0x8f,0x67,0x4d,0xff,0xa5,0x93,0x84,0xff,0x78,0x75,0x70,0xff,
    0x04,0x01,0x00,0xff,0x19,0x1c,0x17,0xff,0x3f,0x3f,0x3b,0xff,0x48,0x48,0x44,0xff,
    0x4a,0x50,0x4b,0xff,0x56,0x56,0x52,0xff,0x29,0x2b,0x25,0xff,0x8d,0x8b,0x85,0xff,
    0x66,0x52,0x40,0xff,0x55,0x37,0x21,0xff,0x40,0x21,0x0b,0xff,0x34,0x1b,0x08,0xff,
    0x11,0x04,0x00,0xff,0x54,0x4a,0x43,0xff,0x80,0x63,0x4c,0xff,0x00,0x00,0x00,0x00,
    0x00,0x00,0x00,0x00,0x00,0x00,0x00,0x00,0x00,0x00,0x00,0x00,0x00,0x00,0x00,0x00,
    0x00,0x00,0x00,0x00,0x00,0x00,0x00,0x00,0x00,0x00,0x00,0x00,0x00,0x00,0x00,0x00,
    0x00,0x00,0x00,0x00,0x00,0x00,0x00,0x00,0x00,0x00,0x00,0x00,0x00,0x00,0x00,0x00,
    0x00,0x00,0x00,0x00,0x00,0x00,0x00,0x00,0x00,0x00,0x00,0x00,0x00,0x00,0x00,0x00,
    0x00,0x00,0x00,0x00,0x00,0x00,0x00,0x00,0xb3,0xa1,0x94,0xff,0x3a,0x31,0x2a,0xff,
    0x10,0x06,0x00,0xff,0x4b,0x26,0x0c,0xff,0x51,0x31,0x12,0xff,0x6b,0x4b,0x30,0xff,
    0xbc,0xb0,0xa3,0xff,0x55,0x4f,0x49,0xff,0x2a,0x26,0x23,0xff,0x5a,0x5c,0x57,0xff,
    0x4a,0x4f,0x4a,0xff,0x45,0x48,0x43,0xff,0x12,0x13,0x10,0xff,0x04,0x05,0x04,0xff,
    0x8a,0x8b,0x86,0xff,0xa9,0x97,0x83,0xff,0x9e,0x75,0x52,0xff,0x8a,0x5d,0x3a,0xff,
    0x53,0x2c,0x13,0xff,0x4a,0x26,0x0e,0xff,0x64,0x3f,0x22,0xff,0x6d,0x45,0x23,0xff,
    0x65,0x39,0x18,0xff,0x66,0x39,0x1a,0xff,0x62,0x38,0x19,0xff,0x60,0x38,0x18,0xff,
    0x5f,0x36,0x17,0xff,0x5f,0x36,0x15,0xff,0x60,0x36,0x16,0xff,0x5e,0x36,0x17,0xff,
    0x5e,0x36,0x18,0xff,0x5e,0x35,0x18,0xff,0x5e,0x35,0x18,0xff,0x5f,0x35,0x18,0xff,
    0x60,0x35,0x18,0xff,0x5d,0x35,0x18,0xff,0x5d,0x35,0x18,0xff,0x5b,0x34,0x16,0xff,
    0x5c,0x33,0x17,0xff,0x5b,0x35,0x17,0xff,0x58,0x35,0x17,0xff,0x5a,0x34,0x16,0xff,
    0x5d,0x34,0x16,0xff,0x5a,0x33,0x15,0xff,0x59,0x33,0x15,0xff,0x58,0x31,0x14,0xff,
    0x58,0x31,0x14,0xff,0x5a,0x31,0x14,0xff,0x58,0x31,0x13,0xff,0x57,0x30,0x13,0xff,
    0x58,0x2f,0x12,0xff,0x58,0x2f,0x12,0xff,0x58,0x2f,0x13,0xff,0x59,0x2f,0x12,0xff,
    0x59,0x31,0x14,0xff,0x58,0x31,0x13,0xff,0x57,0x31,0x14,0xff,0x59,0x30,0x13,0xff,
    0x59,0x31,0x14,0xff,0x56,0x32,0x14,0xff,0x55,0x31,0x13,0xff,0x58,0x30,0x13,0xff,
    0x57,0x30,0x13,0xff,0x56,0x32,0x14,0xff,0x56,0x32,0x14,0xff,0x57,0x31,0x14,0xff,
    0x59,0x31,0x13,0xff,0x57,0x30,0x13,0xff,0x56,0x31,0x13,0xff,0x57,0x31,0x13,0xff,
    0x57,0x31,0x13,0xff,0x58,0x30,0x13,0xff,0x59,0x31,0x13,0xff,0x59,0x31,0x13,0xff,
    0x55,0x31,0x13,0xff,0x56,0x31,0x13,0xff,0x54,0x32,0x13,0xff,0x56,0x30,0x13,0xff,
    0x54,0x31,0x13,0xff,0x54,0x31,0x12,0xff,0x55,0x30,0x12,0xff,0x57,0x30,0x13,0xff,
    0x55,0x30,0x13,0xff,0x56,0x31,0x13,0xff,0x55,0x31,0x13,0xff,0x58,0x30,0x13,0xff,
    0x5a,0x32,0x13,0xff,0x5d,0x37,0x15,0xff,0x45,0x24,0x0a,0xff,0x46,0x24,0x0a,0xff,
    0x5e,0x36,0x16,0xff,0x89,0x62,0x47,0xff,0xa4,0x8d,0x7b,0xff,0x83,0x82,0x7a,0xff,
    0x1b,0x1d,0x1b,0xff,0x08,0x0a,0x06,0xff,0x24,0x25,0x20,0xff,0x46,0x48,0x43,0xff,
    0x4b,0x51,0x4c,0xff,0x4c,0x51,0x4b,0xff,0x31,0x30,0x2c,0xff,0x94,0x8f,0x89,0xff,
    0x60,0x4d,0x3a,0xff,0x53,0x3a,0x22,0xff,0x41,0x23,0x0c,0xff,0x33,0x16,0x06,0xff,
    0x1b,0x10,0x05,0xff,0x57,0x4c,0x43,0xff,0x7d,0x61,0x4a,0xff,0x00,0x00,0x00,0x00,
    0x00,0x00,0x00,0x00,0x00,0x00,0x00,0x00,0x00,0x00,0x00,0x00,0x00,0x00,0x00,0x00,
    0x00,0x00,0x00,0x00,0x00,0x00,0x00,0x00,0x00,0x00,0x00,0x00,0x00,0x00,0x00,0x00,
    0x00,0x00,0x00,0x00,0x00,0x00,0x00,0x00,0x00,0x00,0x00,0x00,0x00,0x00,0x00,0x00,
    0x00,0x00,0x00,0x00,0x00,0x00,0x00,0x00,0x00,0x00,0x00,0x00,0x00,0x00,0x00,0x00,
    0x00,0x00,0x00,0x00,0x00,0x00,0x00,0x00,0xa8,0x96,0x85,0xff,0x97,0x7a,0x5d,0xff,
    0x21,0x0c,0x03,0xff,0x48,0x27,0x0d,0xff,0x58,0x34,0x14,0xff,0x6b,0x49,0x2f,0xff,
    0xba,0xab,0x9d,0xff,0x60,0x5f,0x56,0xff,0x15,0x18,0x14,0xff,0x54,0x59,0x53,0xff,
    0x4d,0x53,0x4e,0xff,0x1a,0x1d,0x19,0xff,0x0e,0x12,0x0e,0xff,0x1e,0x23,0x1f,0xff,
    0x99,0x9a,0x94,0xff,0xa8,0x8d,0x78,0xff,0xa1,0x72,0x51,0xff,0x86,0x5a,0x37,0xff,
    0x51,0x2d,0x13,0xff,0x4b,0x28,0x0e,0xff,0x66,0x3e,0x21,0xff,0x72,0x44,0x22,0xff,
    0x62,0x3b,0x1a,0xff,0x66,0x3a,0x1b,0xff,0x64,0x38,0x19,0xff,0x63,0x37,0x19,0xff,
    0x5e,0x36,0x19,0xff,0x5d,0x37,0x19,0xff,0x5d,0x36,0x18,0xff,0x5e,0x35,0x18,0xff,
    0x5c,0x36,0x18,0xff,0x5d,0x35,0x18,0xff,0x5b,0x36,0x18,0xff,0x5a,0x36,0x17,0xff,
    0x5d,0x34,0x17,0xff,0x5c,0x35,0x17,0xff,0x5c,0x34,0x17,0xff,0x5b,0x34,0x16,0xff,
    0x58,0x34,0x16,0xff,0x5a,0x34,0x16,0xff,0x5b,0x33,0x16,0xff,0x59,0x33,0x16,0xff,
    0x5a,0x33,0x15,0xff,0x5a,0x32,0x15,0xff,0x5b,0x31,0x14,0xff,0x57,0x31,0x13,0xff,
    0x56,0x31,0x13,0xff,0x54,0x30,0x12,0xff,0x57,0x30,0x13,0xff,0x56,0x30,0x12,0xff,
    0x56,0x2f,0x12,0xff,0x56,0x2e,0x10,0xff,0x54,0x32,0x10,0xff,0x41,0x22,0x09,0xff,
    0x41,0x21,0x0c,0xff,0x58,0x34,0x15,0xff,0x57,0x2f,0x12,0xff,0x56,0x30,0x12,0xff,
    0x57,0x30,0x13,0xff,0x57,0x30,0x12,0xff,0x57,0x30,0x12,0xff,0x55,0x31,0x13,0xff,
    0x58,0x31,0x13,0xff,0x58,0x31,0x13,0xff,0x58,0x30,0x13,0xff,0x56,0x31,0x13,0xff,
    0x55,0x31,0x13,0xff,0x55,0x30,0x13,0xff,0x57,0x31,0x13,0xff,0x56,0x31,0x13,0xff,
    0x57,0x32,0x13,0xff,0x55,0x31,0x13,0xff,0x54,0x31,0x13,0xff,0x58,0x31,0x13,0xff,
    0x55,0x31,0x13,0xff,0x56,0x31,0x13,0xff,0x55,0x31,0x13,0xff,0x52,0x32,0x13,0xff,
    0x56,0x31,0x13,0xff,0x58,0x30,0x12,0xff,0x53,0x2f,0x12,0xff,0x54,0x30,0x12,0xff,
    0x57,0x30,0x12,0xff,0x59,0x30,0x13,0xff,0x56,0x31,0x13,0xff,0x56,0x30,0x13,0xff,
    0x58,0x32,0x13,0xff,0x5f,0x36,0x15,0xff,0x47,0x23,0x0b,0xff,0x43,0x22,0x0b,0xff,
    0x5c,0x35,0x17,0xff,0x80,0x5f,0x40,0xff,0xa0,0x86,0x73,0xff,0x8e,0x89,0x80,0xff,
    0x26,0x29,0x27,0xff,0x1f,0x1f,0x1d,0xff,0x04,0x06,0x04,0xff,0x2d,0x2f,0x2a,0xff,
    0x51,0x53,0x4e,0xff,0x4e,0x4c,0x48,0xff,0x35,0x35,0x30,0xff,0x95,0x90,0x88,0xff,
    0x5e,0x44,0x33,0xff,0x58,0x39,0x23,0xff,0x41,0x22,0x0f,0xff,0x34,0x13,0x04,0xff,
    0x5a,0x38,0x1e,0xff,0x97,0x80,0x6c,0xff,0x7d,0x60,0x4a,0xff,0x00,0x00,0x00,0x00,
    0x00,0x00,0x00,0x00,0x00,0x00,0x00,0x00,0x00,0x00,0x00,0x00,0x00,0x00,0x00,0x00,
    0x00,0x00,0x00,0x00,0x00,0x00,0x00,0x00,0x00,0x00,0x00,0x00,0x00,0x00,0x00,0x00,
    0x00,0x00,0x00,0x00,0x00,0x00,0x00,0x00,0x00,0x00,0x00,0x00,0x00,0x00,0x00,0x00,
    0x00,0x00,0x00,0x00,0x00,0x00,0x00,0x00,0x00,0x00,0x00,0x00,0x00,0x00,0x00,0x00,
    0x00,0x00,0x00,0x00,0x00,0x00,0x00,0x00,0x8d,0x7e,0x70,0xff,0x9e,0x7e,0x5a,0xff,
    0x28,0x0f,0x08,0xff,0x42,0x26,0x0e,0xff,0x59,0x38,0x17,0xff,0x68,0x46,0x2c,0xff,
    0xb8,0xa5,0x98,0xff,0x6e,0x68,0x61,0xff,0x16,0x13,0x10,0xff,0x57,0x5b,0x55,0xff,
    0x2e,0x32,0x2e,0xff,0x08,0x08,0x06,0xff,0x30,0x2f,0x2a,0xff,0x2e,0x30,0x2a,0xff,
    0xa9,0xa8,0xa0,0xff,0x9a,0x82,0x69,0xff,0x9f,0x75,0x51,0xff,0x82,0x57,0x35,0xff,
    0x52,0x2a,0x12,0xff,0x4f,0x29,0x0f,0xff,0x65,0x3f,0x21,0xff,0x70,0x44,0x22,0xff,
    0x67,0x3a,0x1a,0xff,0x64,0x3a,0x1a,0xff,0x61,0x38,0x18,0xff,0x61,0x37,0x19,0xff,
    0x5f,0x37,0x1a,0xff,0x5f,0x36,0x19,0xff,0x5f,0x36,0x19,0xff,0x5d,0x35,0x18,0xff,
    0x5c,0x36,0x19,0xff,0x60,0x35,0x18,0xff,0x5e,0x35,0x18,0xff,0x5c,0x35,0x17,0xff,
    0x5c,0x34,0x17,0xff,0x5b,0x34,0x17,0xff,0x5b,0x34,0x16,0xff,0x5c,0x34,0x16,0xff,
    0x5a,0x34,0x16,0xff,0x59,0x34,0x16,0xff,0x58,0x34,0x16,0xff,0x5b,0x33,0x16,0xff,
    0x5a,0x32,0x15,0xff,0x59,0x33,0x15,0xff,0x57,0x32,0x14,0xff,0x57,0x31,0x14,0xff,
    0x57,0x31,0x13,0xff,0x56,0x30,0x12,0xff,0x56,0x30,0x12,0xff,0x54,0x2f,0x11,0xff,
    0x54,0x2e,0x11,0xff,0x57,0x2e,0x10,0xff,0x52,0x2e,0x0e,0xff,0x42,0x20,0x08,0xff,
    0x31,0x15,0x05,0xff,0x4d,0x2c,0x11,0xff,0x59,0x30,0x13,0xff,0x56,0x2f,0x11,0xff,
    0x57,0x2f,0x12,0xff,0x54,0x30,0x12,0xff,0x56,0x30,0x12,0xff,0x57,0x30,0x12,0xff,
    0x57,0x30,0x13,0xff,0x56,0x30,0x13,0xff,0x56,0x30,0x12,0xff,0x57,0x30,0x13,0xff,
    0x57,0x30,0x13,0xff,0x56,0x31,0x13,0xff,0x56,0x31,0x13,0xff,0x55,0x31,0x13,0xff,
    0x59,0x30,0x13,0xff,0x57,0x31,0x13,0xff,0x56,0x30,0x13,0xff,0x56,0x31,0x13,0xff,
    0x54,0x30,0x12,0xff,0x55,0x31,0x13,0xff,0x57,0x31,0x13,0xff,0x55,0x31,0x13,0xff,
    0x53,0x30,0x12,0xff,0x51,0x30,0x12,0xff,0x55,0x2f,0x11,0xff,0x55,0x2f,0x11,0xff,
    0x56,0x30,0x12,0xff,0x55,0x2f,0x11,0xff,0x56,0x2f,0x11,0xff,0x57,0x30,0x13,0xff,
    0x59,0x30,0x13,0xff,0x5c,0x36,0x16,0xff,0x46,0x23,0x0c,0xff,0x43,0x22,0x0b,0xff,
    0x5e,0x33,0x17,0xff,0x80,0x5b,0x3b,0xff,0x99,0x7d,0x67,0xff,0x9b,0x95,0x8b,0xff,
    0x2c,0x30,0x2d,0xff,0x2f,0x2e,0x2b,0xff,0x1b,0x1c,0x18,0xff,0x08,0x08,0x04,0xff,
    0x3a,0x3f,0x3a,0xff,0x50,0x4f,0x49,0xff,0x38,0x37,0x33,0xff,0x94,0x91,0x89,0xff,
    0x58,0x40,0x2e,0xff,0x55,0x39,0x24,0xff,0x3d,0x21,0x0f,0xff,0x2c,0x12,0x04,0xff,
    0x67,0x42,0x23,0xff,0x8c,0x74,0x5d,0xff,0x6c,0x4d,0x35,0xff,0x00,0x00,0x00,0x00,
    0x00,0x00,0x00,0x00,0x00,0x00,0x00,0x00,0x00,0x00,0x00,0x00,0x00,0x00,0x00,0x00,
    0x00,0x00,0x00,0x00,0x00,0x00,0x00,0x00,0x00,0x00,0x00,0x00,0x00,0x00,0x00,0x00,
    0x00,0x00,0x00,0x00,0x00,0x00,0x00,0x00,0x00,0x00,0x00,0x00,0x00,0x00,0x00,0x00,
    0x00,0x00,0x00,0x00,0x00,0x00,0x00,0x00,0x00,0x00,0x00,0x00,0x00,0x00,0x00,0x00,
    0x00,0x00,0x00,0x00,0x00,0x00,0x00,0x00,0x98,0x88,0x7a,0xff,0x99,0x7a,0x59,0xff,
    0x2a,0x14,0x09,0xff,0x40,0x26,0x0d,0xff,0x5a,0x3b,0x18,0xff,0x65,0x44,0x29,0xff,
    0xb5,0xa2,0x93,0xff,0x78,0x73,0x67,0xff,0x18,0x13,0x10,0xff,0x3f,0x42,0x3c,0xff,
    0x07,0x0b,0x08,0xff,0x2b,0x2c,0x27,0xff,0x31,0x31,0x2b,0xff,0x3a,0x3c,0x37,0xff,
    0xb1,0xae,0xa5,0xff,0x92,0x77,0x5b,0xff,0xa1,0x76,0x52,0xff,0x7e,0x56,0x32,0xff,
    0x4f,0x2a,0x11,0xff,0x51,0x2a,0x10,0xff,0x66,0x3f,0x20,0xff,0x6d,0x43,0x22,0xff,
    0x67,0x3b,0x1b,0xff,0x67,0x3a,0x1b,0xff,0x60,0x39,0x19,0xff,0x62,0x38,0x18,0xff,
    0x61,0x36,0x19,0xff,0x5d,0x36,0x19,0xff,0x5f,0x36,0x19,0xff,0x5d,0x37,0x19,0xff,
    0x5d,0x36,0x18,0xff,0x61,0x34,0x18,0xff,0x5d,0x35,0x17,0xff,0x5c,0x34,0x17,0xff,
    0x59,0x34,0x17,0xff,0x5d,0x34,0x16,0xff,0x5b,0x34,0x16,0xff,0x59,0x34,0x16,0xff,
    0x5b,0x33,0x16,0xff,0x5a,0x34,0x16,0xff,0x58,0x34,0x16,0xff,0x59,0x33,0x16,0xff,
    0x5c,0x32,0x15,0xff,0x59,0x33,0x15,0xff,0x56,0x31,0x14,0xff,0x59,0x31,0x14,0xff,
    0x56,0x31,0x13,0xff,0x56,0x30,0x13,0xff,0x56,0x30,0x12,0xff,0x53,0x2f,0x11,0xff,
    0x56,0x2e,0x10,0xff,0x55,0x2d,0x10,0xff,0x45,0x24,0x0a,0xff,0x5e,0x38,0x1d,0xff,
    0x43,0x26,0x0d,0xff,0x2e,0x16,0x06,0xff,0x56,0x30,0x12,0xff,0x58,0x2e,0x11,0xff,
    0x57,0x2f,0x12,0xff,0x55,0x2f,0x11,0xff,0x54,0x30,0x12,0xff,0x56,0x2f,0x12,0xff,
    0x58,0x2e,0x13,0xff,0x53,0x2f,0x13,0xff,0x56,0x2f,0x13,0xff,0x57,0x30,0x12,0xff,
    0x55,0x30,0x12,0xff,0x57,0x30,0x12,0xff,0x56,0x31,0x13,0xff,0x55,0x31,0x13,0xff,
    0x59,0x30,0x13,0xff,0x57,0x31,0x13,0xff,0x57,0x30,0x13,0xff,0x54,0x30,0x13,0xff,
    0x58,0x30,0x12,0xff,0x55,0x30,0x12,0xff,0x52,0x31,0x12,0xff,0x55,0x2f,0x11,0xff,
    0x53,0x2f,0x11,0xff,0x52,0x2f,0x11,0xff,0x53,0x2f,0x11,0xff,0x57,0x2e,0x11,0xff,
    0x54,0x2f,0x11,0xff,0x53,0x2f,0x11,0xff,0x57,0x2e,0x11,0xff,0x55,0x2f,0x12,0xff,
    0x58,0x32,0x13,0xff,0x5b,0x36,0x16,0xff,0x45,0x24,0x0d,0xff,0x42,0x21,0x0b,0xff,
    0x5c,0x33,0x16,0xff,0x7e,0x59,0x37,0xff,0x93,0x74,0x5c,0xff,0xa2,0x9a,0x8e,0xff,
    0x40,0x43,0x3e,0xff,0x22,0x27,0x22,0xff,0x36,0x37,0x33,0xff,0x18,0x18,0x15,0xff,
    0x0f,0x10,0x0d,0xff,0x48,0x49,0x42,0xff,0x3b,0x3b,0x35,0xff,0x97,0x91,0x88,0xff,
    0x51,0x3c,0x2b,0xff,0x57,0x3b,0x23,0xff,0x3b,0x23,0x0e,0xff,0x25,0x13,0x04,0xff,
    0x67,0x41,0x22,0xff,0x91,0x7a,0x66,0xff,0x71,0x53,0x3b,0xff,0x00,0x00,0x00,0x00,
    0x00,0x00,0x00,0x00,0x00,0x00,0x00,0x00,0x00,0x00,0x00,0x00,0x00,0x00,0x00,0x00,
    0x00,0x00,0x00,0x00,0x00,0x00,0x00,0x00,0x00,0x00,0x00,0x00,0x00,0x00,0x00,0x00,
    0x00,0x00,0x00,0x00,0x00,0x00,0x00,0x00,0x00,0x00,0x00,0x00,0x00,0x00,0x00,0x00,
    0x00,0x00,0x00,0x00,0x00,0x00,0x00,0x00,0x00,0x00,0x00,0x00,0x00,0x00,0x00,0x00,
    0x00,0x00,0x00,0x00,0x00,0x00,0x00,0x00,0x92,0x80,0x6f,0xff,0x99,0x79,0x5a,0xff,
    0x2c,0x13,0x09,0xff,0x40,0x24,0x0f,0xff,0x64,0x3f,0x1c,0xff,0x69,0x42,0x26,0xff,
    0xb0,0x9b,0x8b,0xff,0x90,0x86,0x7e,0xff,0x0c,0x0a,0x09,0xff,0x07,0x0a,0x07,0xff,
    0x27,0x27,0x23,0xff,0x3a,0x3f,0x38,0xff,0x27,0x28,0x22,0xff,0x4a,0x4b,0x47,0xff,
    0xaf,0xa8,0x9d,0xff,0x92,0x70,0x52,0xff,0xa3,0x75,0x53,0xff,0x7f,0x52,0x31,0xff,
    0x50,0x2b,0x10,0xff,0x52,0x2c,0x11,0xff,0x68,0x40,0x20,0xff,0x6f,0x43,0x22,0xff,
    0x63,0x3c,0x1c,0xff,0x64,0x3b,0x1b,0xff,0x62,0x39,0x1a,0xff,0x60,0x38,0x1a,0xff,
    0x60,0x36,0x1a,0xff,0x5f,0x36,0x19,0xff,0x5e,0x36,0x19,0xff,0x5f,0x35,0x18,0xff,
    0x5d,0x35,0x18,0xff,0x5c,0x34,0x17,0xff,0x5c,0x34,0x17,0xff,0x5e,0x33,0x17,0xff,
    0x5a,0x34,0x16,0xff,0x5c,0x33,0x16,0xff,0x5d,0x32,0x16,0xff,0x5a,0x34,0x16,0xff,
    0x5b,0x34,0x16,0xff,0x5a,0x34,0x16,0xff,0x5a,0x33,0x16,0xff,0x59,0x33,0x16,0xff,
    0x58,0x33,0x15,0xff,0x59,0x32,0x14,0xff,0x56,0x32,0x14,0xff,0x57,0x32,0x14,0xff,
    0x58,0x31,0x13,0xff,0x56,0x30,0x12,0xff,0x56,0x2f,0x12,0xff,0x57,0x2e,0x11,0xff,
    0x55,0x2e,0x11,0xff,0x53,0x2d,0x0f,0xff,0x44,0x23,0x0b,0xff,0x70,0x4c,0x30,0xff,
    0x4e,0x2e,0x14,0xff,0x1e,0x0c,0x03,0xff,0x51,0x2c,0x10,0xff,0x55,0x2e,0x10,0xff,
    0x56,0x2e,0x12,0xff,0x57,0x2f,0x11,0xff,0x58,0x2f,0x11,0xff,0x53,0x30,0x11,0xff,
    0x56,0x2f,0x12,0xff,0x54,0x2f,0x13,0xff,0x53,0x2f,0x12,0xff,0x56,0x30,0x12,0xff,
    0x56,0x30,0x12,0xff,0x56,0x30,0x12,0xff,0x59,0x30,0x13,0xff,0x55,0x31,0x13,0xff,
    0x56,0x31,0x13,0xff,0x57,0x31,0x13,0xff,0x58,0x30,0x12,0xff,0x57,0x30,0x12,0xff,
    0x58,0x30,0x13,0xff,0x57,0x2f,0x12,0xff,0x53,0x30,0x11,0xff,0x53,0x2f,0x11,0xff,
    0x53,0x2f,0x11,0xff,0x54,0x2e,0x10,0xff,0x52,0x2e,0x11,0xff,0x51,0x2f,0x11,0xff,
    0x55,0x2f,0x11,0xff,0x52,0x30,0x11,0xff,0x55,0x2f,0x11,0xff,0x56,0x30,0x12,0xff,
    0x59,0x32,0x13,0xff,0x5d,0x35,0x16,0xff,0x4a,0x25,0x0d,0xff,0x3d,0x21,0x0a,0xff,
    0x59,0x33,0x14,0xff,0x7a,0x56,0x36,0xff,0x8d,0x6e,0x55,0xff,0x9c,0x92,0x87,0xff,
    0x55,0x56,0x51,0xff,0x21,0x23,0x20,0xff,0x2f,0x32,0x30,0xff,0x3e,0x3f,0x3b,0xff,
    0x10,0x11,0x0e,0xff,0x16,0x13,0x10,0xff,0x53,0x52,0x4d,0xff,0x9f,0x96,0x8e,0xff,
    0x52,0x37,0x26,0xff,0x57,0x3c,0x25,0xff,0x3e,0x24,0x11,0xff,0x26,0x11,0x04,0xff,
    0x66,0x44,0x27,0xff,0x8e,0x78,0x65,0xff,0x6d,0x4e,0x35,0xff,0x00,0x00,0x00,0x00,
    0x00,0x00,0x00,0x00,0x00,0x00,0x00,0x00,0x00,0x00,0x00,0x00,0x00,0x00,0x00,0x00,
    0x00,0x00,0x00,0x00,0x00,0x00,0x00,0x00,0x00,0x00,0x00,0x00,0x00,0x00,0x00,0x00,
    0x00,0x00,0x00,0x00,0x00,0x00,0x00,0x00,0x00,0x00,0x00,0x00,0x00,0x00,0x00,0x00,
    0x00,0x00,0x00,0x00,0x00,0x00,0x00,0x00,0x00,0x00,0x00,0x00,0x00,0x00,0x00,0x00,
    0x00,0x00,0x00,0x00,0x00,0x00,0x00,0x00,0x94,0x84,0x75,0xff,0x8c,0x73,0x56,0xff,
    0x2c,0x13,0x09,0xff,0x3f,0x23,0x10,0xff,0x6b,0x4a,0x28,0xff,0x67,0x40,0x24,0xff,
    0xa9,0x95,0x84,0xff,0xa0,0x9d,0x97,0xff,0x07,0x06,0x05,0xff,0x17,0x1c,0x16,0xff,
    0x46,0x46,0x41,0xff,0x38,0x39,0x33,0xff,0x22,0x23,0x1e,0xff,0x62,0x64,0x61,0xff,
    0xa7,0x9f,0x93,0xff,0x90,0x6d,0x4c,0xff,0x9e,0x75,0x51,0xff,0x7a,0x51,0x2d,0xff,
    0x4f,0x2a,0x11,0xff,0x52,0x2d,0x12,0xff,0x64,0x41,0x22,0xff,0x6b,0x43,0x23,0xff,
    0x66,0x3c,0x1d,0xff,0x64,0x3c,0x1c,0xff,0x63,0x3a,0x1b,0xff,0x64,0x39,0x1c,0xff,
    0x60,0x38,0x1b,0xff,0x60,0x37,0x1a,0xff,0x5d,0x38,0x1a,0xff,0x5d,0x36,0x19,0xff,
    0x5f,0x35,0x18,0xff,0x5c,0x35,0x17,0xff,0x5c,0x34,0x17,0xff,0x5b,0x34,0x17,0xff,
    0x5a,0x34,0x16,0xff,0x5a,0x34,0x17,0xff,0x58,0x34,0x17,0xff,0x59,0x33,0x16,0xff,
    0x5b,0x33,0x15,0xff,0x59,0x34,0x16,0xff,0x57,0x33,0x16,0xff,0x5b,0x33,0x16,0xff,
    0x5a,0x32,0x15,0xff,0x57,0x32,0x14,0xff,0x58,0x31,0x13,0xff,0x58,0x31,0x13,0xff,
    0x57,0x31,0x13,0xff,0x56,0x2f,0x12,0xff,0x52,0x30,0x12,0xff,0x55,0x2e,0x11,0xff,
    0x56,0x2e,0x11,0xff,0x52,0x2e,0x11,0xff,0x43,0x21,0x09,0xff,0x51,0x2c,0x10,0xff,
    0x4f,0x2d,0x13,0xff,0x19,0x0c,0x02,0xff,0x50,0x2a,0x10,0xff,0x56,0x2d,0x0f,0xff,
    0x55,0x2e,0x10,0xff,0x54,0x2f,0x11,0xff,0x57,0x2f,0x11,0xff,0x57,0x2f,0x12,0xff,
    0x56,0x2f,0x13,0xff,0x56,0x2f,0x13,0xff,0x57,0x2f,0x12,0xff,0x56,0x30,0x12,0xff,
    0x57,0x2f,0x12,0xff,0x54,0x31,0x13,0xff,0x55,0x31,0x13,0xff,0x57,0x30,0x13,0xff,
    0x56,0x31,0x13,0xff,0x57,0x31,0x13,0xff,0x55,0x30,0x12,0xff,0x56,0x30,0x12,0xff,
    0x54,0x30,0x12,0xff,0x53,0x30,0x12,0xff,0x54,0x2f,0x11,0xff,0x54,0x2f,0x11,0xff,
    0x52,0x2f,0x11,0xff,0x51,0x2e,0x10,0xff,0x55,0x2e,0x10,0xff,0x54,0x2f,0x10,0xff,
    0x54,0x2f,0x10,0xff,0x54,0x2e,0x11,0xff,0x55,0x2f,0x11,0xff,0x56,0x30,0x12,0xff,
    0x58,0x31,0x13,0xff,0x58,0x36,0x17,0xff,0x49,0x26,0x0d,0xff,0x3f,0x20,0x0a,0xff,
    0x59,0x32,0x16,0xff,0x79,0x54,0x34,0xff,0x90,0x6b,0x51,0xff,0x97,0x85,0x78,0xff,
    0x66,0x6a,0x66,0xff,0x1b,0x20,0x1d,0xff,0x2e,0x31,0x2f,0xff,0x3b,0x3d,0x39,0xff,
    0x3c,0x42,0x3d,0xff,0x01,0x01,0x00,0xff,0x4b,0x4b,0x49,0xff,0xa0,0x9d,0x93,0xff,
    0x4d,0x34,0x22,0xff,0x60,0x3f,0x28,0xff,0x41,0x27,0x14,0xff,0x29,0x12,0x04,0xff,
    0x65,0x42,0x27,0xff,0x82,0x6d,0x59,0xff,0x66,0x44,0x2a,0xff,0x00,0x00,0x00,0x00,
    0x00,0x00,0x00,0x00,0x00,0x00,0x00,0x00,0x00,0x00,0x00,0x00,0x00,0x00,0x00,0x00,
    0x00,0x00,0x00,0x00,0x00,0x00,0x00,0x00,0x00,0x00,0x00,0x00,0x00,0x00,0x00,0x00,
    0x00,0x00,0x00,0x00,0x00,0x00,0x00,0x00,0x00,0x00,0x00,0x00,0x00,0x00,0x00,0x00,
    0x00,0x00,0x00,0x00,0x00,0x00,0x00,0x00,0x00,0x00,0x00,0x00,0x00,0x00,0x00,0x00,
    0x00,0x00,0x00,0x00,0x00,0x00,0x00,0x00,0x69,0x55,0x45,0xff,0x38,0x2e,0x25,0xff,
    0x20,0x0e,0x07,0xff,0x45,0x27,0x11,0xff,0x75,0x54,0x31,0xff,0x5f,0x3e,0x1f,0xff,
    0xa9,0x91,0x7e,0xff,0x9b,0x95,0x8d,0xff,0x03,0x00,0x00,0xff,0x3c,0x40,0x3a,0xff,
    0x42,0x42,0x3c,0xff,0x37,0x39,0x33,0xff,0x1c,0x1f,0x1a,0xff,0x7d,0x7e,0x7c,0xff,
    0x9c,0x8e,0x80,0xff,0x95,0x6d,0x4c,0xff,0x9e,0x72,0x4f,0xff,0x76,0x4e,0x2a,0xff,
    0x52,0x2c,0x13,0xff,0x57,0x31,0x13,0xff,0x64,0x41,0x23,0xff,0x6a,0x42,0x22,0xff,
    0x65,0x3d,0x1c,0xff,0x65,0x3d,0x1d,0xff,0x63,0x3b,0x1b,0xff,0x62,0x39,0x1b,0xff,
    0x61,0x38,0x1c,0xff,0x61,0x37,0x1a,0xff,0x5e,0x38,0x1a,0xff,0x5e,0x37,0x1a,0xff,
    0x60,0x35,0x18,0xff,0x5b,0x35,0x17,0xff,0x5b,0x35,0x17,0xff,0x5c,0x35,0x17,0xff,
    0x5a,0x35,0x17,0xff,0x5b,0x35,0x17,0xff,0x5a,0x34,0x17,0xff,0x58,0x34,0x16,0xff,
    0x5a,0x33,0x15,0xff,0x5a,0x34,0x16,0xff,0x59,0x33,0x15,0xff,0x59,0x32,0x15,0xff,
    0x59,0x33,0x15,0xff,0x57,0x31,0x14,0xff,0x58,0x32,0x14,0xff,0x58,0x32,0x14,0xff,
    0x56,0x2f,0x12,0xff,0x56,0x2f,0x12,0xff,0x54,0x30,0x13,0xff,0x58,0x2f,0x12,0xff,
    0x54,0x2e,0x10,0xff,0x53,0x30,0x11,0xff,0x44,0x21,0x0b,0xff,0x49,0x23,0x09,0xff,
    0x48,0x29,0x11,0xff,0x1a,0x0b,0x03,0xff,0x4d,0x2b,0x10,0xff,0x56,0x2d,0x0f,0xff,
    0x54,0x2d,0x10,0xff,0x56,0x2f,0x11,0xff,0x56,0x2f,0x11,0xff,0x56,0x30,0x12,0xff,
    0x55,0x2f,0x11,0xff,0x55,0x2f,0x11,0xff,0x56,0x2f,0x11,0xff,0x55,0x2f,0x11,0xff,
    0x56,0x2f,0x11,0xff,0x55,0x30,0x12,0xff,0x55,0x30,0x13,0xff,0x58,0x2f,0x13,0xff,
    0x54,0x31,0x13,0xff,0x56,0x30,0x12,0xff,0x57,0x31,0x13,0xff,0x56,0x30,0x12,0xff,
    0x56,0x2f,0x12,0xff,0x56,0x2f,0x12,0xff,0x53,0x2f,0x11,0xff,0x54,0x2f,0x10,0xff,
    0x53,0x2f,0x10,0xff,0x52,0x2f,0x11,0xff,0x54,0x2f,0x10,0xff,0x56,0x2e,0x11,0xff,
    0x53,0x2e,0x11,0xff,0x52,0x2e,0x10,0xff,0x54,0x2f,0x12,0xff,0x56,0x30,0x12,0xff,
    0x57,0x30,0x14,0xff,0x5b,0x35,0x16,0xff,0x4b,0x28,0x0e,0xff,0x41,0x22,0x0c,0xff,
    0x58,0x32,0x17,0xff,0x79,0x54,0x31,0xff,0x92,0x6c,0x4f,0xff,0x85,0x71,0x61,0xff,
    0x7b,0x7c,0x79,0xff,0x1b,0x20,0x1e,0xff,0x2e,0x31,0x2e,0xff,0x37,0x3a,0x35,0xff,
    0x46,0x47,0x43,0xff,0x17,0x17,0x14,0xff,0x3f,0x40,0x3f,0xff,0x97,0x8e,0x84,0xff,
    0x47,0x33,0x21,0xff,0x61,0x41,0x2a,0xff,0x49,0x2c,0x16,0xff,0x22,0x13,0x05,0xff,
    0x1f,0x0c,0x06,0xff,0x6e,0x61,0x55,0xff,0x7a,0x5b,0x42,0xff,0x00,0x00,0x00,0x00,
    0x00,0x00,0x00,0x00,0x00,0x00,0x00,0x00,0x00,0x00,0x00,0x00,0x00,0x00,0x00,0x00,
    0x00,0x00,0x00,0x00,0x00,0x00,0x00,0x00,0x00,0x00,0x00,0x00,0x00,0x00,0x00,0x00,
    0x00,0x00,0x00,0x00,0x00,0x00,0x00,0x00,0x00,0x00,0x00,0x00,0x00,0x00,0x00,0x00,
    0x00,0x00,0x00,0x00,0x00,0x00,0x00,0x00,0x00,0x00,0x00,0x00,0x00,0x00,0x00,0x00,
    0x00,0x00,0x00,0x00,0x00,0x00,0x00,0x00,0x5d,0x4a,0x39,0xff,0x0b,0x0b,0x0b,0xff,
    0x16,0x07,0x00,0xff,0x4c,0x2c,0x18,0xff,0x7a,0x58,0x38,0xff,0x5f,0x3d,0x1c,0xff,
    0x9d,0x87,0x73,0xff,0xa1,0x98,0x91,0xff,0x15,0x0f,0x0b,0xff,0x40,0x43,0x3e,0xff,
    0x3d,0x3f,0x3a,0xff,0x39,0x37,0x31,0xff,0x21,0x22,0x1d,0xff,0x96,0x99,0x95,0xff,
    0x7f,0x70,0x5f,0xff,0x9a,0x71,0x4f,0xff,0x9c,0x6e,0x4a,0xff,0x76,0x4b,0x29,0xff,
    0x41,0x24,0x10,0xff,0x4c,0x2b,0x13,0xff,0x69,0x44,0x27,0xff,0x6f,0x45,0x26,0xff,
    0x65,0x3f,0x20,0xff,0x63,0x3e,0x1d,0xff,0x66,0x3b,0x1b,0xff,0x60,0x39,0x1b,0xff,
    0x61,0x38,0x1c,0xff,0x65,0x37,0x1b,0xff,0x61,0x37,0x1a,0xff,0x5e,0x37,0x1a,0xff,
    0x5f,0x36,0x19,0xff,0x5d,0x36,0x18,0xff,0x5b,0x34,0x16,0xff,0x5a,0x33,0x15,0xff,
    0x5a,0x35,0x17,0xff,0x5d,0x34,0x16,0xff,0x5b,0x33,0x16,0xff,0x5a,0x34,0x16,0xff,
    0x58,0x34,0x16,0xff,0x5a,0x34,0x16,0xff,0x59,0x34,0x15,0xff,0x57,0x32,0x14,0xff,
    0x58,0x33,0x15,0xff,0x59,0x31,0x14,0xff,0x59,0x31,0x13,0xff,0x56,0x31,0x13,0xff,
    0x58,0x30,0x13,0xff,0x58,0x2f,0x12,0xff,0x55,0x30,0x12,0xff,0x57,0x30,0x12,0xff,
    0x56,0x2f,0x11,0xff,0x57,0x30,0x12,0xff,0x43,0x23,0x0a,0xff,0x4a,0x2a,0x12,0xff,
    0x3e,0x23,0x0d,0xff,0x1e,0x0d,0x02,0xff,0x53,0x2b,0x11,0xff,0x54,0x2d,0x0f,0xff,
    0x52,0x2e,0x0f,0xff,0x55,0x2e,0x10,0xff,0x52,0x2f,0x11,0xff,0x55,0x2f,0x11,0xff,
    0x55,0x2f,0x11,0xff,0x58,0x2e,0x11,0xff,0x55,0x2f,0x11,0xff,0x55,0x2e,0x10,0xff,
    0x58,0x2e,0x11,0xff,0x55,0x2e,0x11,0xff,0x55,0x2f,0x11,0xff,0x58,0x2f,0x13,0xff,
    0x57,0x30,0x12,0xff,0x56,0x30,0x12,0xff,0x57,0x30,0x12,0xff,0x56,0x30,0x13,0xff,
    0x59,0x2f,0x12,0xff,0x58,0x2f,0x12,0xff,0x55,0x30,0x12,0xff,0x51,0x2f,0x11,0xff,
    0x52,0x2e,0x11,0xff,0x51,0x2e,0x11,0xff,0x50,0x30,0x11,0xff,0x51,0x2f,0x11,0xff,
    0x54,0x2e,0x11,0xff,0x56,0x2f,0x11,0xff,0x56,0x2f,0x11,0xff,0x5b,0x32,0x12,0xff,
    0x5c,0x34,0x13,0xff,0x5e,0x36,0x17,0xff,0x42,0x26,0x0f,0xff,0x2c,0x17,0x0a,0xff,
    0x54,0x31,0x16,0xff,0x7a,0x53,0x2f,0xff,0x92,0x6e,0x50,0xff,0x72,0x5c,0x4a,0xff,
    0x8f,0x8b,0x88,0xff,0x24,0x25,0x23,0xff,0x2b,0x2f,0x2e,0xff,0x34,0x39,0x35,0xff,
    0x42,0x43,0x3f,0xff,0x19,0x1b,0x17,0xff,0x61,0x61,0x5e,0xff,0x96,0x8d,0x83,0xff,
    0x46,0x2f,0x1d,0xff,0x61,0x43,0x2c,0xff,0x4d,0x31,0x1b,0xff,0x1e,0x10,0x04,0xff,
    0x05,0x00,0x00,0xff,0x66,0x58,0x51,0xff,0x82,0x63,0x4c,0xff,0x00,0x00,0x00,0x00,
    0x00,0x00,0x00,0x00,0x00,0x00,0x00,0x00,0x00,0x00,0x00,0x00,0x00,0x00,0x00,0x00,
    0x00,0x00,0x00,0x00,0x00,0x00,0x00,0x00,0x00,0x00,0x00,0x00,0x00,0x00,0x00,0x00,
    0x00,0x00,0x00,0x00,0x00,0x00,0x00,0x00,0x00,0x00,0x00,0x00,0x00,0x00,0x00,0x00,
    0x00,0x00,0x00,0x00,0x00,0x00,0x00,0x00,0x00,0x00,0x00,0x00,0x00,0x00,0x00,0x00,
    0x00,0x00,0x00,0x00,0x00,0x00,0x00,0x00,0x6c,0x55,0x42,0xff,0x3c,0x32,0x25,0xff,
    0x2d,0x18,0x09,0xff,0x4d,0x2f,0x18,0xff,0x7d,0x5b,0x3d,0xff,0x61,0x3c,0x1c,0xff,
    0x92,0x7b,0x68,0xff,0xaa,0xa4,0x9e,0xff,0x1b,0x18,0x12,0xff,0x40,0x40,0x3c,0xff,
    0x3f,0x40,0x3a,0xff,0x32,0x32,0x2d,0xff,0x2e,0x2d,0x29,0xff,0xa7,0xa7,0xa3,0xff,
    0x6d,0x53,0x41,0xff,0x9c,0x72,0x4f,0xff,0x96,0x6b,0x46,0xff,0x6d,0x48,0x26,0xff,
    0x25,0x16,0x0d,0xff,0x30,0x25,0x1b,0xff,0x41,0x2c,0x1c,0xff,0x4b,0x33,0x1d,0xff,
    0x57,0x39,0x1e,0xff,0x5e,0x3d,0x21,0xff,0x66,0x3e,0x20,0xff,0x65,0x3e,0x1f,0xff,
    0x62,0x3c,0x1d,0xff,0x60,0x3a,0x1b,0xff,0x5d,0x39,0x1a,0xff,0x5e,0x36,0x19,0xff,
    0x5b,0x35,0x18,0xff,0x5a,0x35,0x17,0xff,0x5a,0x35,0x16,0xff,0x58,0x34,0x16,0xff,
    0x56,0x35,0x16,0xff,0x59,0x35,0x17,0xff,0x57,0x35,0x17,0xff,0x58,0x33,0x15,0xff,
    0x57,0x33,0x15,0xff,0x5b,0x34,0x16,0xff,0x5c,0x33,0x15,0xff,0x59,0x33,0x15,0xff,
    0x56,0x33,0x15,0xff,0x56,0x32,0x14,0xff,0x58,0x31,0x13,0xff,0x54,0x31,0x13,0xff,
    0x56,0x30,0x13,0xff,0x55,0x30,0x12,0xff,0x56,0x30,0x13,0xff,0x57,0x31,0x13,0xff,
    0x55,0x30,0x12,0xff,0x57,0x30,0x11,0xff,0x4a,0x2b,0x0e,0xff,0x2a,0x14,0x08,0xff,
    0x21,0x0f,0x04,0xff,0x2c,0x18,0x06,0xff,0x52,0x2d,0x0f,0xff,0x54,0x2c,0x0f,0xff,
    0x53,0x2e,0x10,0xff,0x57,0x2e,0x11,0xff,0x55,0x2e,0x11,0xff,0x53,0x2e,0x11,0xff,
    0x50,0x2f,0x10,0xff,0x56,0x2e,0x11,0xff,0x54,0x2e,0x10,0xff,0x52,0x2e,0x10,0xff,
    0x54,0x2e,0x11,0xff,0x54,0x2f,0x11,0xff,0x56,0x2f,0x11,0xff,0x55,0x2f,0x12,0xff,
    0x56,0x2f,0x12,0xff,0x56,0x30,0x12,0xff,0x55,0x30,0x12,0xff,0x50,0x30,0x12,0xff,
    0x55,0x30,0x12,0xff,0x53,0x30,0x12,0xff,0x55,0x2f,0x12,0xff,0x52,0x2f,0x12,0xff,
    0x52,0x2e,0x11,0xff,0x53,0x2e,0x11,0xff,0x53,0x30,0x11,0xff,0x52,0x32,0x11,0xff,
    0x55,0x31,0x12,0xff,0x57,0x31,0x14,0xff,0x4e,0x30,0x13,0xff,0x4a,0x2c,0x12,0xff,
    0x3c,0x26,0x0f,0xff,0x33,0x1d,0x0d,0xff,0x26,0x1a,0x10,0xff,0x12,0x0e,0x07,0xff,
    0x4d,0x2e,0x15,0xff,0x7f,0x54,0x32,0xff,0x92,0x6e,0x51,0xff,0x69,0x4e,0x3a,0xff,
    0x97,0x93,0x8c,0xff,0x31,0x36,0x33,0xff,0x27,0x29,0x26,0xff,0x34,0x38,0x35,0xff,
    0x43,0x42,0x3e,0xff,0x19,0x18,0x13,0xff,0x72,0x70,0x6c,0xff,0x91,0x89,0x7d,0xff,
    0x45,0x2b,0x1a,0xff,0x66,0x45,0x2d,0xff,0x51,0x35,0x1f,0xff,0x2a,0x14,0x07,0xff,
    0x2b,0x18,0x0a,0xff,0x59,0x4c,0x40,0xff,0x79,0x5d,0x48,0xff,0x00,0x00,0x00,0x00,
    0x00,0x00,0x00,0x00,0x00,0x00,0x00,0x00,0x00,0x00,0x00,0x00,0x00,0x00,0x00,0x00,
    0x00,0x00,0x00,0x00,0x00,0x00,0x00,0x00,0x00,0x00,0x00,0x00,0x00,0x00,0x00,0x00,
    0x00,0x00,0x00,0x00,0x00,0x00,0x00,0x00,0x00,0x00,0x00,0x00,0x00,0x00,0x00,0x00,
    0x00,0x00,0x00,0x00,0x00,0x00,0x00,0x00,0x00,0x00,0x00,0x00,0x00,0x00,0x00,0x00,
    0x00,0x00,0x00,0x00,0x00,0x00,0x00,0x00,0x88,0x71,0x5d,0xff,0x85,0x75,0x64,0xff,
    0x30,0x15,0x04,0xff,0x4f,0x32,0x1a,0xff,0x80,0x5d,0x40,0xff,0x5f,0x3b,0x1c,0xff,
    0x86,0x70,0x59,0xff,0xb3,0xad,0xa8,0xff,0x21,0x1d,0x18,0xff,0x3c,0x3e,0x37,0xff,
    0x3c,0x42,0x3a,0xff,0x2b,0x2c,0x27,0xff,0x44,0x45,0x41,0xff,0xa4,0xa5,0x9f,0xff,
    0x60,0x43,0x2d,0xff,0x9e,0x75,0x51,0xff,0x98,0x6a,0x43,0xff,0x65,0x3f,0x22,0xff,
    0x25,0x1a,0x11,0xff,0x3b,0x37,0x2d,0xff,0x37,0x31,0x29,0xff,0x30,0x2b,0x21,0xff,
    0x2f,0x26,0x1b,0xff,0x33,0x23,0x18,0xff,0x3a,0x27,0x16,0xff,0x46,0x2e,0x17,0xff,
    0x54,0x33,0x19,0xff,0x5c,0x36,0x1c,0xff,0x5f,0x3a,0x1b,0xff,0x60,0x3a,0x1a,0xff,
    0x60,0x39,0x19,0xff,0x5e,0x37,0x18,0xff,0x5d,0x36,0x17,0xff,0x5e,0x35,0x16,0xff,
    0x5a,0x35,0x15,0xff,0x5a,0x34,0x16,0xff,0x59,0x34,0x15,0xff,0x58,0x33,0x14,0xff,
    0x56,0x34,0x15,0xff,0x57,0x33,0x15,0xff,0x58,0x32,0x15,0xff,0x58,0x32,0x16,0xff,
    0x58,0x33,0x15,0xff,0x58,0x32,0x15,0xff,0x56,0x32,0x14,0xff,0x56,0x31,0x13,0xff,
    0x56,0x31,0x13,0xff,0x55,0x30,0x12,0xff,0x55,0x31,0x12,0xff,0x52,0x31,0x12,0xff,
    0x53,0x30,0x12,0xff,0x55,0x2f,0x11,0xff,0x53,0x30,0x13,0xff,0x2d,0x18,0x0a,0xff,
    0x1c,0x0c,0x03,0xff,0x4b,0x27,0x10,0xff,0x52,0x2f,0x10,0xff,0x52,0x2c,0x0f,0xff,
    0x52,0x2e,0x10,0xff,0x56,0x2f,0x11,0xff,0x54,0x2e,0x11,0xff,0x55,0x2e,0x10,0xff,
    0x52,0x2e,0x10,0xff,0x54,0x2e,0x10,0xff,0x55,0x30,0x11,0xff,0x52,0x2f,0x11,0xff,
    0x52,0x2d,0x12,0xff,0x54,0x2d,0x12,0xff,0x52,0x2f,0x11,0xff,0x50,0x2f,0x11,0xff,
    0x54,0x2f,0x11,0xff,0x53,0x2f,0x11,0xff,0x54,0x30,0x12,0xff,0x52,0x31,0x12,0xff,
    0x57,0x30,0x12,0xff,0x57,0x31,0x13,0xff,0x56,0x32,0x13,0xff,0x56,0x34,0x13,0xff,
    0x56,0x33,0x13,0xff,0x55,0x31,0x14,0xff,0x54,0x2e,0x15,0xff,0x48,0x2a,0x11,0xff,
    0x3e,0x24,0x0f,0xff,0x34,0x1c,0x0c,0xff,0x26,0x18,0x0c,0xff,0x22,0x17,0x0e,0xff,
    0x22,0x1a,0x10,0xff,0x20,0x1e,0x16,0xff,0x29,0x27,0x1d,0xff,0x1a,0x14,0x0d,0xff,
    0x47,0x2a,0x14,0xff,0x82,0x53,0x35,0xff,0x94,0x6f,0x51,0xff,0x60,0x46,0x2e,0xff,
    0x91,0x89,0x7f,0xff,0x4e,0x52,0x4f,0xff,0x1e,0x21,0x1d,0xff,0x32,0x39,0x34,0xff,
    0x3f,0x40,0x3c,0xff,0x16,0x16,0x12,0xff,0x80,0x7d,0x7a,0xff,0x8c,0x83,0x77,0xff,
    0x43,0x2a,0x1a,0xff,0x69,0x48,0x30,0xff,0x52,0x38,0x22,0xff,0x26,0x13,0x06,0xff,
    0x53,0x35,0x1c,0xff,0x63,0x53,0x43,0xff,0x78,0x5e,0x48,0xff,0x00,0x00,0x00,0x00,
    0x00,0x00,0x00,0x00,0x00,0x00,0x00,0x00,0x00,0x00,0x00,0x00,0x00,0x00,0x00,0x00,
    0x00,0x00,0x00,0x00,0x00,0x00,0x00,0x00,0x00,0x00,0x00,0x00,0x00,0x00,0x00,0x00,
    0x00,0x00,0x00,0x00,0x00,0x00,0x00,0x00,0x00,0x00,0x00,0x00,0x00,0x00,0x00,0x00,
    0x00,0x00,0x00,0x00,0x00,0x00,0x00,0x00,0x00,0x00,0x00,0x00,0x00,0x00,0x00,0x00,
    0x00,0x00,0x00,0x00,0x00,0x00,0x00,0x00,0x8b,0x76,0x63,0xff,0x93,0x82,0x71,0xff,
    0x2f,0x11,0x02,0xff,0x52,0x32,0x1b,0xff,0x84,0x60,0x43,0xff,0x5c,0x3a,0x1b,0xff,
    0x7e,0x66,0x4f,0xff,0xb2,0xad,0xa8,0xff,0x23,0x20,0x1b,0xff,0x3a,0x3b,0x35,0xff,
    0x3d,0x42,0x3c,0xff,0x24,0x25,0x20,0xff,0x61,0x64,0x60,0xff,0x91,0x90,0x88,0xff,
    0x5e,0x3d,0x24,0xff,0xa1,0x77,0x51,0xff,0x93,0x68,0x42,0xff,0x5d,0x38,0x1d,0xff,
    0x24,0x1a,0x14,0xff,0x3b,0x36,0x2c,0xff,0x34,0x33,0x29,0xff,0x32,0x30,0x27,0xff,
    0x30,0x2f,0x27,0xff,0x2c,0x2b,0x23,0xff,0x27,0x25,0x1d,0xff,0x24,0x20,0x18,0xff,
    0x27,0x1e,0x15,0xff,0x2e,0x1e,0x13,0xff,0x33,0x20,0x12,0xff,0x39,0x24,0x13,0xff,
    0x40,0x27,0x15,0xff,0x45,0x2c,0x16,0xff,0x4c,0x2e,0x15,0xff,0x52,0x31,0x16,0xff,
    0x56,0x34,0x18,0xff,0x58,0x36,0x19,0xff,0x59,0x37,0x19,0xff,0x5b,0x37,0x19,0xff,
    0x58,0x38,0x18,0xff,0x59,0x37,0x16,0xff,0x5b,0x37,0x16,0xff,0x5b,0x36,0x16,0xff,
    0x5c,0x34,0x16,0xff,0x5b,0x33,0x16,0xff,0x57,0x33,0x15,0xff,0x59,0x32,0x14,0xff,
    0x55,0x31,0x14,0xff,0x54,0x31,0x13,0xff,0x57,0x30,0x13,0xff,0x52,0x30,0x14,0xff,
    0x54,0x31,0x13,0xff,0x53,0x2f,0x13,0xff,0x56,0x2f,0x13,0xff,0x52,0x2f,0x14,0xff,
    0x4a,0x2c,0x12,0xff,0x57,0x2e,0x14,0xff,0x55,0x2e,0x10,0xff,0x54,0x2e,0x11,0xff,
    0x53,0x2e,0x0f,0xff,0x55,0x2f,0x10,0xff,0x54,0x2e,0x0f,0xff,0x55,0x2f,0x0e,0xff,
    0x55,0x2f,0x10,0xff,0x54,0x2e,0x10,0xff,0x55,0x2f,0x11,0xff,0x53,0x2f,0x11,0xff,
    0x50,0x30,0x11,0xff,0x57,0x30,0x12,0xff,0x56,0x32,0x13,0xff,0x55,0x33,0x13,0xff,
    0x59,0x33,0x14,0xff,0x56,0x33,0x16,0xff,0x57,0x33,0x17,0xff,0x56,0x32,0x16,0xff,
    0x52,0x31,0x16,0xff,0x4e,0x2e,0x16,0xff,0x48,0x2a,0x13,0xff,0x3f,0x25,0x11,0xff,
    0x35,0x1f,0x0e,0xff,0x2d,0x1a,0x0c,0xff,0x2a,0x17,0x0c,0xff,0x1f,0x15,0x0c,0xff,
    0x1c,0x14,0x0d,0xff,0x1e,0x17,0x10,0xff,0x1f,0x1b,0x12,0xff,0x21,0x1f,0x17,0xff,
    0x25,0x22,0x1a,0xff,0x26,0x22,0x1b,0xff,0x28,0x25,0x1f,0xff,0x1b,0x17,0x0e,0xff,
    0x40,0x25,0x13,0xff,0x81,0x54,0x34,0xff,0x95,0x6f,0x51,0xff,0x63,0x47,0x2e,0xff,
    0x74,0x6c,0x60,0xff,0x70,0x70,0x6b,0xff,0x19,0x1c,0x1a,0xff,0x33,0x39,0x35,0xff,
    0x3c,0x3d,0x39,0xff,0x15,0x15,0x0f,0xff,0x8d,0x8a,0x86,0xff,0x88,0x7c,0x71,0xff,
    0x41,0x29,0x19,0xff,0x6d,0x49,0x32,0xff,0x57,0x3c,0x25,0xff,0x24,0x14,0x06,0xff,
    0x46,0x26,0x0e,0xff,0x79,0x69,0x5b,0xff,0x85,0x6e,0x59,0xff,0x00,0x00,0x00,0x00,
    0x00,0x00,0x00,0x00,0x00,0x00,0x00,0x00,0x00,0x00,0x00,0x00,0x00,0x00,0x00,0x00,
    0x00,0x00,0x00,0x00,0x00,0x00,0x00,0x00,0x00,0x00,0x00,0x00,0x00,0x00,0x00,0x00,
    0x00,0x00,0x00,0x00,0x00,0x00,0x00,0x00,0x00,0x00,0x00,0x00,0x00,0x00,0x00,0x00,
    0x00,0x00,0x00,0x00,0x00,0x00,0x00,0x00,0x00,0x00,0x00,0x00,0x00,0x00,0x00,0x00,
    0x00,0x00,0x00,0x00,0x00,0x00,0x00,0x00,0x82,0x6e,0x5a,0xff,0x89,0x7b,0x6a,0xff,
    0x2d,0x12,0x04,0xff,0x50,0x35,0x1c,0xff,0x88,0x64,0x47,0xff,0x5c,0x3a,0x1d,0xff,
    0x74,0x5e,0x47,0xff,0xb8,0xb1,0xad,0xff,0x27,0x22,0x1d,0xff,0x38,0x37,0x31,0xff,
    0x42,0x44,0x3d,0xff,0x23,0x22,0x1c,0xff,0x83,0x84,0x80,0xff,0x77,0x6c,0x65,0xff,
    0x62,0x3f,0x26,0xff,0xa6,0x77,0x51,0xff,0x92,0x66,0x40,0xff,0x4f,0x31,0x19,0xff,
    0x23,0x1e,0x15,0xff,0x3a,0x35,0x2c,0xff,0x30,0x30,0x27,0xff,0x2d,0x2c,0x24,0xff,
    0x2d,0x2a,0x22,0xff,0x2d,0x27,0x20,0xff,0x28,0x26,0x1e,0xff,0x27,0x26,0x1d,0xff,
    0x23,0x25,0x1d,0xff,0x23,0x23,0x1b,0xff,0x20,0x20,0x18,0xff,0x1e,0x1d,0x16,0xff,
    0x1f,0x1b,0x13,0xff,0x1d,0x1b,0x11,0xff,0x21,0x1a,0x10,0xff,0x21,0x19,0x0f,0xff,
    0x24,0x1c,0x0f,0xff,0x2b,0x1d,0x10,0xff,0x30,0x1f,0x11,0xff,0x36,0x22,0x11,0xff,
    0x39,0x24,0x12,0xff,0x41,0x26,0x13,0xff,0x45,0x29,0x15,0xff,0x49,0x2b,0x15,0xff,
    0x4c,0x2e,0x15,0xff,0x50,0x31,0x17,0xff,0x52,0x32,0x17,0xff,0x55,0x31,0x18,0xff,
    0x56,0x30,0x18,0xff,0x53,0x32,0x16,0xff,0x58,0x31,0x17,0xff,0x55,0x32,0x18,0xff,
    0x56,0x33,0x18,0xff,0x57,0x33,0x18,0xff,0x58,0x32,0x18,0xff,0x59,0x33,0x17,0xff,
    0x59,0x34,0x16,0xff,0x57,0x32,0x15,0xff,0x55,0x31,0x14,0xff,0x54,0x32,0x14,0xff,
    0x57,0x30,0x14,0xff,0x56,0x30,0x15,0xff,0x54,0x30,0x14,0xff,0x52,0x30,0x13,0xff,
    0x53,0x2e,0x13,0xff,0x51,0x2f,0x14,0xff,0x52,0x2e,0x13,0xff,0x52,0x2d,0x13,0xff,
    0x4c,0x2d,0x13,0xff,0x4c,0x2b,0x13,0xff,0x48,0x28,0x13,0xff,0x42,0x25,0x11,0xff,
    0x3c,0x22,0x10,0xff,0x38,0x1f,0x10,0xff,0x2d,0x1e,0x0d,0xff,0x27,0x1b,0x0d,0xff,
    0x26,0x18,0x0d,0xff,0x20,0x15,0x0b,0xff,0x1f,0x13,0x0b,0xff,0x1a,0x13,0x0d,0xff,
    0x18,0x16,0x0d,0xff,0x16,0x17,0x0e,0xff,0x1b,0x19,0x10,0xff,0x1c,0x1b,0x11,0xff,
    0x1d,0x1b,0x11,0xff,0x1d,0x1d,0x13,0xff,0x1c,0x1d,0x14,0xff,0x21,0x1c,0x15,0xff,
    0x22,0x20,0x18,0xff,0x25,0x22,0x1c,0xff,0x27,0x25,0x1f,0xff,0x1c,0x19,0x11,0xff,
    0x37,0x1f,0x12,0xff,0x7b,0x51,0x32,0xff,0x8e,0x6d,0x4f,0xff,0x6c,0x4f,0x37,0xff,
    0x56,0x49,0x3d,0xff,0x8b,0x8d,0x88,0xff,0x1a,0x1f,0x1c,0xff,0x34,0x36,0x34,0xff,
    0x37,0x3b,0x36,0xff,0x15,0x14,0x10,0xff,0x96,0x96,0x92,0xff,0x7f,0x74,0x68,0xff,
    0x42,0x2b,0x19,0xff,0x6d,0x4c,0x33,0xff,0x61,0x41,0x29,0xff,0x33,0x1d,0x0a,0xff,
    0x40,0x20,0x09,0xff,0x76,0x65,0x5a,0xff,0x84,0x6a,0x55,0xff,0x00,0x00,0x00,0x00,
    0x00,0x00,0x00,0x00,0x00,0x00,0x00,0x00,0x00,0x00,0x00,0x00,0x00,0x00,0x00,0x00,
    0x00,0x00,0x00,0x00,0x00,0x00,0x00,0x00,0x00,0x00,0x00,0x00,0x00,0x00,0x00,0x00,
    0x00,0x00,0x00,0x00,0x00,0x00,0x00,0x00,0x00,0x00,0x00,0x00,0x00,0x00,0x00,0x00,
    0x00,0x00,0x00,0x00,0x00,0x00,0x00,0x00,0x00,0x00,0x00,0x00,0x00,0x00,0x00,0x00,
    0x00,0x00,0x00,0x00,0x00,0x00,0x00,0x00,0x68,0x53,0x3e,0xff,0x66,0x56,0x48,0xff,
    0x30,0x15,0x05,0xff,0x53,0x37,0x1d,0xff,0x8c,0x68,0x4a,0xff,0x60,0x3b,0x1f,0xff,
    0x6e,0x58,0x41,0xff,0xbc,0xb4,0xaf,0xff,0x2c,0x28,0x22,0xff,0x32,0x35,0x2e,0xff,
    0x40,0x41,0x3b,0xff,0x27,0x28,0x22,0xff,0x98,0x9d,0x99,0xff,0x4d,0x42,0x37,0xff,
    0x6d,0x48,0x2d,0xff,0xa7,0x7c,0x55,0xff,0x91,0x63,0x3f,0xff,0x45,0x29,0x15,0xff,
    0x23,0x1f,0x17,0xff,0x3c,0x34,0x2c,0xff,0x31,0x2f,0x27,0xff,0x2d,0x2c,0x24,0xff,
    0x2a,0x2b,0x22,0xff,0x2b,0x29,0x21,0xff,0x28,0x27,0x1e,0xff,0x27,0x24,0x1c,0xff,
    0x23,0x23,0x1a,0xff,0x23,0x20,0x18,0xff,0x22,0x20,0x18,0xff,0x23,0x1f,0x17,0xff,
    0x25,0x1f,0x17,0xff,0x21,0x1f,0x16,0xff,0x1f,0x1e,0x16,0xff,0x20,0x1c,0x14,0xff,
    0x1b,0x1b,0x13,0xff,0x1d,0x1a,0x12,0xff,0x1b,0x19,0x12,0xff,0x1c,0x18,0x11,0xff,
    0x1b,0x16,0x0f,0xff,0x18,0x15,0x0d,0xff,0x17,0x14,0x0c,0xff,0x1b,0x14,0x0b,0xff,
    0x1d,0x15,0x0a,0xff,0x21,0x16,0x0a,0xff,0x24,0x16,0x0b,0xff,0x24,0x17,0x0b,0xff,
    0x24,0x17,0x0b,0xff,0x24,0x19,0x0b,0xff,0x2b,0x19,0x0b,0xff,0x2a,0x19,0x0c,0xff,
    0x2b,0x1a,0x0c,0xff,0x2b,0x1b,0x0c,0xff,0x2c,0x1b,0x0b,0xff,0x2e,0x1a,0x0c,0xff,
    0x2d,0x1b,0x0c,0xff,0x2d,0x1a,0x0c,0xff,0x30,0x1a,0x0c,0xff,0x2f,0x1a,0x0c,0xff,
    0x2d,0x1a,0x0b,0xff,0x2c,0x1a,0x0c,0xff,0x2a,0x1a,0x0b,0xff,0x2a,0x19,0x0b,0xff,
    0x29,0x17,0x0b,0xff,0x28,0x17,0x0a,0xff,0x24,0x17,0x0b,0xff,0x20,0x15,0x0a,0xff,
    0x1c,0x14,0x0a,0xff,0x1b,0x12,0x0a,0xff,0x19,0x12,0x09,0xff,0x16,0x11,0x09,0xff,
    0x15,0x11,0x0a,0xff,0x15,0x12,0x0a,0xff,0x1a,0x13,0x0b,0xff,0x16,0x14,0x0c,0xff,
    0x19,0x16,0x0e,0xff,0x19,0x18,0x0e,0xff,0x1a,0x19,0x0f,0xff,0x1a,0x18,0x0f,0xff,
    0x1b,0x19,0x10,0xff,0x1b,0x18,0x10,0xff,0x1b,0x18,0x0f,0xff,0x1c,0x19,0x0f,0xff,
    0x1c,0x19,0x0f,0xff,0x20,0x1b,0x11,0xff,0x1f,0x1c,0x14,0xff,0x20,0x1c,0x15,0xff,
    0x21,0x1e,0x16,0xff,0x23,0x20,0x1a,0xff,0x28,0x24,0x1d,0xff,0x1f,0x1c,0x13,0xff,
    0x2d,0x1b,0x0d,0xff,0x78,0x4e,0x30,0xff,0x92,0x6a,0x4d,0xff,0x78,0x58,0x40,0xff,
    0x3e,0x2b,0x1c,0xff,0x99,0x99,0x92,0xff,0x30,0x2f,0x2c,0xff,0x31,0x30,0x2f,0xff,
    0x34,0x37,0x34,0xff,0x18,0x14,0x13,0xff,0xa4,0xa1,0x9d,0xff,0x77,0x6a,0x5e,0xff,
    0x47,0x2a,0x17,0xff,0x70,0x50,0x35,0xff,0x61,0x44,0x28,0xff,0x36,0x1e,0x0b,0xff,
    0x3d,0x1c,0x08,0xff,0x70,0x61,0x55,0xff,0x84,0x69,0x56,0xff,0x00,0x00,0x00,0x00,
    0x00,0x00,0x00,0x00,0x00,0x00,0x00,0x00,0x00,0x00,0x00,0x00,0x00,0x00,0x00,0x00,
    0x00,0x00,0x00,0x00,0x00,0x00,0x00,0x00,0x00,0x00,0x00,0x00,0x00,0x00,0x00,0x00,
    0x00,0x00,0x00,0x00,0x00,0x00,0x00,0x00,0x00,0x00,0x00,0x00,0x00,0x00,0x00,0x00,
    0x00,0x00,0x00,0x00,0x00,0x00,0x00,0x00,0x00,0x00,0x00,0x00,0x00,0x00,0x00,0x00,
    0x00,0x00,0x00,0x00,0x00,0x00,0x00,0x00,0x66,0x53,0x42,0xff,0x46,0x36,0x27,0xff,
    0x33,0x18,0x07,0xff,0x57,0x39,0x21,0xff,0x8f,0x6a,0x4f,0xff,0x63,0x3f,0x24,0xff,
    0x6a,0x53,0x3b,0xff,0xc0,0xb7,0xb0,0xff,0x36,0x30,0x28,0xff,0x2f,0x31,0x2a,0xff,
    0x3a,0x3b,0x35,0xff,0x3a,0x3c,0x39,0xff,0xa1,0xa1,0x9d,0xff,0x33,0x27,0x18,0xff,
    0x77,0x51,0x32,0xff,0xaf,0x7f,0x58,0xff,0x8e,0x5e,0x3d,0xff,0x3b,0x21,0x10,0xff,
    0x25,0x20,0x1b,0xff,0x39,0x33,0x2a,0xff,0x30,0x2d,0x26,0xff,0x2d,0x2b,0x23,0xff,
    0x38,0x36,0x2e,0xff,0x3b,0x39,0x31,0xff,0x36,0x34,0x2c,0xff,0x32,0x30,0x28,0xff,
    0x2d,0x2b,0x23,0xff,0x2a,0x27,0x1f,0xff,0x25,0x25,0x1c,0xff,0x22,0x22,0x1a,0xff,
    0x23,0x1e,0x17,0xff,0x20,0x1e,0x16,0xff,0x1f,0x1d,0x15,0xff,0x1e,0x1c,0x13,0xff,
    0x1b,0x1b,0x13,0xff,0x1c,0x1b,0x12,0xff,0x1b,0x1b,0x13,0xff,0x1a,0x1b,0x13,0xff,
    0x1c,0x1b,0x12,0xff,0x1a,0x1a,0x11,0xff,0x1a,0x19,0x10,0xff,0x1a,0x18,0x0f,0xff,
    0x18,0x18,0x0f,0xff,0x1a,0x17,0x0f,0xff,0x19,0x16,0x0e,0xff,0x1b,0x15,0x0e,0xff,
    0x19,0x15,0x0e,0xff,0x16,0x15,0x0d,0xff,0x18,0x15,0x0d,0xff,0x16,0x15,0x0d,0xff,
    0x17,0x13,0x0d,0xff,0x19,0x13,0x0c,0xff,0x14,0x14,0x0b,0xff,0x18,0x12,0x0c,0xff,
    0x18,0x13,0x0b,0xff,0x17,0x13,0x0c,0xff,0x16,0x13,0x0b,0xff,0x17,0x13,0x0b,0xff,
    0x18,0x13,0x0b,0xff,0x19,0x12,0x0b,0xff,0x16,0x14,0x0a,0xff,0x17,0x13,0x0b,0xff,
    0x15,0x15,0x0c,0xff,0x18,0x14,0x0c,0xff,0x16,0x14,0x0c,0xff,0x16,0x14,0x0c,0xff,
    0x15,0x15,0x0d,0xff,0x16,0x15,0x0e,0xff,0x16,0x16,0x0d,0xff,0x16,0x17,0x0d,0xff,
    0x1b,0x16,0x0e,0xff,0x18,0x17,0x0d,0xff,0x19,0x17,0x0d,0xff,0x17,0x17,0x0c,0xff,
    0x18,0x17,0x0d,0xff,0x18,0x17,0x0f,0xff,0x19,0x17,0x10,0xff,0x1a,0x18,0x0f,0xff,
    0x1b,0x19,0x11,0xff,0x1d,0x1a,0x13,0xff,0x1f,0x1d,0x14,0xff,0x22,0x20,0x17,0xff,
    0x26,0x24,0x1a,0xff,0x2a,0x27,0x1f,0xff,0x2c,0x29,0x22,0xff,0x2b,0x29,0x21,0xff,
    0x23,0x21,0x19,0xff,0x20,0x21,0x18,0xff,0x27,0x23,0x1b,0xff,0x20,0x1e,0x15,0xff,
    0x2b,0x18,0x0c,0xff,0x70,0x4a,0x2d,0xff,0x8f,0x6a,0x4c,0xff,0x7d,0x5e,0x46,0xff,
    0x2b,0x17,0x08,0xff,0x8a,0x8b,0x80,0xff,0x4e,0x4d,0x49,0xff,0x28,0x2a,0x28,0xff,
    0x32,0x34,0x30,0xff,0x1c,0x17,0x15,0xff,0xaa,0xa8,0xa4,0xff,0x69,0x60,0x53,0xff,
    0x45,0x2a,0x18,0xff,0x75,0x54,0x39,0xff,0x63,0x42,0x27,0xff,0x36,0x1e,0x0a,0xff,
    0x3b,0x1c,0x07,0xff,0x67,0x59,0x4c,0xff,0x8c,0x75,0x64,0xff,0x00,0x00,0x00,0x00,
    0x00,0x00,0x00,0x00,0x00,0x00,0x00,0x00,0x00,0x00,0x00,0x00,0x00,0x00,0x00,0x00,
    0x00,0x00,0x00,0x00,0x00,0x00,0x00,0x00,0x00,0x00,0x00,0x00,0x00,0x00,0x00,0x00,
    0x00,0x00,0x00,0x00,0x00,0x00,0x00,0x00,0x00,0x00,0x00,0x00,0x00,0x00,0x00,0x00,
    0x00,0x00,0x00,0x00,0x00,0x00,0x00,0x00,0x00,0x00,0x00,0x00,0x00,0x00,0x00,0x00,
    0x00,0x00,0x00,0x00,0x00,0x00,0x00,0x00,0x86,0x7a,0x6c,0xff,0x47,0x39,0x28,0xff,
    0x32,0x19,0x06,0xff,0x58,0x3b,0x22,0xff,0x91,0x6f,0x52,0xff,0x63,0x44,0x28,0xff,
    0x63,0x4c,0x33,0xff,0xc4,0xb9,0xb2,0xff,0x3d,0x37,0x32,0xff,0x2b,0x2b,0x24,0xff,
    0x2d,0x32,0x2a,0xff,0x5d,0x60,0x5b,0xff,0x92,0x8f,0x89,0xff,0x2d,0x17,0x05,0xff,
    0x7f,0x56,0x39,0xff,0xb2,0x83,0x5b,0xff,0x84,0x5b,0x36,0xff,0x35,0x1b,0x0d,0xff,
    0x26,0x23,0x1d,0xff,0x34,0x33,0x29,0xff,0x2d,0x2c,0x23,0xff,0x2f,0x30,0x28,0xff,
    0x41,0x3f,0x39,0xff,0x3a,0x39,0x31,0xff,0x36,0x37,0x2e,0xff,0x36,0x35,0x2d,0xff,
    0x35,0x32,0x2a,0xff,0x33,0x30,0x28,0xff,0x2f,0x2d,0x25,0xff,0x2b,0x2b,0x23,0xff,
    0x27,0x29,0x20,0xff,0x29,0x26,0x1e,0xff,0x25,0x25,0x1c,0xff,0x21,0x23,0x1a,0xff,
    0x21,0x21,0x18,0xff,0x1e,0x1f,0x16,0xff,0x1f,0x1d,0x15,0xff,0x1c,0x1c,0x14,0xff,
    0x1a,0x1b,0x13,0xff,0x1d,0x1a,0x12,0xff,0x1c,0x1a,0x11,0xff,0x1b,0x19,0x11,0xff,
    0x1a,0x18,0x10,0xff,0x18,0x18,0x0f,0xff,0x19,0x16,0x0f,0xff,0x1a,0x16,0x0f,0xff,
    0x19,0x15,0x0e,0xff,0x18,0x15,0x0e,0xff,0x18,0x15,0x0f,0xff,0x16,0x16,0x0f,0xff,
    0x19,0x15,0x0e,0xff,0x1b,0x15,0x0e,0xff,0x16,0x17,0x0f,0xff,0x1a,0x14,0x0f,0xff,
    0x19,0x14,0x0e,0xff,0x17,0x15,0x0e,0xff,0x17,0x15,0x0f,0xff,0x16,0x15,0x0e,0xff,
    0x17,0x15,0x0d,0xff,0x19,0x14,0x0c,0xff,0x17,0x15,0x0c,0xff,0x17,0x14,0x0c,0xff,
    0x16,0x15,0x0d,0xff,0x16,0x16,0x0e,0xff,0x17,0x15,0x0f,0xff,0x17,0x14,0x0f,0xff,
    0x18,0x15,0x0e,0xff,0x17,0x15,0x0d,0xff,0x16,0x16,0x0e,0xff,0x17,0x16,0x0f,0xff,
    0x1c,0x15,0x0f,0xff,0x19,0x17,0x11,0xff,0x19,0x19,0x12,0xff,0x1d,0x19,0x12,0xff,
    0x1c,0x1c,0x13,0xff,0x1f,0x1b,0x16,0xff,0x1f,0x1d,0x18,0xff,0x20,0x21,0x19,0xff,
    0x24,0x23,0x1a,0xff,0x26,0x25,0x1d,0xff,0x28,0x27,0x1e,0xff,0x2b,0x28,0x20,0xff,
    0x2a,0x2a,0x22,0xff,0x2b,0x2a,0x22,0xff,0x2d,0x2b,0x23,0xff,0x30,0x2d,0x25,0xff,
    0x28,0x26,0x1e,0xff,0x20,0x20,0x18,0xff,0x22,0x23,0x1a,0xff,0x22,0x1e,0x18,0xff,
    0x28,0x14,0x0b,0xff,0x6a,0x44,0x27,0xff,0x90,0x6a,0x4c,0xff,0x81,0x61,0x47,0xff,
    0x26,0x13,0x02,0xff,0x74,0x6f,0x65,0xff,0x71,0x72,0x6b,0xff,0x20,0x24,0x20,0xff,
    0x2e,0x30,0x2d,0xff,0x20,0x1e,0x1a,0xff,0xb0,0xad,0xa6,0xff,0x63,0x57,0x4c,0xff,
    0x48,0x2d,0x1b,0xff,0x77,0x56,0x3b,0xff,0x61,0x42,0x26,0xff,0x37,0x1e,0x08,0xff,
    0x3d,0x1e,0x08,0xff,0x59,0x4a,0x3b,0xff,0x7b,0x68,0x57,0xff,0x00,0x00,0x00,0x00,
    0x00,0x00,0x00,0x00,0x00,0x00,0x00,0x00,0x00,0x00,0x00,0x00,0x00,0x00,0x00,0x00,
    0x00,0x00,0x00,0x00,0x00,0x00,0x00,0x00,0x00,0x00,0x00,0x00,0x00,0x00,0x00,0x00,
    0x00,0x00,0x00,0x00,0x00,0x00,0x00,0x00,0x00,0x00,0x00,0x00,0x00,0x00,0x00,0x00,
    0x00,0x00,0x00,0x00,0x00,0x00,0x00,0x00,0x00,0x00,0x00,0x00,0x00,0x00,0x00,0x00,
    0x00,0x00,0x00,0x00,0x00,0x00,0x00,0x00,0x7f,0x73,0x65,0xff,0x48,0x37,0x28,0xff,
    0x36,0x16,0x06,0xff,0x58,0x3a,0x22,0xff,0x95,0x70,0x53,0xff,0x72,0x4b,0x2f,0xff,
    0x60,0x43,0x2a,0xff,0xc0,0xb7,0xb1,0xff,0x48,0x46,0x41,0xff,0x1d,0x1c,0x15,0xff,
    0x2e,0x2d,0x25,0xff,0x85,0x88,0x86,0xff,0x72,0x6b,0x65,0xff,0x33,0x15,0x02,0xff,
    0x82,0x5a,0x3b,0xff,0xb7,0x85,0x5e,0xff,0x7d,0x54,0x31,0xff,0x2c,0x17,0x0c,0xff,
    0x28,0x25,0x1f,0xff,0x33,0x30,0x28,0xff,0x2c,0x2a,0x22,0xff,0x35,0x33,0x2a,0xff,
    0x3f,0x3f,0x37,0xff,0x39,0x38,0x2f,0xff,0x38,0x35,0x2c,0xff,0x35,0x32,0x2a,0xff,
    0x30,0x30,0x28,0xff,0x2e,0x2f,0x26,0xff,0x2f,0x2d,0x25,0xff,0x2f,0x2a,0x23,0xff,
    0x2b,0x2a,0x22,0xff,0x2a,0x2a,0x21,0xff,0x2a,0x28,0x20,0xff,0x27,0x29,0x20,0xff,
    0x29,0x28,0x20,0xff,0x28,0x27,0x1f,0xff,0x28,0x26,0x1e,0xff,0x27,0x25,0x1d,0xff,
    0x28,0x23,0x1c,0xff,0x25,0x23,0x1b,0xff,0x25,0x21,0x1a,0xff,0x24,0x21,0x19,0xff,
    0x21,0x20,0x17,0xff,0x22,0x1d,0x15,0xff,0x1f,0x1c,0x14,0xff,0x1d,0x1b,0x13,0xff,
    0x18,0x1a,0x12,0xff,0x1a,0x19,0x12,0xff,0x1b,0x17,0x12,0xff,0x1b,0x17,0x12,0xff,
    0x18,0x17,0x12,0xff,0x1a,0x16,0x12,0xff,0x17,0x17,0x12,0xff,0x17,0x17,0x12,0xff,
    0x19,0x16,0x11,0xff,0x18,0x16,0x11,0xff,0x19,0x16,0x12,0xff,0x1c,0x17,0x13,0xff,
    0x1a,0x16,0x12,0xff,0x19,0x17,0x11,0xff,0x1b,0x16,0x10,0xff,0x19,0x16,0x10,0xff,
    0x1a,0x18,0x10,0xff,0x1d,0x19,0x11,0xff,0x1c,0x1a,0x11,0xff,0x1b,0x1b,0x12,0xff,
    0x1b,0x1b,0x13,0xff,0x1d,0x1b,0x13,0xff,0x1f,0x1b,0x15,0xff,0x1e,0x1d,0x17,0xff,
    0x20,0x1d,0x18,0xff,0x22,0x1f,0x1b,0xff,0x21,0x22,0x1b,0xff,0x24,0x22,0x1a,0xff,
    0x25,0x23,0x1b,0xff,0x25,0x24,0x1b,0xff,0x26,0x24,0x1b,0xff,0x27,0x23,0x1c,0xff,
    0x26,0x24,0x1c,0xff,0x28,0x25,0x1d,0xff,0x29,0x25,0x1e,0xff,0x28,0x27,0x1f,0xff,
    0x2b,0x27,0x1f,0xff,0x2b,0x28,0x20,0xff,0x2b,0x29,0x21,0xff,0x2c,0x2d,0x24,0xff,
    0x2a,0x29,0x21,0xff,0x22,0x20,0x18,0xff,0x25,0x21,0x1a,0xff,0x23,0x21,0x18,0xff,
    0x22,0x14,0x0a,0xff,0x64,0x3f,0x22,0xff,0x8e,0x6a,0x4a,0xff,0x83,0x65,0x49,0xff,
    0x2e,0x19,0x07,0xff,0x54,0x4c,0x43,0xff,0x96,0x94,0x90,0xff,0x23,0x24,0x21,0xff,
    0x29,0x2a,0x27,0xff,0x2a,0x25,0x22,0xff,0xab,0xab,0xa4,0xff,0x58,0x4c,0x3f,0xff,
    0x4f,0x32,0x1d,0xff,0x7c,0x5a,0x3d,0xff,0x61,0x42,0x27,0xff,0x36,0x1e,0x09,0xff,
    0x3c,0x1e,0x0a,0xff,0x53,0x44,0x35,0xff,0x85,0x79,0x69,0xff,0x00,0x00,0x00,0x00,
    0x00,0x00,0x00,0x00,0x00,0x00,0x00,0x00,0x00,0x00,0x00,0x00,0x00,0x00,0x00,0x00,
    0x00,0x00,0x00,0x00,0x00,0x00,0x00,0x00,0x00,0x00,0x00,0x00,0x00,0x00,0x00,0x00,
    0x00,0x00,0x00,0x00,0x00,0x00,0x00,0x00,0x00,0x00,0x00,0x00,0x00,0x00,0x00,0x00,
    0x00,0x00,0x00,0x00,0x00,0x00,0x00,0x00,0x00,0x00,0x00,0x00,0x00,0x00,0x00,0x00,
    0x00,0x00,0x00,0x00,0x00,0x00,0x00,0x00,0x75,0x6a,0x5d,0xff,0x3e,0x32,0x23,0xff,
    0x37,0x17,0x06,0xff,0x56,0x39,0x23,0xff,0x95,0x71,0x56,0xff,0x7a,0x55,0x39,0xff,
    0x5c,0x3f,0x27,0xff,0xb9,0xb0,0xa9,0xff,0x5b,0x58,0x53,0xff,0x13,0x17,0x0f,0xff,
    0x31,0x34,0x2b,0xff,0xa1,0xa1,0xa0,0xff,0x4b,0x42,0x3b,0xff,0x3d,0x1d,0x06,0xff,
    0x82,0x5c,0x3b,0xff,0xb4,0x87,0x60,0xff,0x79,0x4f,0x30,0xff,0x29,0x15,0x0b,0xff,
    0x2b,0x25,0x21,0xff,0x33,0x2e,0x28,0xff,0x29,0x2a,0x22,0xff,0x32,0x34,0x2b,0xff,
    0x41,0x3e,0x36,0xff,0x37,0x38,0x30,0xff,0x36,0x35,0x2d,0xff,0x34,0x32,0x2a,0xff,
    0x32,0x2e,0x27,0xff,0x30,0x2d,0x25,0xff,0x2c,0x2b,0x23,0xff,0x29,0x29,0x20,0xff,
    0x2b,0x28,0x20,0xff,0x29,0x27,0x1f,0xff,0x29,0x26,0x1e,0xff,0x2a,0x26,0x1f,0xff,
    0x28,0x26,0x1e,0xff,0x28,0x26,0x1e,0xff,0x28,0x26,0x1e,0xff,0x26,0x27,0x1d,0xff,
    0x2a,0x25,0x1d,0xff,0x26,0x25,0x1d,0xff,0x24,0x25,0x1d,0xff,0x29,0x25,0x1c,0xff,
    0x25,0x25,0x1c,0xff,0x23,0x23,0x1a,0xff,0x23,0x23,0x1b,0xff,0x25,0x22,0x1a,0xff,
    0x23,0x22,0x1a,0xff,0x24,0x21,0x19,0xff,0x1f,0x20,0x17,0xff,0x22,0x20,0x18,0xff,
    0x23,0x21,0x1a,0xff,0x21,0x20,0x19,0xff,0x21,0x20,0x19,0xff,0x22,0x1f,0x18,0xff,
    0x20,0x20,0x18,0xff,0x20,0x1e,0x18,0xff,0x1e,0x1f,0x19,0xff,0x21,0x1f,0x1a,0xff,
    0x22,0x1e,0x19,0xff,0x1d,0x20,0x19,0xff,0x21,0x1f,0x19,0xff,0x22,0x1e,0x1a,0xff,
    0x1f,0x1f,0x19,0xff,0x20,0x20,0x18,0xff,0x21,0x20,0x17,0xff,0x22,0x1f,0x18,0xff,
    0x22,0x1f,0x17,0xff,0x21,0x20,0x17,0xff,0x20,0x20,0x18,0xff,0x23,0x20,0x1a,0xff,
    0x22,0x1f,0x1a,0xff,0x23,0x20,0x19,0xff,0x24,0x21,0x19,0xff,0x24,0x21,0x19,0xff,
    0x24,0x21,0x1a,0xff,0x23,0x21,0x19,0xff,0x21,0x23,0x19,0xff,0x25,0x21,0x1a,0xff,
    0x24,0x23,0x1b,0xff,0x23,0x25,0x1c,0xff,0x29,0x25,0x1d,0xff,0x26,0x27,0x1e,0xff,
    0x27,0x27,0x1e,0xff,0x28,0x28,0x1f,0xff,0x2b,0x28,0x20,0xff,0x2e,0x2c,0x24,0xff,
    0x2d,0x2a,0x22,0xff,0x20,0x21,0x18,0xff,0x24,0x20,0x18,0xff,0x24,0x22,0x19,0xff,
    0x1e,0x13,0x0a,0xff,0x5f,0x37,0x1e,0xff,0x8e,0x67,0x48,0xff,0x86,0x6a,0x4e,0xff,
    0x3d,0x22,0x0f,0xff,0x36,0x29,0x21,0xff,0xa1,0x9f,0x9a,0xff,0x33,0x31,0x2e,0xff,
    0x1a,0x1d,0x1b,0xff,0x31,0x2d,0x2a,0xff,0xa4,0xa1,0x9c,0xff,0x4e,0x42,0x35,0xff,
    0x54,0x38,0x23,0xff,0x7d,0x5c,0x40,0xff,0x64,0x43,0x29,0xff,0x3a,0x1e,0x08,0xff,
    0x3c,0x1e,0x0a,0xff,0x54,0x45,0x35,0xff,0x84,0x75,0x66,0xff,0x00,0x00,0x00,0x00,
    0x00,0x00,0x00,0x00,0x00,0x00,0x00,0x00,0x00,0x00,0x00,0x00,0x00,0x00,0x00,0x00,
    0x00,0x00,0x00,0x00,0x00,0x00,0x00,0x00,0x00,0x00,0x00,0x00,0x00,0x00,0x00,0x00,
    0x00,0x00,0x00,0x00,0x00,0x00,0x00,0x00,0x00,0x00,0x00,0x00,0x00,0x00,0x00,0x00,
    0x00,0x00,0x00,0x00,0x00,0x00,0x00,0x00,0x00,0x00,0x00,0x00,0x00,0x00,0x00,0x00,
    0x00,0x00,0x00,0x00,0x00,0x00,0x00,0x00,0x71,0x64,0x57,0xff,0x37,0x28,0x18,0xff,
    0x32,0x18,0x06,0xff,0x59,0x37,0x20,0xff,0x96,0x70,0x54,0xff,0x82,0x5f,0x42,0xff,
    0x5a,0x3c,0x22,0xff,0xa9,0xa0,0x97,0xff,0x5d,0x5d,0x59,0xff,0x1c,0x18,0x11,0xff,
    0x40,0x42,0x3c,0xff,0xa6,0xa2,0xa0,0xff,0x34,0x23,0x19,0xff,0x46,0x26,0x0b,0xff,
    0x86,0x5f,0x3c,0xff,0xb6,0x89,0x60,0xff,0x74,0x4b,0x2d,0xff,0x24,0x15,0x0d,0xff,
    0x2b,0x28,0x22,0xff,0x30,0x2e,0x25,0xff,0x29,0x29,0x21,0xff,0x33,0x36,0x2d,0xff,
    0x3e,0x3e,0x36,0xff,0x3a,0x37,0x2f,0xff,0x36,0x35,0x2d,0xff,0x32,0x32,0x2a,0xff,
    0x2f,0x2f,0x26,0xff,0x2f,0x2d,0x24,0xff,0x2e,0x2a,0x22,0xff,0x2c,0x2b,0x22,0xff,
    0x2a,0x29,0x21,0xff,0x2a,0x27,0x1f,0xff,0x28,0x26,0x1e,0xff,0x28,0x26,0x1e,0xff,
    0x2a,0x25,0x1e,0xff,0x26,0x25,0x1d,0xff,0x26,0x24,0x1d,0xff,0x25,0x24,0x1c,0xff,
    0x26,0x24,0x1c,0xff,0x26,0x25,0x1d,0xff,0x25,0x24,0x1c,0xff,0x25,0x25,0x1d,0xff,
    0x27,0x23,0x1b,0xff,0x24,0x23,0x1a,0xff,0x23,0x22,0x1a,0xff,0x22,0x23,0x1b,0xff,
    0x24,0x22,0x19,0xff,0x23,0x20,0x1a,0xff,0x23,0x1f,0x19,0xff,0x21,0x22,0x1a,0xff,
    0x23,0x21,0x1a,0xff,0x22,0x22,0x1a,0xff,0x20,0x21,0x19,0xff,0x22,0x21,0x19,0xff,
    0x22,0x21,0x19,0xff,0x1f,0x21,0x18,0xff,0x20,0x20,0x18,0xff,0x20,0x20,0x17,0xff,
    0x21,0x1f,0x18,0xff,0x1f,0x1f,0x18,0xff,0x1e,0x20,0x19,0xff,0x21,0x1f,0x18,0xff,
    0x23,0x1f,0x18,0xff,0x20,0x1f,0x18,0xff,0x1f,0x1f,0x17,0xff,0x20,0x20,0x18,0xff,
    0x21,0x1f,0x17,0xff,0x23,0x1f,0x18,0xff,0x21,0x1f,0x17,0xff,0x1f,0x1f,0x16,0xff,
    0x21,0x1e,0x16,0xff,0x21,0x1f,0x18,0xff,0x22,0x20,0x18,0xff,0x25,0x20,0x18,0xff,
    0x22,0x21,0x19,0xff,0x22,0x20,0x19,0xff,0x23,0x21,0x19,0xff,0x24,0x22,0x1a,0xff,
    0x25,0x23,0x1b,0xff,0x25,0x24,0x1c,0xff,0x25,0x25,0x1d,0xff,0x28,0x24,0x1d,0xff,
    0x27,0x26,0x1f,0xff,0x29,0x28,0x20,0xff,0x29,0x2a,0x21,0xff,0x2f,0x2d,0x25,0xff,
    0x2d,0x2b,0x23,0xff,0x24,0x20,0x19,0xff,0x21,0x21,0x18,0xff,0x25,0x22,0x1b,0xff,
    0x1c,0x13,0x0c,0xff,0x56,0x31,0x1a,0xff,0x8d,0x64,0x44,0xff,0x8b,0x6c,0x52,0xff,
    0x44,0x2c,0x15,0xff,0x22,0x12,0x04,0xff,0x98,0x94,0x8e,0xff,0x4d,0x4e,0x4c,0xff,
    0x12,0x11,0x0e,0xff,0x38,0x35,0x31,0xff,0x9a,0x96,0x90,0xff,0x4c,0x38,0x2b,0xff,
    0x5d,0x3e,0x29,0xff,0x7c,0x5c,0x40,0xff,0x62,0x45,0x29,0xff,0x3c,0x1f,0x0a,0xff,
    0x39,0x1e,0x0a,0xff,0x54,0x42,0x34,0xff,0x89,0x79,0x6b,0xff,0x00,0x00,0x00,0x00,
    0x00,0x00,0x00,0x00,0x00,0x00,0x00,0x00,0x00,0x00,0x00,0x00,0x00,0x00,0x00,0x00,
    0x00,0x00,0x00,0x00,0x00,0x00,0x00,0x00,0x00,0x00,0x00,0x00,0x00,0x00,0x00,0x00,
    0x00,0x00,0x00,0x00,0x00,0x00,0x00,0x00,0x00,0x00,0x00,0x00,0x00,0x00,0x00,0x00,
    0x00,0x00,0x00,0x00,0x00,0x00,0x00,0x00,0x00,0x00,0x00,0x00,0x00,0x00,0x00,0x00,
    0x00,0x00,0x00,0x00,0x00,0x00,0x00,0x00,0x77,0x6a,0x5c,0xff,0x46,0x32,0x21,0xff,
    0x33,0x14,0x04,0xff,0x55,0x35,0x1f,0xff,0x96,0x6f,0x54,0xff,0x8b,0x66,0x4c,0xff,
    0x56,0x37,0x1b,0xff,0xa5,0x9a,0x8f,0xff,0x6b,0x6c,0x67,0xff,0x14,0x0f,0x04,0xff,
    0x5d,0x5d,0x57,0xff,0x90,0x91,0x88,0xff,0x26,0x12,0x04,0xff,0x4d,0x2d,0x13,0xff,
    0x8d,0x64,0x42,0xff,0xb8,0x88,0x62,0xff,0x70,0x47,0x2b,0xff,0x25,0x15,0x0e,0xff,
    0x2d,0x2b,0x23,0xff,0x2f,0x2d,0x25,0xff,0x29,0x29,0x22,0xff,0x38,0x36,0x2f,0xff,
    0x3c,0x3e,0x35,0xff,0x3a,0x38,0x2f,0xff,0x38,0x35,0x2d,0xff,0x34,0x31,0x29,0xff,
    0x30,0x2e,0x26,0xff,0x2c,0x2d,0x23,0xff,0x34,0x36,0x2c,0xff,0x39,0x37,0x2e,0xff,
    0x34,0x34,0x2a,0xff,0x34,0x33,0x29,0xff,0x30,0x32,0x28,0xff,0x2e,0x31,0x27,0xff,
    0x31,0x2f,0x26,0xff,0x2f,0x2e,0x25,0xff,0x2e,0x2d,0x23,0xff,0x2d,0x2b,0x23,0xff,
    0x2a,0x2c,0x22,0xff,0x28,0x26,0x1e,0xff,0x27,0x23,0x1c,0xff,0x24,0x23,0x1b,0xff,
    0x21,0x22,0x19,0xff,0x23,0x21,0x19,0xff,0x24,0x20,0x19,0xff,0x23,0x21,0x19,0xff,
    0x21,0x20,0x18,0xff,0x1d,0x1f,0x1a,0xff,0x1f,0x20,0x1a,0xff,0x20,0x20,0x1a,0xff,
    0x21,0x20,0x1a,0xff,0x20,0x20,0x1a,0xff,0x1b,0x20,0x1a,0xff,0x1e,0x1f,0x19,0xff,
    0x20,0x1f,0x19,0xff,0x1e,0x1f,0x18,0xff,0x20,0x1e,0x19,0xff,0x1d,0x1f,0x19,0xff,
    0x1e,0x1d,0x18,0xff,0x1e,0x1e,0x19,0xff,0x21,0x1e,0x19,0xff,0x1f,0x1f,0x19,0xff,
    0x21,0x1e,0x19,0xff,0x22,0x1e,0x19,0xff,0x23,0x1f,0x19,0xff,0x22,0x20,0x18,0xff,
    0x1f,0x1f,0x17,0xff,0x20,0x20,0x17,0xff,0x24,0x22,0x19,0xff,0x24,0x23,0x1b,0xff,
    0x27,0x25,0x1e,0xff,0x25,0x26,0x1d,0xff,0x25,0x28,0x1f,0xff,0x29,0x28,0x1f,0xff,
    0x29,0x28,0x20,0xff,0x2a,0x28,0x20,0xff,0x2b,0x29,0x21,0xff,0x2a,0x2b,0x22,0xff,
    0x2d,0x2c,0x23,0xff,0x2d,0x29,0x20,0xff,0x25,0x24,0x1c,0xff,0x25,0x26,0x1e,0xff,
    0x29,0x26,0x1f,0xff,0x2c,0x28,0x20,0xff,0x2d,0x2a,0x22,0xff,0x2e,0x2d,0x25,0xff,
    0x2c,0x2e,0x24,0xff,0x23,0x21,0x19,0xff,0x22,0x20,0x18,0xff,0x27,0x23,0x1b,0xff,
    0x1d,0x14,0x0d,0xff,0x4d,0x2c,0x16,0xff,0x86,0x61,0x42,0xff,0x8f,0x6d,0x55,0xff,
    0x49,0x2e,0x1b,0xff,0x20,0x09,0x00,0xff,0x70,0x6c,0x65,0xff,0x72,0x74,0x70,0xff,
    0x0a,0x09,0x07,0xff,0x40,0x3b,0x38,0xff,0x9e,0x9e,0x96,0xff,0x46,0x31,0x23,0xff,
    0x67,0x45,0x2d,0xff,0x7f,0x5c,0x40,0xff,0x64,0x44,0x2a,0xff,0x3d,0x20,0x0b,0xff,
    0x38,0x1d,0x08,0xff,0x60,0x4b,0x3e,0xff,0x94,0x82,0x73,0xff,0x00,0x00,0x00,0x00,
    0x00,0x00,0x00,0x00,0x00,0x00,0x00,0x00,0x00,0x00,0x00,0x00,0x00,0x00,0x00,0x00,
    0x00,0x00,0x00,0x00,0x00,0x00,0x00,0x00,0x00,0x00,0x00,0x00,0x00,0x00,0x00,0x00,
    0x00,0x00,0x00,0x00,0x00,0x00,0x00,0x00,0x00,0x00,0x00,0x00,0x00,0x00,0x00,0x00,
    0x00,0x00,0x00,0x00,0x00,0x00,0x00,0x00,0x00,0x00,0x00,0x00,0x00,0x00,0x00,0x00,
    0x00,0x00,0x00,0x00,0x00,0x00,0x00,0x00,0x74,0x69,0x59,0xff,0x42,0x34,0x20,0xff,
    0x32,0x14,0x03,0xff,0x54,0x33,0x1d,0xff,0x91,0x6d,0x53,0xff,0x90,0x6e,0x50,0xff,
    0x57,0x35,0x15,0xff,0x9b,0x8a,0x7f,0xff,0x81,0x7d,0x7b,0xff,0x10,0x0d,0x02,0xff,
    0x86,0x88,0x84,0xff,0x6b,0x63,0x5c,0xff,0x2b,0x0f,0x00,0xff,0x52,0x31,0x15,0xff,
    0x93,0x6b,0x48,0xff,0xb3,0x86,0x61,0xff,0x67,0x43,0x26,0xff,0x24,0x14,0x0d,0xff,
    0x30,0x2b,0x24,0xff,0x2f,0x2b,0x25,0xff,0x27,0x29,0x23,0xff,0x35,0x37,0x31,0xff,
    0x3e,0x3b,0x33,0xff,0x3b,0x38,0x30,0xff,0x36,0x35,0x2d,0xff,0x33,0x32,0x29,0xff,
    0x30,0x2d,0x25,0xff,0x2e,0x2d,0x23,0xff,0x40,0x3e,0x33,0xff,0x3e,0x3f,0x34,0xff,
    0x3c,0x3d,0x32,0xff,0x3f,0x3b,0x32,0xff,0x3d,0x3a,0x30,0xff,0x3a,0x39,0x2f,0xff,
    0x38,0x38,0x2e,0xff,0x37,0x37,0x2d,0xff,0x36,0x37,0x2c,0xff,0x38,0x36,0x2c,0xff,
    0x39,0x35,0x2d,0xff,0x2d,0x2c,0x24,0xff,0x22,0x25,0x1b,0xff,0x26,0x23,0x1b,0xff,
    0x25,0x20,0x19,0xff,0x23,0x21,0x1a,0xff,0x21,0x20,0x1a,0xff,0x23,0x20,0x1a,0xff,
    0x21,0x1f,0x1a,0xff,0x21,0x20,0x19,0xff,0x21,0x21,0x1a,0xff,0x21,0x21,0x1a,0xff,
    0x23,0x20,0x1a,0xff,0x25,0x1f,0x1a,0xff,0x20,0x20,0x1a,0xff,0x20,0x20,0x1a,0xff,
    0x20,0x20,0x18,0xff,0x1e,0x1f,0x18,0xff,0x1f,0x1f,0x19,0xff,0x20,0x1f,0x18,0xff,
    0x20,0x1e,0x18,0xff,0x1d,0x1f,0x17,0xff,0x1f,0x1f,0x18,0xff,0x23,0x1e,0x18,0xff,
    0x23,0x20,0x18,0xff,0x20,0x20,0x17,0xff,0x22,0x20,0x18,0xff,0x22,0x20,0x18,0xff,
    0x20,0x1f,0x16,0xff,0x21,0x1f,0x15,0xff,0x2a,0x29,0x1f,0xff,0x2d,0x2d,0x23,0xff,
    0x32,0x2d,0x24,0xff,0x30,0x2e,0x25,0xff,0x30,0x2f,0x24,0xff,0x2f,0x30,0x24,0xff,
    0x30,0x31,0x26,0xff,0x30,0x31,0x27,0xff,0x34,0x32,0x28,0xff,0x35,0x32,0x29,0xff,
    0x33,0x33,0x29,0xff,0x2d,0x30,0x26,0xff,0x26,0x24,0x1c,0xff,0x29,0x24,0x1c,0xff,
    0x29,0x28,0x20,0xff,0x29,0x29,0x21,0xff,0x2d,0x2a,0x22,0xff,0x2f,0x2e,0x26,0xff,
    0x2f,0x2e,0x25,0xff,0x23,0x22,0x1a,0xff,0x21,0x20,0x17,0xff,0x25,0x23,0x1a,0xff,
    0x1b,0x15,0x0f,0xff,0x47,0x28,0x13,0xff,0x83,0x5e,0x3d,0xff,0x8f,0x6e,0x56,0xff,
    0x4d,0x31,0x1c,0xff,0x25,0x11,0x01,0xff,0x43,0x38,0x2f,0xff,0x94,0x93,0x8f,0xff,
    0x0e,0x10,0x0e,0xff,0x50,0x4c,0x47,0xff,0x9f,0x9a,0x92,0xff,0x41,0x2b,0x1c,0xff,
    0x69,0x4d,0x33,0xff,0x7a,0x5b,0x41,0xff,0x61,0x43,0x2a,0xff,0x3c,0x21,0x0b,0xff,
    0x36,0x1a,0x05,0xff,0x67,0x59,0x4c,0xff,0x8c,0x76,0x62,0xff,0x00,0x00,0x00,0x00,
    0x00,0x00,0x00,0x00,0x00,0x00,0x00,0x00,0x00,0x00,0x00,0x00,0x00,0x00,0x00,0x00,
    0x00,0x00,0x00,0x00,0x00,0x00,0x00,0x00,0x00,0x00,0x00,0x00,0x00,0x00,0x00,0x00,
    0x00,0x00,0x00,0x00,0x00,0x00,0x00,0x00,0x00,0x00,0x00,0x00,0x00,0x00,0x00,0x00,
    0x00,0x00,0x00,0x00,0x00,0x00,0x00,0x00,0x00,0x00,0x00,0x00,0x00,0x00,0x00,0x00,
    0x00,0x00,0x00,0x00,0x00,0x00,0x00,0x00,0x81,0x77,0x6a,0xff,0x44,0x30,0x1c,0xff,
    0x32,0x17,0x04,0xff,0x51,0x31,0x1a,0xff,0x90,0x6b,0x51,0xff,0x98,0x72,0x54,0xff,
    0x5b,0x39,0x17,0xff,0x83,0x6f,0x60,0xff,0x94,0x92,0x8f,0xff,0x27,0x24,0x1c,0xff,
    0xaf,0xaf,0xab,0xff,0x3e,0x32,0x28,0xff,0x34,0x18,0x04,0xff,0x54,0x36,0x15,0xff,
    0x9a,0x6f,0x4d,0xff,0xae,0x84,0x5c,0xff,0x5f,0x3f,0x21,0xff,0x22,0x15,0x0e,0xff,
    0x2f,0x2d,0x25,0xff,0x2c,0x2a,0x24,0xff,0x29,0x28,0x22,0xff,0x37,0x37,0x32,0xff,
    0x38,0x3a,0x31,0xff,0x39,0x37,0x2e,0xff,0x34,0x35,0x2c,0xff,0x34,0x32,0x2a,0xff,
    0x30,0x2d,0x26,0xff,0x2d,0x2e,0x24,0xff,0x44,0x43,0x38,0xff,0x47,0x47,0x3c,0xff,
    0x42,0x43,0x39,0xff,0x42,0x41,0x36,0xff,0x41,0x3f,0x36,0xff,0x40,0x3e,0x34,0xff,
    0x3c,0x3e,0x34,0xff,0x3e,0x3d,0x33,0xff,0x3c,0x3d,0x32,0xff,0x3a,0x3c,0x32,0xff,
    0x3f,0x3c,0x33,0xff,0x33,0x31,0x29,0xff,0x24,0x22,0x19,0xff,0x23,0x23,0x1b,0xff,
    0x25,0x22,0x1a,0xff,0x23,0x21,0x19,0xff,0x20,0x22,0x19,0xff,0x24,0x20,0x19,0xff,
    0x21,0x20,0x1a,0xff,0x25,0x24,0x1c,0xff,0x29,0x29,0x20,0xff,0x27,0x27,0x1f,0xff,
    0x27,0x27,0x1f,0xff,0x28,0x27,0x1f,0xff,0x27,0x27,0x1f,0xff,0x26,0x27,0x1f,0xff,
    0x27,0x27,0x1e,0xff,0x2a,0x27,0x1e,0xff,0x25,0x27,0x1f,0xff,0x27,0x27,0x1e,0xff,
    0x29,0x27,0x1f,0xff,0x27,0x27,0x1e,0xff,0x24,0x23,0x1a,0xff,0x20,0x1f,0x19,0xff,
    0x24,0x20,0x19,0xff,0x1f,0x21,0x17,0xff,0x21,0x20,0x17,0xff,0x22,0x1f,0x17,0xff,
    0x1e,0x1e,0x16,0xff,0x21,0x1f,0x15,0xff,0x34,0x33,0x29,0xff,0x37,0x38,0x2d,0xff,
    0x36,0x33,0x29,0xff,0x35,0x34,0x2a,0xff,0x36,0x34,0x2a,0xff,0x34,0x35,0x2a,0xff,
    0x38,0x35,0x2c,0xff,0x37,0x36,0x2c,0xff,0x36,0x37,0x2d,0xff,0x3b,0x38,0x2e,0xff,
    0x3c,0x3a,0x30,0xff,0x38,0x37,0x2e,0xff,0x25,0x26,0x1d,0xff,0x28,0x25,0x1d,0xff,
    0x28,0x28,0x1f,0xff,0x28,0x2a,0x20,0xff,0x2d,0x2b,0x23,0xff,0x2d,0x2e,0x25,0xff,
    0x2e,0x30,0x26,0xff,0x24,0x23,0x1b,0xff,0x22,0x1f,0x17,0xff,0x24,0x23,0x1a,0xff,
    0x1c,0x17,0x10,0xff,0x44,0x23,0x10,0xff,0x82,0x5a,0x39,0xff,0x90,0x6f,0x56,0xff,
    0x55,0x35,0x1d,0xff,0x2e,0x19,0x07,0xff,0x22,0x14,0x09,0xff,0x9d,0x9c,0x96,0xff,
    0x31,0x2f,0x2b,0xff,0x5e,0x5c,0x54,0xff,0x8f,0x89,0x82,0xff,0x3f,0x25,0x14,0xff,
    0x70,0x53,0x38,0xff,0x79,0x5a,0x41,0xff,0x60,0x43,0x28,0xff,0x37,0x21,0x09,0xff,
    0x37,0x1b,0x06,0xff,0x65,0x53,0x45,0xff,0x74,0x55,0x3c,0xff,0x00,0x00,0x00,0x00,
    0x00,0x00,0x00,0x00,0x00,0x00,0x00,0x00,0x00,0x00,0x00,0x00,0x00,0x00,0x00,0x00,
    0x00,0x00,0x00,0x00,0x00,0x00,0x00,0x00,0x00,0x00,0x00,0x00,0x00,0x00,0x00,0x00,
    0x00,0x00,0x00,0x00,0x00,0x00,0x00,0x00,0x00,0x00,0x00,0x00,0x00,0x00,0x00,0x00,
    0x00,0x00,0x00,0x00,0x00,0x00,0x00,0x00,0x00,0x00,0x00,0x00,0x00,0x00,0x00,0x00,
    0x00,0x00,0x00,0x00,0x00,0x00,0x00,0x00,0x84,0x7b,0x6f,0xff,0x45,0x30,0x1c,0xff,
    0x33,0x16,0x04,0xff,0x4e,0x31,0x18,0xff,0x90,0x6a,0x50,0xff,0x9c,0x76,0x59,0xff,
    0x62,0x46,0x21,0xff,0x62,0x48,0x38,0xff,0xad,0xa5,0x9f,0xff,0x75,0x74,0x6d,0xff,
    0x9f,0x9a,0x96,0xff,0x27,0x15,0x08,0xff,0x3c,0x20,0x0c,0xff,0x5b,0x39,0x1a,0xff,
    0x9e,0x72,0x52,0xff,0xa8,0x7f,0x5a,0xff,0x55,0x38,0x1f,0xff,0x24,0x16,0x11,0xff,
    0x2f,0x2e,0x27,0xff,0x2a,0x2a,0x24,0xff,0x28,0x29,0x24,0xff,0x39,0x36,0x31,0xff,
    0x36,0x39,0x30,0xff,0x37,0x38,0x2f,0xff,0x35,0x36,0x2d,0xff,0x31,0x34,0x29,0xff,
    0x30,0x2e,0x25,0xff,0x2f,0x2d,0x24,0xff,0x44,0x44,0x3a,0xff,0x4a,0x48,0x3e,0xff,
    0x46,0x45,0x3c,0xff,0x43,0x43,0x39,0xff,0x43,0x42,0x38,0xff,0x42,0x40,0x36,0xff,
    0x41,0x40,0x36,0xff,0x40,0x3f,0x35,0xff,0x40,0x3e,0x34,0xff,0x3e,0x3e,0x35,0xff,
    0x3f,0x40,0x36,0xff,0x34,0x34,0x2c,0xff,0x24,0x22,0x1a,0xff,0x25,0x23,0x1b,0xff,
    0x23,0x23,0x1b,0xff,0x24,0x22,0x1a,0xff,0x22,0x23,0x1a,0xff,0x23,0x23,0x1a,0xff,
    0x22,0x22,0x19,0xff,0x28,0x27,0x1f,0xff,0x2d,0x2e,0x25,0xff,0x2e,0x2d,0x25,0xff,
    0x2c,0x2f,0x26,0xff,0x2d,0x2f,0x26,0xff,0x2e,0x2e,0x26,0xff,0x2e,0x2e,0x26,0xff,
    0x2e,0x2f,0x26,0xff,0x2f,0x2d,0x25,0xff,0x2f,0x2d,0x25,0xff,0x2e,0x2d,0x25,0xff,
    0x2d,0x2d,0x24,0xff,0x2a,0x2d,0x23,0xff,0x28,0x25,0x1e,0xff,0x20,0x21,0x19,0xff,
    0x23,0x20,0x19,0xff,0x22,0x21,0x19,0xff,0x20,0x20,0x18,0xff,0x21,0x1f,0x17,0xff,
    0x1f,0x1d,0x14,0xff,0x20,0x1f,0x15,0xff,0x39,0x37,0x2e,0xff,0x3e,0x3e,0x34,0xff,
    0x39,0x39,0x2f,0xff,0x3a,0x39,0x2f,0xff,0x3b,0x39,0x2f,0xff,0x3a,0x39,0x2f,0xff,
    0x3b,0x39,0x30,0xff,0x3c,0x39,0x30,0xff,0x3b,0x3a,0x30,0xff,0x3c,0x3b,0x32,0xff,
    0x3d,0x3e,0x33,0xff,0x3b,0x39,0x30,0xff,0x27,0x25,0x1d,0xff,0x27,0x27,0x1e,0xff,
    0x29,0x29,0x20,0xff,0x29,0x2c,0x21,0xff,0x2c,0x2e,0x24,0xff,0x2e,0x2e,0x24,0xff,
    0x31,0x32,0x27,0xff,0x24,0x25,0x1c,0xff,0x22,0x1e,0x17,0xff,0x24,0x23,0x1a,0xff,
    0x1c,0x18,0x11,0xff,0x40,0x1e,0x0f,0xff,0x80,0x56,0x34,0xff,0x95,0x71,0x55,0xff,
    0x5e,0x3b,0x25,0xff,0x36,0x1a,0x0a,0xff,0x1b,0x09,0x00,0xff,0x7b,0x76,0x6d,0xff,
    0x77,0x75,0x6f,0xff,0x8e,0x89,0x82,0xff,0x74,0x6b,0x61,0xff,0x46,0x2b,0x16,0xff,
    0x76,0x56,0x3c,0xff,0x78,0x5b,0x42,0xff,0x5f,0x40,0x27,0xff,0x3b,0x1f,0x0a,0xff,
    0x37,0x1c,0x08,0xff,0x5f,0x4e,0x3f,0xff,0x6f,0x50,0x36,0xff,0x00,0x00,0x00,0x00,
    0x00,0x00,0x00,0x00,0x00,0x00,0x00,0x00,0x00,0x00,0x00,0x00,0x00,0x00,0x00,0x00,
    0x00,0x00,0x00,0x00,0x00,0x00,0x00,0x00,0x00,0x00,0x00,0x00,0x00,0x00,0x00,0x00,
    0x00,0x00,0x00,0x00,0x00,0x00,0x00,0x00,0x00,0x00,0x00,0x00,0x00,0x00,0x00,0x00,
    0x00,0x00,0x00,0x00,0x00,0x00,0x00,0x00,0x00,0x00,0x00,0x00,0x00,0x00,0x00,0x00,
    0x00,0x00,0x00,0x00,0x00,0x00,0x00,0x00,0x81,0x78,0x6b,0xff,0x43,0x33,0x1e,0xff,
    0x34,0x16,0x03,0xff,0x53,0x2d,0x16,0xff,0x8d,0x68,0x50,0xff,0x9b,0x79,0x5a,0xff,
    0x7c,0x58,0x35,0xff,0x3f,0x24,0x16,0xff,0xb0,0xaa,0xa3,0xff,0xc3,0xc2,0xba,0xff,
    0x65,0x59,0x4e,0xff,0x29,0x12,0x03,0xff,0x3f,0x22,0x0b,0xff,0x64,0x41,0x20,0xff,
    0xa5,0x76,0x56,0xff,0xa4,0x78,0x54,0xff,0x51,0x32,0x1b,0xff,0x26,0x18,0x13,0xff,
    0x34,0x2e,0x28,0xff,0x2c,0x29,0x23,0xff,0x2a,0x2b,0x26,0xff,0x3e,0x3d,0x36,0xff,
    0x3f,0x3e,0x35,0xff,0x3c,0x3d,0x34,0xff,0x38,0x3b,0x31,0xff,0x39,0x38,0x2d,0xff,
    0x32,0x33,0x29,0xff,0x2d,0x2e,0x24,0xff,0x40,0x44,0x39,0xff,0x45,0x48,0x3e,0xff,
    0x47,0x45,0x3b,0xff,0x41,0x44,0x39,0xff,0x43,0x42,0x37,0xff,0x3f,0x41,0x36,0xff,
    0x3f,0x40,0x36,0xff,0x3d,0x40,0x35,0xff,0x3b,0x40,0x35,0xff,0x3b,0x3f,0x34,0xff,
    0x40,0x40,0x35,0xff,0x35,0x35,0x2c,0xff,0x23,0x24,0x1b,0xff,0x26,0x23,0x1b,0xff,
    0x25,0x23,0x1b,0xff,0x23,0x24,0x1c,0xff,0x25,0x24,0x1b,0xff,0x24,0x24,0x1b,0xff,
    0x1f,0x22,0x19,0xff,0x28,0x29,0x21,0xff,0x2b,0x31,0x28,0xff,0x30,0x30,0x27,0xff,
    0x30,0x31,0x28,0xff,0x2f,0x32,0x28,0xff,0x31,0x32,0x28,0xff,0x30,0x32,0x29,0xff,
    0x30,0x33,0x28,0xff,0x2e,0x32,0x28,0xff,0x2e,0x32,0x29,0xff,0x31,0x31,0x29,0xff,
    0x32,0x31,0x28,0xff,0x2e,0x32,0x26,0xff,0x2a,0x29,0x20,0xff,0x24,0x20,0x18,0xff,
    0x22,0x22,0x19,0xff,0x22,0x21,0x18,0xff,0x22,0x20,0x18,0xff,0x20,0x20,0x17,0xff,
    0x1f,0x1d,0x14,0xff,0x1d,0x21,0x16,0xff,0x34,0x36,0x2b,0xff,0x3e,0x3b,0x31,0xff,
    0x37,0x39,0x2f,0xff,0x39,0x38,0x2e,0xff,0x38,0x38,0x2e,0xff,0x38,0x38,0x2e,0xff,
    0x37,0x38,0x2e,0xff,0x36,0x39,0x2e,0xff,0x39,0x3a,0x30,0xff,0x3d,0x3a,0x32,0xff,
    0x3c,0x3c,0x33,0xff,0x38,0x38,0x2f,0xff,0x29,0x26,0x1e,0xff,0x2b,0x2a,0x21,0xff,
    0x2b,0x2e,0x23,0xff,0x30,0x2f,0x25,0xff,0x33,0x33,0x29,0xff,0x33,0x34,0x29,0xff,
    0x34,0x34,0x2a,0xff,0x21,0x26,0x1d,0xff,0x20,0x1e,0x17,0xff,0x24,0x22,0x19,0xff,
    0x1b,0x1a,0x13,0xff,0x38,0x1c,0x0f,0xff,0x7e,0x52,0x2f,0xff,0x96,0x71,0x55,0xff,
    0x62,0x43,0x2c,0xff,0x31,0x1b,0x08,0xff,0x29,0x11,0x01,0xff,0x44,0x35,0x2c,0xff,
    0xb8,0xba,0xb5,0xff,0xab,0xa8,0xa2,0xff,0x44,0x33,0x26,0xff,0x50,0x37,0x20,0xff,
    0x76,0x59,0x40,0xff,0x79,0x5a,0x41,0xff,0x5a,0x3f,0x26,0xff,0x38,0x1d,0x08,0xff,
    0x37,0x1c,0x07,0xff,0x5b,0x4a,0x3a,0xff,0x6e,0x4e,0x35,0xff,0x00,0x00,0x00,0x00,
    0x00,0x00,0x00,0x00,0x00,0x00,0x00,0x00,0x00,0x00,0x00,0x00,0x00,0x00,0x00,0x00,
    0x00,0x00,0x00,0x00,0x00,0x00,0x00,0x00,0x00,0x00,0x00,0x00,0x00,0x00,0x00,0x00,
    0x00,0x00,0x00,0x00,0x00,0x00,0x00,0x00,0x00,0x00,0x00,0x00,0x00,0x00,0x00,0x00,
    0x00,0x00,0x00,0x00,0x00,0x00,0x00,0x00,0x00,0x00,0x00,0x00,0x00,0x00,0x00,0x00,
    0x00,0x00,0x00,0x00,0x00,0x00,0x00,0x00,0x75,0x65,0x56,0xff,0x4a,0x36,0x23,0xff,
    0x30,0x17,0x01,0xff,0x4e,0x2c,0x15,0xff,0x8c,0x67,0x50,0xff,0x96,0x79,0x59,0xff,
    0x8e,0x68,0x44,0xff,0x37,0x19,0x04,0xff,0x6d,0x61,0x55,0xff,0x96,0x8e,0x83,0xff,
    0x38,0x21,0x10,0xff,0x37,0x1b,0x0a,0xff,0x3b,0x21,0x07,0xff,0x69,0x48,0x27,0xff,
    0xa5,0x7a,0x5a,0xff,0x98,0x71,0x4d,0xff,0x47,0x2c,0x16,0xff,0x24,0x1a,0x14,0xff,
    0x30,0x30,0x27,0xff,0x2a,0x29,0x22,0xff,0x2d,0x2d,0x25,0xff,0x3e,0x40,0x36,0xff,
    0x3f,0x41,0x37,0xff,0x3d,0x3d,0x34,0xff,0x3b,0x3b,0x31,0xff,0x39,0x39,0x2f,0xff,
    0x36,0x35,0x2b,0xff,0x30,0x2e,0x25,0xff,0x3b,0x3d,0x32,0xff,0x42,0x44,0x3a,0xff,
    0x42,0x40,0x37,0xff,0x3e,0x41,0x37,0xff,0x3f,0x3f,0x35,0xff,0x3f,0x3e,0x34,0xff,
    0x3d,0x3c,0x32,0xff,0x3e,0x3c,0x32,0xff,0x3d,0x3b,0x33,0xff,0x39,0x3d,0x32,0xff,
    0x3e,0x3d,0x34,0xff,0x34,0x33,0x2a,0xff,0x23,0x24,0x1b,0xff,0x22,0x25,0x1c,0xff,
    0x24,0x25,0x1c,0xff,0x25,0x25,0x1c,0xff,0x24,0x25,0x1c,0xff,0x24,0x25,0x1c,0xff,
    0x22,0x21,0x19,0xff,0x2d,0x2c,0x23,0xff,0x36,0x39,0x2f,0xff,0x38,0x37,0x2d,0xff,
    0x37,0x37,0x2d,0xff,0x35,0x38,0x2d,0xff,0x37,0x37,0x2d,0xff,0x37,0x37,0x2d,0xff,
    0x38,0x38,0x2e,0xff,0x3a,0x37,0x2d,0xff,0x35,0x38,0x2e,0xff,0x37,0x38,0x2e,0xff,
    0x37,0x37,0x2e,0xff,0x37,0x37,0x2e,0xff,0x2c,0x2d,0x24,0xff,0x21,0x21,0x19,0xff,
    0x23,0x22,0x1a,0xff,0x22,0x21,0x19,0xff,0x21,0x22,0x18,0xff,0x22,0x20,0x18,0xff,
    0x22,0x1d,0x16,0xff,0x1f,0x1f,0x15,0xff,0x33,0x32,0x28,0xff,0x3c,0x39,0x2f,0xff,
    0x36,0x36,0x2c,0xff,0x37,0x36,0x2c,0xff,0x38,0x36,0x2c,0xff,0x36,0x35,0x2b,0xff,
    0x38,0x35,0x2c,0xff,0x38,0x36,0x2d,0xff,0x37,0x37,0x2e,0xff,0x39,0x36,0x2f,0xff,
    0x3b,0x39,0x31,0xff,0x37,0x35,0x2d,0xff,0x25,0x26,0x1d,0xff,0x2b,0x2c,0x22,0xff,
    0x2e,0x2e,0x25,0xff,0x32,0x32,0x27,0xff,0x37,0x35,0x2b,0xff,0x38,0x35,0x2c,0xff,
    0x34,0x34,0x29,0xff,0x23,0x26,0x1c,0xff,0x1f,0x1e,0x16,0xff,0x24,0x21,0x19,0xff,
    0x1e,0x1b,0x14,0xff,0x30,0x1a,0x0d,0xff,0x79,0x4e,0x2c,0xff,0x95,0x70,0x54,0xff,
    0x6c,0x4d,0x34,0xff,0x30,0x19,0x07,0xff,0x34,0x1a,0x08,0xff,0x22,0x0b,0x01,0xff,
    0x92,0x8d,0x88,0xff,0x9f,0x94,0x8e,0xff,0x24,0x0b,0x01,0xff,0x58,0x39,0x23,0xff,
    0x7e,0x5d,0x45,0xff,0x78,0x5a,0x42,0xff,0x5b,0x3d,0x25,0xff,0x38,0x1d,0x07,0xff,
    0x35,0x1c,0x06,0xff,0x56,0x48,0x39,0xff,0x6c,0x4d,0x34,0xff,0x00,0x00,0x00,0x00,
    0x00,0x00,0x00,0x00,0x00,0x00,0x00,0x00,0x00,0x00,0x00,0x00,0x00,0x00,0x00,0x00,
    0x00,0x00,0x00,0x00,0x00,0x00,0x00,0x00,0x00,0x00,0x00,0x00,0x00,0x00,0x00,0x00,
    0x00,0x00,0x00,0x00,0x00,0x00,0x00,0x00,0x00,0x00,0x00,0x00,0x00,0x00,0x00,0x00,
    0x00,0x00,0x00,0x00,0x00,0x00,0x00,0x00,0x00,0x00,0x00,0x00,0x00,0x00,0x00,0x00,
    0x00,0x00,0x00,0x00,0x00,0x00,0x00,0x00,0x78,0x69,0x5b,0xff,0x49,0x37,0x23,0xff,
    0x2f,0x19,0x03,0xff,0x4c,0x2b,0x14,0xff,0x8b,0x67,0x4e,0xff,0x97,0x77,0x5d,0xff,
    0x96,0x70,0x4e,0xff,0x4b,0x28,0x0f,0xff,0x3c,0x26,0x16,0xff,0x42,0x2d,0x1e,0xff,
    0x38,0x1b,0x07,0xff,0x3d,0x20,0x0c,0xff,0x3d,0x20,0x06,0xff,0x70,0x4d,0x2d,0xff,
    0xa8,0x7c,0x5c,0xff,0x90,0x6a,0x49,0xff,0x3e,0x26,0x14,0xff,0x24,0x1b,0x17,0xff,
    0x31,0x2f,0x27,0xff,0x28,0x29,0x21,0xff,0x2f,0x2e,0x25,0xff,0x41,0x44,0x3b,0xff,
    0x42,0x43,0x3a,0xff,0x3e,0x41,0x36,0xff,0x40,0x3e,0x34,0xff,0x3c,0x3b,0x31,0xff,
    0x37,0x37,0x2d,0xff,0x36,0x33,0x29,0xff,0x30,0x2f,0x25,0xff,0x32,0x33,0x29,0xff,
    0x35,0x35,0x2a,0xff,0x35,0x35,0x2b,0xff,0x35,0x35,0x2b,0xff,0x35,0x34,0x2a,0xff,
    0x33,0x34,0x29,0xff,0x34,0x33,0x29,0xff,0x34,0x33,0x2b,0xff,0x33,0x34,0x2b,0xff,
    0x33,0x36,0x2d,0xff,0x2c,0x2c,0x24,0xff,0x27,0x27,0x1e,0xff,0x28,0x29,0x20,0xff,
    0x27,0x29,0x20,0xff,0x28,0x28,0x20,0xff,0x2a,0x28,0x20,0xff,0x24,0x27,0x1e,0xff,
    0x23,0x22,0x1a,0xff,0x2e,0x2d,0x24,0xff,0x37,0x38,0x2e,0xff,0x35,0x36,0x2d,0xff,
    0x36,0x36,0x2c,0xff,0x35,0x37,0x2d,0xff,0x36,0x36,0x2c,0xff,0x35,0x37,0x2c,0xff,
    0x36,0x37,0x2d,0xff,0x37,0x37,0x2d,0xff,0x36,0x37,0x2d,0xff,0x36,0x36,0x2c,0xff,
    0x34,0x37,0x2d,0xff,0x37,0x36,0x2d,0xff,0x2c,0x2e,0x24,0xff,0x24,0x24,0x1c,0xff,
    0x24,0x27,0x1d,0xff,0x28,0x27,0x1d,0xff,0x25,0x27,0x1c,0xff,0x25,0x27,0x1d,0xff,
    0x28,0x24,0x1c,0xff,0x23,0x21,0x17,0xff,0x29,0x28,0x1e,0xff,0x30,0x2f,0x26,0xff,
    0x30,0x2f,0x25,0xff,0x30,0x2f,0x25,0xff,0x2f,0x2e,0x24,0xff,0x2d,0x2e,0x24,0xff,
    0x30,0x2e,0x24,0xff,0x31,0x2e,0x25,0xff,0x31,0x2e,0x27,0xff,0x2f,0x2f,0x27,0xff,
    0x32,0x2f,0x27,0xff,0x2c,0x2c,0x23,0xff,0x28,0x29,0x20,0xff,0x2d,0x2f,0x26,0xff,
    0x31,0x33,0x29,0xff,0x37,0x35,0x2b,0xff,0x36,0x38,0x2d,0xff,0x38,0x37,0x2d,0xff,
    0x36,0x36,0x2b,0xff,0x28,0x29,0x1f,0xff,0x1d,0x1e,0x15,0xff,0x22,0x22,0x19,0xff,
    0x20,0x1c,0x15,0xff,0x2e,0x18,0x0c,0xff,0x73,0x49,0x29,0xff,0x94,0x6e,0x51,0xff,
    0x72,0x53,0x3a,0xff,0x35,0x19,0x07,0xff,0x32,0x19,0x07,0xff,0x30,0x15,0x05,0xff,
    0x2c,0x1b,0x0f,0xff,0x36,0x20,0x16,0xff,0x2e,0x10,0x03,0xff,0x5e,0x42,0x2a,0xff,
    0x81,0x5f,0x47,0xff,0x79,0x5c,0x44,0xff,0x5a,0x3d,0x26,0xff,0x39,0x1c,0x08,0xff,
    0x36,0x1a,0x07,0xff,0x55,0x45,0x37,0xff,0x6c,0x4c,0x33,0xff,0x00,0x00,0x00,0x00,
    0x00,0x00,0x00,0x00,0x00,0x00,0x00,0x00,0x00,0x00,0x00,0x00,0x00,0x00,0x00,0x00,
    0x00,0x00,0x00,0x00,0x00,0x00,0x00,0x00,0x00,0x00,0x00,0x00,0x00,0x00,0x00,0x00,
    0x00,0x00,0x00,0x00,0x00,0x00,0x00,0x00,0x00,0x00,0x00,0x00,0x00,0x00,0x00,0x00,
    0x00,0x00,0x00,0x00,0x00,0x00,0x00,0x00,0x00,0x00,0x00,0x00,0x00,0x00,0x00,0x00,
    0x00,0x00,0x00,0x00,0x00,0x00,0x00,0x00,0x79,0x6a,0x5c,0xff,0x4a,0x37,0x25,0xff,
    0x33,0x17,0x03,0xff,0x49,0x29,0x13,0xff,0x89,0x66,0x4e,0xff,0x9b,0x77,0x5d,0xff,
    0x9a,0x75,0x54,0xff,0x58,0x34,0x18,0xff,0x35,0x18,0x00,0xff,0x3d,0x1b,0x07,0xff,
    0x42,0x20,0x09,0xff,0x3e,0x1f,0x0a,0xff,0x45,0x20,0x07,0xff,0x7a,0x54,0x32,0xff,
    0xa8,0x7d,0x5c,0xff,0x84,0x60,0x42,0xff,0x39,0x22,0x11,0xff,0x24,0x1c,0x17,0xff,
    0x33,0x2e,0x28,0xff,0x29,0x28,0x21,0xff,0x32,0x2e,0x26,0xff,0x41,0x42,0x3a,0xff,
    0x3f,0x41,0x38,0xff,0x3a,0x41,0x36,0xff,0x3f,0x3e,0x34,0xff,0x3c,0x3b,0x31,0xff,
    0x38,0x38,0x2d,0xff,0x37,0x36,0x2c,0xff,0x31,0x31,0x27,0xff,0x2d,0x2d,0x23,0xff,
    0x2c,0x2c,0x22,0xff,0x2d,0x2b,0x22,0xff,0x2a,0x2b,0x21,0xff,0x2b,0x2b,0x21,0xff,
    0x29,0x2a,0x20,0xff,0x29,0x28,0x1f,0xff,0x25,0x29,0x1f,0xff,0x26,0x29,0x1f,0xff,
    0x28,0x28,0x1f,0xff,0x29,0x28,0x20,0xff,0x2c,0x2a,0x22,0xff,0x2c,0x2c,0x24,0xff,
    0x28,0x2d,0x24,0xff,0x2a,0x2d,0x23,0xff,0x2d,0x2c,0x23,0xff,0x28,0x2b,0x22,0xff,
    0x27,0x27,0x1f,0xff,0x29,0x2b,0x22,0xff,0x30,0x31,0x28,0xff,0x31,0x31,0x28,0xff,
    0x31,0x31,0x29,0xff,0x32,0x31,0x29,0xff,0x30,0x32,0x28,0xff,0x30,0x32,0x27,0xff,
    0x30,0x31,0x28,0xff,0x30,0x31,0x27,0xff,0x2b,0x32,0x27,0xff,0x30,0x31,0x28,0xff,
    0x30,0x31,0x27,0xff,0x33,0x30,0x28,0xff,0x2b,0x2b,0x23,0xff,0x26,0x28,0x1f,0xff,
    0x24,0x2a,0x20,0xff,0x2a,0x2a,0x20,0xff,0x2a,0x2b,0x21,0xff,0x2a,0x2c,0x21,0xff,
    0x29,0x2b,0x21,0xff,0x28,0x29,0x1e,0xff,0x27,0x24,0x1b,0xff,0x25,0x24,0x1b,0xff,
    0x28,0x26,0x1c,0xff,0x26,0x26,0x1c,0xff,0x26,0x26,0x1c,0xff,0x26,0x26,0x1c,0xff,
    0x28,0x26,0x1c,0xff,0x25,0x26,0x1c,0xff,0x25,0x27,0x1e,0xff,0x27,0x26,0x1e,0xff,
    0x29,0x26,0x1e,0xff,0x2b,0x28,0x20,0xff,0x2c,0x2d,0x25,0xff,0x2d,0x32,0x28,0xff,
    0x32,0x35,0x2a,0xff,0x36,0x35,0x2b,0xff,0x34,0x37,0x2c,0xff,0x35,0x35,0x2b,0xff,
    0x34,0x35,0x2b,0xff,0x29,0x29,0x21,0xff,0x1f,0x1d,0x15,0xff,0x21,0x22,0x19,0xff,
    0x20,0x1e,0x16,0xff,0x2c,0x16,0x0c,0xff,0x6d,0x45,0x25,0xff,0x8e,0x6a,0x4d,0xff,
    0x7b,0x5a,0x40,0xff,0x36,0x1c,0x07,0xff,0x33,0x18,0x05,0xff,0x35,0x19,0x06,0xff,
    0x30,0x15,0x04,0xff,0x25,0x0e,0x01,0xff,0x31,0x19,0x07,0xff,0x64,0x4c,0x31,0xff,
    0x7f,0x60,0x48,0xff,0x79,0x5d,0x44,0xff,0x58,0x3b,0x24,0xff,0x36,0x1b,0x07,0xff,
    0x33,0x1a,0x07,0xff,0x56,0x45,0x37,0xff,0x6c,0x4b,0x32,0xff,0x00,0x00,0x00,0x00,
    0x00,0x00,0x00,0x00,0x00,0x00,0x00,0x00,0x00,0x00,0x00,0x00,0x00,0x00,0x00,0x00,
    0x00,0x00,0x00,0x00,0x00,0x00,0x00,0x00,0x00,0x00,0x00,0x00,0x00,0x00,0x00,0x00,
    0x00,0x00,0x00,0x00,0x00,0x00,0x00,0x00,0x00,0x00,0x00,0x00,0x00,0x00,0x00,0x00,
    0x00,0x00,0x00,0x00,0x00,0x00,0x00,0x00,0x00,0x00,0x00,0x00,0x00,0x00,0x00,0x00,
    0x00,0x00,0x00,0x00,0x00,0x00,0x00,0x00,0x77,0x6a,0x5b,0xff,0x4a,0x36,0x25,0xff,
    0x37,0x18,0x03,0xff,0x49,0x27,0x12,0xff,0x88,0x64,0x4d,0xff,0x9d,0x78,0x5e,0xff,
    0x9d,0x78,0x57,0xff,0x5d,0x3c,0x1c,0xff,0x39,0x19,0x02,0xff,0x3f,0x1e,0x09,0xff,
    0x3d,0x22,0x09,0xff,0x3f,0x21,0x09,0xff,0x43,0x23,0x07,0xff,0x7e,0x59,0x38,0xff,
    0xa8,0x7d,0x5d,0xff,0x7c,0x5c,0x3c,0xff,0x35,0x1f,0x0f,0xff,0x24,0x1f,0x18,0xff,
    0x2f,0x2f,0x26,0xff,0x24,0x27,0x20,0xff,0x30,0x31,0x28,0xff,0x42,0x43,0x3a,0xff,
    0x40,0x3e,0x36,0xff,0x3c,0x3e,0x35,0xff,0x3c,0x3c,0x32,0xff,0x38,0x38,0x2e,0xff,
    0x35,0x37,0x2c,0xff,0x33,0x35,0x2a,0xff,0x33,0x32,0x28,0xff,0x2e,0x31,0x26,0xff,
    0x2b,0x30,0x25,0xff,0x2f,0x2e,0x24,0xff,0x2c,0x2c,0x22,0xff,0x2c,0x2c,0x22,0xff,
    0x2c,0x2b,0x21,0xff,0x2b,0x2c,0x22,0xff,0x2c,0x2b,0x20,0xff,0x29,0x2b,0x21,0xff,
    0x2a,0x2c,0x21,0xff,0x29,0x2c,0x22,0xff,0x2a,0x2a,0x21,0xff,0x2b,0x2a,0x21,0xff,
    0x2a,0x2a,0x21,0xff,0x2a,0x2b,0x21,0xff,0x2a,0x2b,0x21,0xff,0x2a,0x2a,0x21,0xff,
    0x27,0x2a,0x21,0xff,0x27,0x27,0x1f,0xff,0x25,0x27,0x1e,0xff,0x22,0x27,0x1d,0xff,
    0x23,0x26,0x1d,0xff,0x25,0x25,0x1c,0xff,0x23,0x26,0x1b,0xff,0x24,0x25,0x1b,0xff,
    0x22,0x25,0x1a,0xff,0x24,0x24,0x1a,0xff,0x24,0x24,0x1a,0xff,0x23,0x24,0x1b,0xff,
    0x22,0x25,0x1b,0xff,0x24,0x24,0x1b,0xff,0x26,0x27,0x1e,0xff,0x2a,0x29,0x1f,0xff,
    0x27,0x29,0x1f,0xff,0x29,0x28,0x1e,0xff,0x2b,0x29,0x1f,0xff,0x29,0x2a,0x1f,0xff,
    0x29,0x2a,0x20,0xff,0x2c,0x2a,0x20,0xff,0x29,0x29,0x1f,0xff,0x25,0x28,0x1d,0xff,
    0x28,0x27,0x1d,0xff,0x28,0x27,0x1d,0xff,0x27,0x27,0x1d,0xff,0x27,0x27,0x1d,0xff,
    0x26,0x27,0x1d,0xff,0x2a,0x27,0x1d,0xff,0x28,0x28,0x1e,0xff,0x27,0x29,0x20,0xff,
    0x28,0x2a,0x21,0xff,0x2b,0x2c,0x23,0xff,0x2d,0x2c,0x24,0xff,0x2e,0x2e,0x25,0xff,
    0x2f,0x30,0x26,0xff,0x31,0x31,0x27,0xff,0x32,0x32,0x28,0xff,0x2e,0x32,0x28,0xff,
    0x30,0x31,0x28,0xff,0x29,0x2a,0x21,0xff,0x1b,0x1e,0x15,0xff,0x22,0x20,0x17,0xff,
    0x23,0x1f,0x17,0xff,0x2d,0x14,0x0b,0xff,0x69,0x40,0x22,0xff,0x8b,0x65,0x47,0xff,
    0x84,0x5f,0x47,0xff,0x3b,0x20,0x09,0xff,0x32,0x19,0x06,0xff,0x33,0x1a,0x05,0xff,
    0x32,0x18,0x06,0xff,0x2c,0x12,0x04,0xff,0x3e,0x1d,0x0b,0xff,0x73,0x52,0x39,0xff,
    0x7f,0x5f,0x47,0xff,0x7b,0x5c,0x45,0xff,0x56,0x3a,0x23,0xff,0x34,0x1a,0x07,0xff,
    0x31,0x17,0x03,0xff,0x5c,0x4d,0x3e,0xff,0x7b,0x5d,0x46,0xff,0x00,0x00,0x00,0x00,
    0x00,0x00,0x00,0x00,0x00,0x00,0x00,0x00,0x00,0x00,0x00,0x00,0x00,0x00,0x00,0x00,
    0x00,0x00,0x00,0x00,0x00,0x00,0x00,0x00,0x00,0x00,0x00,0x00,0x00,0x00,0x00,0x00,
    0x00,0x00,0x00,0x00,0x00,0x00,0x00,0x00,0x00,0x00,0x00,0x00,0x00,0x00,0x00,0x00,
    0x00,0x00,0x00,0x00,0x00,0x00,0x00,0x00,0x00,0x00,0x00,0x00,0x00,0x00,0x00,0x00,
    0x00,0x00,0x00,0x00,0x00,0x00,0x00,0x00,0x77,0x6b,0x5c,0xff,0x48,0x35,0x24,0xff,
    0x35,0x19,0x05,0xff,0x47,0x26,0x12,0xff,0x85,0x62,0x4a,0xff,0x99,0x79,0x5e,0xff,
    0x9f,0x79,0x5a,0xff,0x68,0x44,0x26,0xff,0x37,0x18,0x01,0xff,0x40,0x1f,0x06,0xff,
    0x43,0x23,0x09,0xff,0x44,0x22,0x0a,0xff,0x47,0x27,0x09,0xff,0x83,0x5e,0x3d,0xff,
    0xa5,0x7b,0x5c,0xff,0x7a,0x55,0x38,0xff,0x30,0x1d,0x0d,0xff,0x24,0x21,0x1b,0xff,
    0x30,0x2e,0x25,0xff,0x26,0x26,0x20,0xff,0x32,0x32,0x2a,0xff,0x43,0x44,0x3c,0xff,
    0x40,0x40,0x38,0xff,0x3f,0x40,0x37,0xff,0x3c,0x3f,0x35,0xff,0x3a,0x3d,0x31,0xff,
    0x3b,0x3b,0x2e,0xff,0x36,0x38,0x2e,0xff,0x38,0x36,0x2d,0xff,0x36,0x36,0x2c,0xff,
    0x34,0x35,0x2b,0xff,0x34,0x33,0x29,0xff,0x34,0x33,0x29,0xff,0x32,0x33,0x28,0xff,
    0x35,0x32,0x29,0xff,0x32,0x32,0x28,0xff,0x32,0x31,0x28,0xff,0x31,0x31,0x27,0xff,
    0x32,0x32,0x28,0xff,0x31,0x31,0x27,0xff,0x30,0x30,0x26,0xff,0x2f,0x30,0x26,0xff,
    0x2e,0x2f,0x25,0xff,0x2d,0x2e,0x25,0xff,0x2b,0x2e,0x24,0xff,0x2d,0x2d,0x22,0xff,
    0x2b,0x2e,0x23,0xff,0x2a,0x2d,0x23,0xff,0x2d,0x2b,0x22,0xff,0x28,0x2b,0x21,0xff,
    0x29,0x2a,0x22,0xff,0x29,0x2a,0x21,0xff,0x28,0x2a,0x20,0xff,0x2a,0x2a,0x20,0xff,
    0x2b,0x2a,0x20,0xff,0x28,0x2a,0x20,0xff,0x2a,0x2a,0x20,0xff,0x29,0x2a,0x20,0xff,
    0x2a,0x2a,0x20,0xff,0x2b,0x2b,0x21,0xff,0x2c,0x2c,0x21,0xff,0x2a,0x2d,0x22,0xff,
    0x2d,0x2d,0x23,0xff,0x2d,0x2d,0x23,0xff,0x2e,0x2d,0x23,0xff,0x2f,0x2d,0x22,0xff,
    0x2c,0x2e,0x22,0xff,0x2f,0x2d,0x22,0xff,0x2e,0x2d,0x22,0xff,0x2c,0x2c,0x22,0xff,
    0x2c,0x2b,0x21,0xff,0x2c,0x2b,0x21,0xff,0x2b,0x2c,0x22,0xff,0x2e,0x2c,0x22,0xff,
    0x2c,0x2c,0x22,0xff,0x2d,0x2d,0x23,0xff,0x2f,0x2e,0x24,0xff,0x2f,0x2f,0x25,0xff,
    0x2f,0x30,0x26,0xff,0x30,0x31,0x27,0xff,0x30,0x32,0x28,0xff,0x32,0x33,0x29,0xff,
    0x33,0x34,0x2a,0xff,0x32,0x36,0x2c,0xff,0x38,0x37,0x2c,0xff,0x33,0x35,0x2b,0xff,
    0x32,0x35,0x2b,0xff,0x2e,0x2c,0x24,0xff,0x1d,0x1e,0x15,0xff,0x20,0x21,0x17,0xff,
    0x20,0x20,0x18,0xff,0x27,0x13,0x0b,0xff,0x62,0x3c,0x1e,0xff,0x87,0x60,0x42,0xff,
    0x89,0x66,0x4b,0xff,0x43,0x25,0x0e,0xff,0x37,0x1b,0x06,0xff,0x38,0x1b,0x06,0xff,
    0x33,0x17,0x05,0xff,0x2d,0x12,0x00,0xff,0x44,0x24,0x0f,0xff,0x78,0x56,0x3e,0xff,
    0x7c,0x5d,0x45,0xff,0x7a,0x5c,0x45,0xff,0x56,0x37,0x21,0xff,0x31,0x1a,0x07,0xff,
    0x2e,0x16,0x01,0xff,0x5d,0x4f,0x41,0xff,0x80,0x65,0x4f,0xff,0x00,0x00,0x00,0x00,
    0x00,0x00,0x00,0x00,0x00,0x00,0x00,0x00,0x00,0x00,0x00,0x00,0x00,0x00,0x00,0x00,
    0x00,0x00,0x00,0x00,0x00,0x00,0x00,0x00,0x00,0x00,0x00,0x00,0x00,0x00,0x00,0x00,
    0x00,0x00,0x00,0x00,0x00,0x00,0x00,0x00,0x00,0x00,0x00,0x00,0x00,0x00,0x00,0x00,
    0x00,0x00,0x00,0x00,0x00,0x00,0x00,0x00,0x00,0x00,0x00,0x00,0x00,0x00,0x00,0x00,
    0x00,0x00,0x00,0x00,0x00,0x00,0x00,0x00,0x76,0x6a,0x5b,0xff,0x46,0x36,0x24,0xff,
    0x35,0x19,0x08,0xff,0x44,0x26,0x11,0xff,0x82,0x62,0x47,0xff,0x9b,0x7a,0x5e,0xff,
    0x9c,0x7b,0x5e,0xff,0x71,0x4c,0x2e,0xff,0x3a,0x1a,0x01,0xff,0x3f,0x1f,0x06,0xff,
    0x45,0x23,0x09,0xff,0x45,0x22,0x0a,0xff,0x4a,0x2a,0x0e,0xff,0x88,0x63,0x40,0xff,
    0xa1,0x7b,0x56,0xff,0x76,0x50,0x36,0xff,0x30,0x1c,0x0d,0xff,0x25,0x22,0x1d,0xff,
    0x2f,0x2e,0x26,0xff,0x27,0x26,0x20,0xff,0x31,0x34,0x2c,0xff,0x41,0x42,0x39,0xff,
    0x3c,0x3d,0x35,0xff,0x3d,0x3b,0x33,0xff,0x37,0x3b,0x31,0xff,0x36,0x39,0x2e,0xff,
    0x35,0x38,0x2c,0xff,0x37,0x35,0x2b,0xff,0x35,0x34,0x2a,0xff,0x35,0x34,0x2a,0xff,
    0x35,0x33,0x29,0xff,0x31,0x34,0x29,0xff,0x34,0x33,0x29,0xff,0x34,0x33,0x29,0xff,
    0x32,0x35,0x2a,0xff,0x36,0x34,0x2a,0xff,0x36,0x34,0x2b,0xff,0x37,0x34,0x2a,0xff,
    0x35,0x34,0x2a,0xff,0x34,0x34,0x2a,0xff,0x31,0x33,0x29,0xff,0x31,0x31,0x27,0xff,
    0x32,0x31,0x27,0xff,0x2f,0x30,0x26,0xff,0x2d,0x30,0x25,0xff,0x2c,0x30,0x25,0xff,
    0x2f,0x30,0x25,0xff,0x2e,0x2f,0x25,0xff,0x2e,0x2e,0x24,0xff,0x2d,0x2f,0x24,0xff,
    0x2c,0x2e,0x24,0xff,0x2a,0x2f,0x24,0xff,0x2e,0x2d,0x24,0xff,0x2d,0x2e,0x24,0xff,
    0x2e,0x2e,0x24,0xff,0x2f,0x2e,0x24,0xff,0x30,0x2e,0x25,0xff,0x2f,0x2f,0x25,0xff,
    0x2f,0x2e,0x25,0xff,0x2e,0x30,0x25,0xff,0x30,0x2f,0x25,0xff,0x30,0x30,0x25,0xff,
    0x32,0x2f,0x25,0xff,0x2f,0x2f,0x25,0xff,0x2f,0x30,0x25,0xff,0x2f,0x2f,0x25,0xff,
    0x31,0x30,0x25,0xff,0x30,0x30,0x24,0xff,0x2f,0x30,0x24,0xff,0x30,0x30,0x25,0xff,
    0x2d,0x2f,0x25,0xff,0x31,0x2f,0x25,0xff,0x30,0x2f,0x25,0xff,0x2d,0x2f,0x25,0xff,
    0x30,0x2f,0x25,0xff,0x2f,0x2f,0x25,0xff,0x31,0x30,0x26,0xff,0x30,0x30,0x27,0xff,
    0x2e,0x31,0x26,0xff,0x2f,0x31,0x28,0xff,0x31,0x32,0x29,0xff,0x33,0x32,0x2a,0xff,
    0x33,0x33,0x2a,0xff,0x32,0x35,0x2a,0xff,0x31,0x35,0x2a,0xff,0x34,0x33,0x2a,0xff,
    0x32,0x33,0x2a,0xff,0x2d,0x2d,0x24,0xff,0x1e,0x1f,0x16,0xff,0x20,0x21,0x18,0xff,
    0x21,0x21,0x19,0xff,0x24,0x12,0x0b,0xff,0x5b,0x37,0x1b,0xff,0x83,0x5c,0x3d,0xff,
    0x8e,0x6c,0x4f,0xff,0x4e,0x2a,0x14,0xff,0x38,0x19,0x05,0xff,0x3a,0x1b,0x06,0xff,
    0x33,0x17,0x04,0xff,0x31,0x12,0x00,0xff,0x4d,0x2c,0x15,0xff,0x7c,0x59,0x41,0xff,
    0x7a,0x5d,0x44,0xff,0x78,0x5c,0x45,0xff,0x53,0x35,0x20,0xff,0x34,0x1a,0x07,0xff,
    0x2e,0x16,0x01,0xff,0x5c,0x4e,0x40,0xff,0x80,0x65,0x50,0xff,0x00,0x00,0x00,0x00,
    0x00,0x00,0x00,0x00,0x00,0x00,0x00,0x00,0x00,0x00,0x00,0x00,0x00,0x00,0x00,0x00,
    0x00,0x00,0x00,0x00,0x00,0x00,0x00,0x00,0x00,0x00,0x00,0x00,0x00,0x00,0x00,0x00,
    0x00,0x00,0x00,0x00,0x00,0x00,0x00,0x00,0x00,0x00,0x00,0x00,0x00,0x00,0x00,0x00,
    0x00,0x00,0x00,0x00,0x00,0x00,0x00,0x00,0x00,0x00,0x00,0x00,0x00,0x00,0x00,0x00,
    0x00,0x00,0x00,0x00,0x00,0x00,0x00,0x00,0x82,0x75,0x68,0xff,0x45,0x33,0x23,0xff,
    0x37,0x1b,0x08,0xff,0x42,0x24,0x0f,0xff,0x81,0x5f,0x46,0xff,0xa0,0x7b,0x5f,0xff,
    0xa0,0x7b,0x5f,0xff,0x7a,0x55,0x38,0xff,0x3c,0x1b,0x04,0xff,0x3f,0x1f,0x07,0xff,
    0x47,0x22,0x08,0xff,0x44,0x21,0x08,0xff,0x50,0x2d,0x12,0xff,0x8c,0x68,0x45,0xff,
    0x9f,0x78,0x55,0xff,0x6e,0x4a,0x2e,0xff,0x2d,0x1b,0x0c,0xff,0x27,0x24,0x1f,0xff,
    0x32,0x2b,0x26,0xff,0x2a,0x25,0x20,0xff,0x35,0x36,0x2d,0xff,0x40,0x42,0x39,0xff,
    0x3c,0x3f,0x36,0xff,0x3d,0x3e,0x35,0xff,0x3d,0x3c,0x34,0xff,0x3d,0x3b,0x31,0xff,
    0x38,0x39,0x2e,0xff,0x38,0x36,0x2c,0xff,0x36,0x35,0x2a,0xff,0x35,0x33,0x29,0xff,
    0x36,0x30,0x27,0xff,0x32,0x31,0x27,0xff,0x31,0x30,0x26,0xff,0x33,0x2f,0x25,0xff,
    0x30,0x2f,0x25,0xff,0x30,0x30,0x26,0xff,0x2f,0x31,0x27,0xff,0x32,0x31,0x27,0xff,
    0x32,0x30,0x26,0xff,0x32,0x30,0x26,0xff,0x30,0x2f,0x25,0xff,0x2d,0x2e,0x24,0xff,
    0x2d,0x2d,0x23,0xff,0x2c,0x2d,0x23,0xff,0x2e,0x2d,0x23,0xff,0x2c,0x2c,0x22,0xff,
    0x2c,0x2d,0x23,0xff,0x2c,0x2c,0x22,0xff,0x2b,0x2c,0x22,0xff,0x2e,0x2b,0x22,0xff,
    0x2d,0x2c,0x22,0xff,0x2a,0x2c,0x22,0xff,0x2c,0x2b,0x21,0xff,0x2c,0x2c,0x22,0xff,
    0x2b,0x2b,0x21,0xff,0x29,0x2c,0x22,0xff,0x2b,0x2c,0x22,0xff,0x2c,0x2c,0x22,0xff,
    0x2e,0x2c,0x22,0xff,0x2d,0x2c,0x22,0xff,0x2c,0x2c,0x22,0xff,0x2b,0x2d,0x23,0xff,
    0x2d,0x2c,0x22,0xff,0x2e,0x2c,0x22,0xff,0x2f,0x2c,0x22,0xff,0x2c,0x2c,0x22,0xff,
    0x2e,0x2c,0x22,0xff,0x2c,0x2c,0x22,0xff,0x2e,0x2d,0x23,0xff,0x2f,0x2c,0x23,0xff,
    0x2b,0x2d,0x23,0xff,0x2d,0x2d,0x23,0xff,0x2f,0x2d,0x23,0xff,0x2c,0x2d,0x23,0xff,
    0x2c,0x2d,0x24,0xff,0x2a,0x2f,0x24,0xff,0x2d,0x2d,0x24,0xff,0x2e,0x2e,0x24,0xff,
    0x30,0x2f,0x25,0xff,0x2f,0x2f,0x26,0xff,0x2d,0x30,0x27,0xff,0x2e,0x31,0x27,0xff,
    0x32,0x32,0x29,0xff,0x35,0x33,0x29,0xff,0x33,0x34,0x2a,0xff,0x33,0x34,0x2b,0xff,
    0x33,0x33,0x2b,0xff,0x2e,0x2f,0x26,0xff,0x23,0x1f,0x17,0xff,0x23,0x21,0x18,0xff,
    0x23,0x21,0x19,0xff,0x22,0x14,0x0c,0xff,0x58,0x32,0x18,0xff,0x7e,0x57,0x39,0xff,
    0x8e,0x6f,0x53,0xff,0x51,0x33,0x19,0xff,0x38,0x1a,0x04,0xff,0x3b,0x1b,0x06,0xff,
    0x33,0x16,0x03,0xff,0x2f,0x12,0x00,0xff,0x53,0x35,0x1d,0xff,0x7d,0x5b,0x43,0xff,
    0x7d,0x5c,0x44,0xff,0x7b,0x5c,0x45,0xff,0x51,0x33,0x1d,0xff,0x32,0x1b,0x08,0xff,
    0x2c,0x17,0x00,0xff,0x5c,0x4f,0x40,0xff,0x80,0x66,0x50,0xff,0x00,0x00,0x00,0x00,
    0x00,0x00,0x00,0x00,0x00,0x00,0x00,0x00,0x00,0x00,0x00,0x00,0x00,0x00,0x00,0x00,
    0x00,0x00,0x00,0x00,0x00,0x00,0x00,0x00,0x00,0x00,0x00,0x00,0x00,0x00,0x00,0x00,
    0x00,0x00,0x00,0x00,0x00,0x00,0x00,0x00,0x00,0x00,0x00,0x00,0x00,0x00,0x00,0x00,
    0x00,0x00,0x00,0x00,0x00,0x00,0x00,0x00,0x00,0x00,0x00,0x00,0x00,0x00,0x00,0x00,
    0x00,0x00,0x00,0x00,0x00,0x00,0x00,0x00,0x90,0x89,0x7f,0xff,0x40,0x30,0x20,0xff,
    0x38,0x1c,0x09,0xff,0x43,0x22,0x0f,0xff,0x7e,0x5d,0x45,0xff,0x9b,0x7b,0x5f,0xff,
    0x9e,0x7b,0x5e,0xff,0x84,0x5e,0x41,0xff,0x41,0x1f,0x06,0xff,0x3c,0x1f,0x05,0xff,
    0x42,0x23,0x08,0xff,0x41,0x20,0x06,0xff,0x57,0x31,0x18,0xff,0x92,0x6c,0x4b,0xff,
    0x9e,0x75,0x53,0xff,0x6b,0x42,0x28,0xff,0x2d,0x1a,0x0d,0xff,0x25,0x27,0x20,0xff,
    0x2b,0x2b,0x25,0xff,0x25,0x26,0x20,0xff,0x35,0x37,0x2e,0xff,0x3f,0x41,0x38,0xff,
    0x3e,0x3e,0x34,0xff,0x3d,0x3e,0x34,0xff,0x3c,0x3d,0x33,0xff,0x3c,0x3b,0x31,0xff,
    0x3b,0x3a,0x2f,0xff,0x3a,0x37,0x2e,0xff,0x36,0x37,0x2d,0xff,0x34,0x36,0x2b,0xff,
    0x35,0x35,0x2b,0xff,0x36,0x34,0x2b,0xff,0x35,0x34,0x2a,0xff,0x33,0x33,0x29,0xff,
    0x35,0x33,0x29,0xff,0x34,0x32,0x28,0xff,0x34,0x33,0x29,0xff,0x34,0x33,0x29,0xff,
    0x32,0x33,0x29,0xff,0x32,0x32,0x28,0xff,0x32,0x31,0x27,0xff,0x31,0x30,0x26,0xff,
    0x30,0x30,0x26,0xff,0x2f,0x2f,0x25,0xff,0x2d,0x2f,0x25,0xff,0x2d,0x2f,0x25,0xff,
    0x2e,0x2e,0x24,0xff,0x2d,0x2e,0x23,0xff,0x29,0x2e,0x23,0xff,0x2c,0x2e,0x23,0xff,
    0x2c,0x2d,0x23,0xff,0x2d,0x2d,0x23,0xff,0x2b,0x2d,0x23,0xff,0x2b,0x2d,0x22,0xff,
    0x2c,0x2d,0x23,0xff,0x2b,0x2c,0x22,0xff,0x2c,0x2d,0x23,0xff,0x2a,0x2d,0x23,0xff,
    0x2a,0x2e,0x23,0xff,0x2b,0x2d,0x23,0xff,0x2b,0x2d,0x23,0xff,0x2e,0x2d,0x23,0xff,
    0x2c,0x2d,0x23,0xff,0x2c,0x2e,0x24,0xff,0x2f,0x2e,0x24,0xff,0x30,0x2f,0x25,0xff,
    0x32,0x2e,0x25,0xff,0x2e,0x2f,0x25,0xff,0x2e,0x30,0x26,0xff,0x30,0x30,0x26,0xff,
    0x2f,0x30,0x26,0xff,0x2f,0x2f,0x26,0xff,0x2e,0x31,0x26,0xff,0x30,0x30,0x26,0xff,
    0x30,0x31,0x27,0xff,0x31,0x32,0x28,0xff,0x31,0x32,0x28,0xff,0x31,0x33,0x28,0xff,
    0x30,0x32,0x28,0xff,0x30,0x32,0x28,0xff,0x32,0x33,0x29,0xff,0x33,0x33,0x29,0xff,
    0x32,0x34,0x2a,0xff,0x32,0x35,0x2b,0xff,0x35,0x36,0x2c,0xff,0x34,0x34,0x2b,0xff,
    0x33,0x33,0x2a,0xff,0x2c,0x31,0x28,0xff,0x1f,0x21,0x18,0xff,0x23,0x21,0x19,0xff,
    0x25,0x21,0x19,0xff,0x1f,0x15,0x0c,0xff,0x53,0x2f,0x16,0xff,0x7b,0x53,0x35,0xff,
    0x94,0x70,0x56,0xff,0x5a,0x38,0x20,0xff,0x38,0x18,0x03,0xff,0x3a,0x1b,0x07,0xff,
    0x32,0x16,0x03,0xff,0x30,0x13,0x00,0xff,0x5e,0x3c,0x25,0xff,0x7d,0x5e,0x44,0xff,
    0x79,0x5b,0x43,0xff,0x79,0x5d,0x45,0xff,0x50,0x31,0x1b,0xff,0x35,0x19,0x0a,0xff,
    0x2e,0x15,0x00,0xff,0x5c,0x50,0x40,0xff,0x80,0x66,0x50,0xff,0x00,0x00,0x00,0x00,
    0x00,0x00,0x00,0x00,0x00,0x00,0x00,0x00,0x00,0x00,0x00,0x00,0x00,0x00,0x00,0x00,
    0x00,0x00,0x00,0x00,0x00,0x00,0x00,0x00,0x00,0x00,0x00,0x00,0x00,0x00,0x00,0x00,
    0x00,0x00,0x00,0x00,0x00,0x00,0x00,0x00,0x00,0x00,0x00,0x00,0x00,0x00,0x00,0x00,
    0x00,0x00,0x00,0x00,0x00,0x00,0x00,0x00,0x00,0x00,0x00,0x00,0x00,0x00,0x00,0x00,
    0x00,0x00,0x00,0x00,0x00,0x00,0x00,0x00,0x8f,0x87,0x7d,0xff,0x41,0x31,0x20,0xff,
    0x36,0x1d,0x09,0xff,0x41,0x22,0x0f,0xff,0x7a,0x5b,0x42,0xff,0x9d,0x7c,0x5f,0xff,
    0x9d,0x7b,0x5d,0xff,0x8a,0x66,0x48,0xff,0x44,0x24,0x0a,0xff,0x3e,0x1d,0x07,0xff,
    0x41,0x23,0x09,0xff,0x40,0x21,0x04,0xff,0x5d,0x36,0x1d,0xff,0x96,0x70,0x4f,0xff,
    0x99,0x73,0x50,0xff,0x64,0x3d,0x22,0xff,0x2a,0x19,0x0d,0xff,0x29,0x27,0x20,0xff,
    0x2c,0x2b,0x25,0xff,0x25,0x27,0x1f,0xff,0x37,0x38,0x2f,0xff,0x40,0x42,0x38,0xff,
    0x3f,0x40,0x37,0xff,0x3e,0x3f,0x36,0xff,0x3e,0x3d,0x33,0xff,0x3c,0x3b,0x31,0xff,
    0x3a,0x3a,0x30,0xff,0x38,0x37,0x2e,0xff,0x37,0x37,0x2d,0xff,0x35,0x35,0x2b,0xff,
    0x33,0x35,0x2b,0xff,0x36,0x34,0x2a,0xff,0x33,0x32,0x29,0xff,0x31,0x33,0x28,0xff,
    0x35,0x31,0x28,0xff,0x31,0x32,0x28,0xff,0x32,0x31,0x27,0xff,0x32,0x31,0x28,0xff,
    0x32,0x32,0x28,0xff,0x32,0x31,0x27,0xff,0x32,0x31,0x27,0xff,0x32,0x31,0x27,0xff,
    0x30,0x30,0x26,0xff,0x30,0x30,0x26,0xff,0x30,0x2f,0x25,0xff,0x2f,0x2f,0x25,0xff,
    0x2e,0x30,0x25,0xff,0x2e,0x2f,0x25,0xff,0x2d,0x2f,0x24,0xff,0x2c,0x2f,0x25,0xff,
    0x2d,0x2f,0x24,0xff,0x2f,0x2e,0x24,0xff,0x2a,0x2f,0x24,0xff,0x2e,0x2e,0x24,0xff,
    0x2e,0x2e,0x24,0xff,0x2b,0x2e,0x23,0xff,0x2d,0x2e,0x24,0xff,0x2d,0x2e,0x24,0xff,
    0x2d,0x2e,0x24,0xff,0x2c,0x2e,0x24,0xff,0x2c,0x2f,0x24,0xff,0x2d,0x2e,0x24,0xff,
    0x2e,0x2e,0x24,0xff,0x2f,0x2f,0x24,0xff,0x30,0x30,0x26,0xff,0x30,0x2f,0x25,0xff,
    0x30,0x30,0x26,0xff,0x30,0x30,0x26,0xff,0x2f,0x30,0x26,0xff,0x2d,0x31,0x26,0xff,
    0x31,0x30,0x26,0xff,0x2e,0x30,0x25,0xff,0x2d,0x30,0x26,0xff,0x32,0x30,0x26,0xff,
    0x2e,0x31,0x26,0xff,0x2f,0x30,0x26,0xff,0x2f,0x30,0x27,0xff,0x2f,0x31,0x27,0xff,
    0x30,0x31,0x27,0xff,0x30,0x31,0x27,0xff,0x31,0x31,0x28,0xff,0x31,0x32,0x28,0xff,
    0x31,0x34,0x29,0xff,0x34,0x35,0x2a,0xff,0x35,0x36,0x2c,0xff,0x34,0x35,0x2b,0xff,
    0x33,0x34,0x2b,0xff,0x31,0x31,0x28,0xff,0x20,0x21,0x18,0xff,0x22,0x20,0x18,0xff,
    0x27,0x23,0x1a,0xff,0x1b,0x16,0x0d,0xff,0x4f,0x2a,0x15,0xff,0x76,0x4e,0x31,0xff,
    0x93,0x72,0x56,0xff,0x62,0x3f,0x28,0xff,0x38,0x18,0x03,0xff,0x3a,0x1c,0x06,0xff,
    0x31,0x15,0x03,0xff,0x32,0x14,0x01,0xff,0x66,0x45,0x2d,0xff,0x7d,0x5e,0x44,0xff,
    0x79,0x5b,0x42,0xff,0x79,0x5c,0x43,0xff,0x4d,0x30,0x1a,0xff,0x33,0x1a,0x09,0xff,
    0x2f,0x14,0x03,0xff,0x5c,0x50,0x41,0xff,0x80,0x66,0x50,0xff,0x00,0x00,0x00,0x00,
    0x00,0x00,0x00,0x00,0x00,0x00,0x00,0x00,0x00,0x00,0x00,0x00,0x00,0x00,0x00,0x00,
    0x00,0x00,0x00,0x00,0x00,0x00,0x00,0x00,0x00,0x00,0x00,0x00,0x00,0x00,0x00,0x00,
    0x00,0x00,0x00,0x00,0x00,0x00,0x00,0x00,0x00,0x00,0x00,0x00,0x00,0x00,0x00,0x00,
    0x00,0x00,0x00,0x00,0x00,0x00,0x00,0x00,0x00,0x00,0x00,0x00,0x00,0x00,0x00,0x00,
    0x00,0x00,0x00,0x00,0x00,0x00,0x00,0x00,0x8c,0x83,0x78,0xff,0x44,0x32,0x21,0xff,
    0x3a,0x1d,0x09,0xff,0x40,0x21,0x0d,0xff,0x78,0x57,0x3f,0xff,0x9f,0x7b,0x61,0xff,
    0x9f,0x7a,0x5f,0xff,0x8f,0x6d,0x50,0xff,0x4b,0x29,0x11,0xff,0x3c,0x1d,0x05,0xff,
    0x42,0x22,0x09,0xff,0x3c,0x20,0x05,0xff,0x5f,0x3d,0x1e,0xff,0x98,0x73,0x50,0xff,
    0x95,0x71,0x4f,0xff,0x5e,0x38,0x1f,0xff,0x2a,0x19,0x0c,0xff,0x28,0x28,0x20,0xff,
    0x2d,0x29,0x24,0xff,0x27,0x26,0x1e,0xff,0x37,0x39,0x2f,0xff,0x42,0x40,0x37,0xff,
    0x3e,0x3e,0x35,0xff,0x3c,0x3e,0x34,0xff,0x40,0x3d,0x33,0xff,0x3d,0x3c,0x31,0xff,
    0x3b,0x3b,0x30,0xff,0x38,0x39,0x2e,0xff,0x38,0x38,0x2d,0xff,0x39,0x37,0x2d,0xff,
    0x36,0x36,0x2c,0xff,0x35,0x35,0x2b,0xff,0x35,0x35,0x2a,0xff,0x32,0x35,0x2a,0xff,
    0x34,0x33,0x29,0xff,0x34,0x33,0x29,0xff,0x33,0x32,0x28,0xff,0x32,0x32,0x28,0xff,
    0x36,0x31,0x28,0xff,0x32,0x31,0x27,0xff,0x32,0x31,0x27,0xff,0x34,0x30,0x27,0xff,
    0x2f,0x31,0x26,0xff,0x31,0x30,0x26,0xff,0x32,0x30,0x26,0xff,0x31,0x2f,0x25,0xff,
    0x2d,0x30,0x25,0xff,0x2d,0x2f,0x25,0xff,0x2e,0x2f,0x25,0xff,0x2f,0x2f,0x25,0xff,
    0x2b,0x2f,0x24,0xff,0x2e,0x2e,0x24,0xff,0x2c,0x2f,0x24,0xff,0x2b,0x2e,0x24,0xff,
    0x2d,0x2d,0x24,0xff,0x2e,0x2e,0x24,0xff,0x2c,0x2e,0x24,0xff,0x2e,0x2e,0x24,0xff,
    0x30,0x2e,0x24,0xff,0x2d,0x2f,0x24,0xff,0x31,0x2e,0x25,0xff,0x2e,0x2f,0x25,0xff,
    0x2e,0x2f,0x25,0xff,0x31,0x2f,0x25,0xff,0x32,0x30,0x26,0xff,0x30,0x30,0x25,0xff,
    0x2e,0x31,0x26,0xff,0x2f,0x31,0x27,0xff,0x31,0x31,0x26,0xff,0x2f,0x31,0x27,0xff,
    0x2e,0x31,0x27,0xff,0x30,0x31,0x27,0xff,0x2d,0x31,0x27,0xff,0x2f,0x31,0x27,0xff,
    0x31,0x31,0x27,0xff,0x31,0x32,0x28,0xff,0x31,0x32,0x28,0xff,0x34,0x32,0x28,0xff,
    0x32,0x32,0x28,0xff,0x36,0x33,0x29,0xff,0x37,0x33,0x29,0xff,0x33,0x34,0x2a,0xff,
    0x36,0x34,0x2b,0xff,0x37,0x36,0x2c,0xff,0x37,0x37,0x2d,0xff,0x32,0x37,0x2c,0xff,
    0x33,0x35,0x2b,0xff,0x32,0x33,0x29,0xff,0x24,0x21,0x1a,0xff,0x1f,0x20,0x19,0xff,
    0x24,0x23,0x1a,0xff,0x1d,0x17,0x0f,0xff,0x46,0x28,0x13,0xff,0x6e,0x49,0x2b,0xff,
    0x93,0x71,0x53,0xff,0x66,0x46,0x2b,0xff,0x39,0x19,0x02,0xff,0x3a,0x1b,0x06,0xff,
    0x2e,0x15,0x02,0xff,0x37,0x18,0x04,0xff,0x6c,0x4d,0x35,0xff,0x7c,0x5e,0x45,0xff,
    0x7c,0x5c,0x43,0xff,0x79,0x5a,0x43,0xff,0x4b,0x2e,0x18,0xff,0x30,0x1b,0x09,0xff,
    0x2d,0x15,0x03,0xff,0x5e,0x52,0x43,0xff,0x81,0x66,0x50,0xff,0x00,0x00,0x00,0x00,
    0x00,0x00,0x00,0x00,0x00,0x00,0x00,0x00,0x00,0x00,0x00,0x00,0x00,0x00,0x00,0x00,
    0x00,0x00,0x00,0x00,0x00,0x00,0x00,0x00,0x00,0x00,0x00,0x00,0x00,0x00,0x00,0x00,
    0x00,0x00,0x00,0x00,0x00,0x00,0x00,0x00,0x00,0x00,0x00,0x00,0x00,0x00,0x00,0x00,
    0x00,0x00,0x00,0x00,0x00,0x00,0x00,0x00,0x00,0x00,0x00,0x00,0x00,0x00,0x00,0x00,
    0x00,0x00,0x00,0x00,0x00,0x00,0x00,0x00,0x7f,0x75,0x68,0xff,0x44,0x38,0x27,0xff,
    0x36,0x1c,0x08,0xff,0x3e,0x20,0x0c,0xff,0x71,0x54,0x3b,0xff,0x9c,0x7c,0x61,0xff,
    0x9e,0x7b,0x5f,0xff,0x99,0x72,0x55,0xff,0x53,0x30,0x16,0xff,0x3b,0x1c,0x04,0xff,
    0x42,0x21,0x0a,0xff,0x41,0x1d,0x05,0xff,0x68,0x44,0x25,0xff,0x9d,0x77,0x53,0xff,
    0x94,0x6e,0x4e,0xff,0x55,0x34,0x1b,0xff,0x26,0x17,0x0b,0xff,0x29,0x28,0x21,0xff,
    0x2c,0x2a,0x22,0xff,0x28,0x26,0x1e,0xff,0x37,0x3b,0x32,0xff,0x3f,0x42,0x38,0xff,
    0x3f,0x3f,0x35,0xff,0x3e,0x40,0x35,0xff,0x3d,0x40,0x34,0xff,0x3b,0x3e,0x32,0xff,
    0x3c,0x3b,0x30,0xff,0x3b,0x3a,0x2e,0xff,0x38,0x38,0x2c,0xff,0x35,0x37,0x2b,0xff,
    0x36,0x35,0x2a,0xff,0x36,0x34,0x2a,0xff,0x35,0x33,0x29,0xff,0x36,0x33,0x29,0xff,
    0x35,0x32,0x29,0xff,0x33,0x33,0x28,0xff,0x33,0x32,0x28,0xff,0x30,0x32,0x28,0xff,
    0x33,0x31,0x27,0xff,0x32,0x32,0x27,0xff,0x2e,0x31,0x27,0xff,0x32,0x31,0x27,0xff,
    0x30,0x31,0x27,0xff,0x2f,0x31,0x27,0xff,0x30,0x31,0x27,0xff,0x31,0x31,0x26,0xff,
    0x32,0x30,0x26,0xff,0x31,0x30,0x26,0xff,0x2d,0x31,0x26,0xff,0x2e,0x30,0x25,0xff,
    0x30,0x2f,0x25,0xff,0x2f,0x30,0x26,0xff,0x31,0x30,0x26,0xff,0x31,0x2f,0x25,0xff,
    0x2e,0x2e,0x25,0xff,0x2f,0x2f,0x25,0xff,0x2d,0x30,0x25,0xff,0x2e,0x30,0x25,0xff,
    0x31,0x2f,0x25,0xff,0x2d,0x31,0x25,0xff,0x2e,0x30,0x25,0xff,0x31,0x30,0x25,0xff,
    0x2e,0x30,0x26,0xff,0x2f,0x31,0x26,0xff,0x2f,0x30,0x26,0xff,0x32,0x30,0x26,0xff,
    0x31,0x30,0x27,0xff,0x2f,0x31,0x27,0xff,0x2d,0x30,0x27,0xff,0x30,0x2f,0x27,0xff,
    0x30,0x30,0x27,0xff,0x30,0x30,0x27,0xff,0x31,0x2f,0x27,0xff,0x32,0x30,0x27,0xff,
    0x30,0x31,0x27,0xff,0x30,0x32,0x28,0xff,0x2e,0x32,0x28,0xff,0x33,0x33,0x28,0xff,
    0x31,0x32,0x28,0xff,0x30,0x34,0x29,0xff,0x35,0x34,0x29,0xff,0x35,0x34,0x2b,0xff,
    0x35,0x35,0x2b,0xff,0x35,0x36,0x2c,0xff,0x37,0x38,0x2e,0xff,0x37,0x37,0x2d,0xff,
    0x37,0x36,0x2c,0xff,0x33,0x35,0x2c,0xff,0x23,0x22,0x1b,0xff,0x24,0x1f,0x1a,0xff,
    0x27,0x23,0x1b,0xff,0x21,0x17,0x0f,0xff,0x45,0x26,0x11,0xff,0x6a,0x46,0x27,0xff,
    0x93,0x6f,0x52,0xff,0x6e,0x4c,0x32,0xff,0x39,0x1b,0x05,0xff,0x3a,0x1b,0x05,0xff,
    0x2e,0x15,0x01,0xff,0x3b,0x1f,0x0a,0xff,0x74,0x55,0x3b,0xff,0x7b,0x5e,0x45,0xff,
    0x7a,0x5d,0x45,0xff,0x77,0x5a,0x42,0xff,0x48,0x2b,0x16,0xff,0x33,0x1a,0x0a,0xff,
    0x2e,0x15,0x03,0xff,0x5e,0x54,0x44,0xff,0x80,0x66,0x50,0xff,0x00,0x00,0x00,0x00,
    0x00,0x00,0x00,0x00,0x00,0x00,0x00,0x00,0x00,0x00,0x00,0x00,0x00,0x00,0x00,0x00,
    0x00,0x00,0x00,0x00,0x00,0x00,0x00,0x00,0x00,0x00,0x00,0x00,0x00,0x00,0x00,0x00,
    0x00,0x00,0x00,0x00,0x00,0x00,0x00,0x00,0x00,0x00,0x00,0x00,0x00,0x00,0x00,0x00,
    0x00,0x00,0x00,0x00,0x00,0x00,0x00,0x00,0x00,0x00,0x00,0x00,0x00,0x00,0x00,0x00,
    0x00,0x00,0x00,0x00,0x00,0x00,0x00,0x00,0x7f,0x72,0x65,0xff,0x4e,0x3b,0x2c,0xff,
    0x34,0x1c,0x07,0xff,0x3c,0x1f,0x0a,0xff,0x6f,0x50,0x36,0xff,0x9e,0x7b,0x5f,0xff,
    0x9b,0x7a,0x5d,0xff,0x9c,0x78,0x5b,0xff,0x5a,0x3a,0x1e,0xff,0x3d,0x1a,0x03,0xff,
    0x40,0x22,0x0a,0xff,0x3f,0x1d,0x05,0xff,0x71,0x4a,0x2d,0xff,0x9e,0x79,0x54,0xff,
    0x92,0x6c,0x4b,0xff,0x53,0x2f,0x18,0xff,0x24,0x18,0x0e,0xff,0x2a,0x29,0x21,0xff,
    0x29,0x29,0x20,0xff,0x25,0x27,0x1e,0xff,0x3b,0x3b,0x33,0xff,0x41,0x43,0x39,0xff,
    0x3c,0x3f,0x34,0xff,0x40,0x3f,0x34,0xff,0x3d,0x3f,0x33,0xff,0x3c,0x3e,0x32,0xff,
    0x39,0x3d,0x31,0xff,0x38,0x3b,0x2f,0xff,0x39,0x39,0x2d,0xff,0x39,0x38,0x2c,0xff,
    0x36,0x37,0x2b,0xff,0x36,0x36,0x2a,0xff,0x35,0x35,0x2b,0xff,0x33,0x35,0x2a,0xff,
    0x37,0x35,0x2a,0xff,0x33,0x34,0x29,0xff,0x34,0x33,0x29,0xff,0x33,0x32,0x29,0xff,
    0x32,0x32,0x28,0xff,0x34,0x32,0x28,0xff,0x34,0x32,0x28,0xff,0x30,0x31,0x28,0xff,
    0x32,0x31,0x27,0xff,0x32,0x31,0x27,0xff,0x32,0x31,0x27,0xff,0x30,0x32,0x27,0xff,
    0x30,0x31,0x27,0xff,0x2f,0x32,0x27,0xff,0x32,0x31,0x27,0xff,0x2e,0x31,0x27,0xff,
    0x2f,0x31,0x27,0xff,0x2f,0x30,0x26,0xff,0x2d,0x31,0x26,0xff,0x2f,0x30,0x26,0xff,
    0x2f,0x2f,0x25,0xff,0x2d,0x30,0x25,0xff,0x2f,0x2f,0x25,0xff,0x2f,0x2f,0x25,0xff,
    0x2e,0x30,0x26,0xff,0x2f,0x30,0x26,0xff,0x2f,0x30,0x26,0xff,0x30,0x31,0x27,0xff,
    0x34,0x31,0x27,0xff,0x31,0x30,0x26,0xff,0x31,0x31,0x27,0xff,0x30,0x31,0x27,0xff,
    0x2f,0x31,0x27,0xff,0x30,0x31,0x27,0xff,0x31,0x31,0x27,0xff,0x2f,0x31,0x27,0xff,
    0x30,0x31,0x28,0xff,0x2f,0x31,0x27,0xff,0x2d,0x31,0x27,0xff,0x32,0x31,0x28,0xff,
    0x30,0x32,0x28,0xff,0x31,0x33,0x29,0xff,0x32,0x33,0x29,0xff,0x32,0x34,0x2a,0xff,
    0x33,0x34,0x2a,0xff,0x34,0x34,0x2a,0xff,0x33,0x35,0x2a,0xff,0x36,0x35,0x2b,0xff,
    0x36,0x37,0x2b,0xff,0x38,0x37,0x2d,0xff,0x38,0x39,0x2f,0xff,0x37,0x38,0x2e,0xff,
    0x35,0x37,0x2d,0xff,0x35,0x34,0x2c,0xff,0x22,0x24,0x1b,0xff,0x22,0x1f,0x1a,0xff,
    0x25,0x22,0x1b,0xff,0x1f,0x19,0x10,0xff,0x3f,0x22,0x0f,0xff,0x6a,0x44,0x24,0xff,
    0x90,0x6c,0x50,0xff,0x76,0x53,0x39,0xff,0x3c,0x1c,0x06,0xff,0x38,0x1c,0x05,0xff,
    0x32,0x13,0x01,0xff,0x43,0x26,0x11,0xff,0x78,0x59,0x41,0xff,0x7d,0x5c,0x44,0xff,
    0x7c,0x5d,0x45,0xff,0x77,0x59,0x40,0xff,0x44,0x29,0x13,0xff,0x34,0x1a,0x0a,0xff,
    0x2e,0x16,0x03,0xff,0x60,0x55,0x47,0xff,0x81,0x66,0x50,0xff,0x00,0x00,0x00,0x00,
    0x00,0x00,0x00,0x00,0x00,0x00,0x00,0x00,0x00,0x00,0x00,0x00,0x00,0x00,0x00,0x00,
    0x00,0x00,0x00,0x00,0x00,0x00,0x00,0x00,0x00,0x00,0x00,0x00,0x00,0x00,0x00,0x00,
    0x00,0x00,0x00,0x00,0x00,0x00,0x00,0x00,0x00,0x00,0x00,0x00,0x00,0x00,0x00,0x00,
    0x00,0x00,0x00,0x00,0x00,0x00,0x00,0x00,0x00,0x00,0x00,0x00,0x00,0x00,0x00,0x00,
    0x00,0x00,0x00,0x00,0x00,0x00,0x00,0x00,0x7d,0x71,0x64,0xff,0x4f,0x3e,0x2f,0xff,
    0x35,0x1a,0x06,0xff,0x38,0x1e,0x0a,0xff,0x6a,0x4a,0x33,0xff,0x9e,0x7a,0x60,0xff,
    0x9c,0x78,0x5b,0xff,0x9f,0x7a,0x5e,0xff,0x66,0x45,0x29,0xff,0x3b,0x1b,0x03,0xff,
    0x3e,0x20,0x09,0xff,0x3f,0x1e,0x05,0xff,0x78,0x52,0x33,0xff,0xa0,0x7b,0x56,0xff,
    0x8d,0x68,0x46,0xff,0x4e,0x2b,0x15,0xff,0x23,0x18,0x0e,0xff,0x2c,0x29,0x22,0xff,
    0x28,0x29,0x21,0xff,0x27,0x26,0x1e,0xff,0x39,0x3a,0x32,0xff,0x43,0x42,0x38,0xff,
    0x3e,0x40,0x36,0xff,0x3f,0x40,0x35,0xff,0x3f,0x3e,0x32,0xff,0x3c,0x3c,0x31,0xff,
    0x3a,0x3b,0x2f,0xff,0x37,0x3a,0x2e,0xff,0x38,0x3a,0x2e,0xff,0x38,0x38,0x2c,0xff,
    0x36,0x36,0x2b,0xff,0x36,0x36,0x2a,0xff,0x34,0x36,0x2a,0xff,0x33,0x35,0x2a,0xff,
    0x36,0x35,0x29,0xff,0x34,0x34,0x29,0xff,0x34,0x33,0x29,0xff,0x34,0x32,0x28,0xff,
    0x31,0x33,0x28,0xff,0x32,0x31,0x27,0xff,0x33,0x32,0x28,0xff,0x33,0x31,0x27,0xff,
    0x31,0x31,0x27,0xff,0x32,0x31,0x27,0xff,0x33,0x32,0x28,0xff,0x30,0x31,0x27,0xff,
    0x2e,0x2f,0x25,0xff,0x2c,0x2f,0x24,0xff,0x2d,0x2e,0x24,0xff,0x2c,0x2e,0x24,0xff,
    0x2c,0x2e,0x23,0xff,0x2c,0x2d,0x23,0xff,0x28,0x2e,0x23,0xff,0x2b,0x2d,0x22,0xff,
    0x2b,0x2c,0x22,0xff,0x2a,0x2d,0x21,0xff,0x2c,0x2c,0x22,0xff,0x29,0x2c,0x21,0xff,
    0x2a,0x2c,0x22,0xff,0x2a,0x2d,0x23,0xff,0x2d,0x2d,0x23,0xff,0x2c,0x2e,0x23,0xff,
    0x2f,0x2f,0x26,0xff,0x32,0x31,0x28,0xff,0x32,0x31,0x27,0xff,0x31,0x31,0x27,0xff,
    0x31,0x31,0x27,0xff,0x30,0x31,0x27,0xff,0x30,0x31,0x27,0xff,0x2f,0x31,0x27,0xff,
    0x31,0x31,0x27,0xff,0x2e,0x32,0x27,0xff,0x2e,0x32,0x27,0xff,0x31,0x32,0x27,0xff,
    0x30,0x32,0x28,0xff,0x33,0x32,0x28,0xff,0x34,0x33,0x29,0xff,0x31,0x34,0x29,0xff,
    0x32,0x34,0x29,0xff,0x35,0x33,0x2a,0xff,0x35,0x34,0x2a,0xff,0x33,0x35,0x2b,0xff,
    0x35,0x35,0x2a,0xff,0x37,0x36,0x2b,0xff,0x38,0x37,0x2c,0xff,0x38,0x37,0x2d,0xff,
    0x35,0x37,0x2d,0xff,0x35,0x36,0x2c,0xff,0x24,0x25,0x1c,0xff,0x21,0x20,0x18,0xff,
    0x25,0x22,0x19,0xff,0x1f,0x1a,0x10,0xff,0x38,0x1e,0x0c,0xff,0x67,0x40,0x24,0xff,
    0x8d,0x68,0x4d,0xff,0x7c,0x59,0x3d,0xff,0x3d,0x20,0x08,0xff,0x36,0x1a,0x06,0xff,
    0x2e,0x13,0x01,0xff,0x4e,0x2e,0x17,0xff,0x7c,0x5d,0x45,0xff,0x7a,0x5b,0x44,0xff,
    0x7d,0x5d,0x46,0xff,0x74,0x57,0x3e,0xff,0x41,0x25,0x10,0xff,0x34,0x1a,0x0b,0xff,
    0x2e,0x16,0x04,0xff,0x62,0x57,0x4c,0xff,0x81,0x65,0x50,0xff,0x00,0x00,0x00,0x00,
    0x00,0x00,0x00,0x00,0x00,0x00,0x00,0x00,0x00,0x00,0x00,0x00,0x00,0x00,0x00,0x00,
    0x00,0x00,0x00,0x00,0x00,0x00,0x00,0x00,0x00,0x00,0x00,0x00,0x00,0x00,0x00,0x00,
    0x00,0x00,0x00,0x00,0x00,0x00,0x00,0x00,0x00,0x00,0x00,0x00,0x00,0x00,0x00,0x00,
    0x00,0x00,0x00,0x00,0x00,0x00,0x00,0x00,0x00,0x00,0x00,0x00,0x00,0x00,0x00,0x00,
    0x00,0x00,0x00,0x00,0x00,0x00,0x00,0x00,0x7e,0x73,0x67,0xff,0x4f,0x43,0x35,0xff,
    0x35,0x1b,0x06,0xff,0x3b,0x1c,0x08,0xff,0x65,0x44,0x2e,0xff,0x9a,0x78,0x5e,0xff,
    0x9c,0x76,0x5a,0xff,0x9f,0x7a,0x5e,0xff,0x73,0x4f,0x33,0xff,0x3d,0x1b,0x05,0xff,
    0x3a,0x1f,0x07,0xff,0x41,0x1f,0x06,0xff,0x81,0x5a,0x3a,0xff,0xa2,0x7c,0x58,0xff,
    0x8a,0x64,0x44,0xff,0x4a,0x28,0x11,0xff,0x21,0x17,0x0e,0xff,0x2a,0x29,0x21,0xff,
    0x2b,0x28,0x20,0xff,0x29,0x26,0x1e,0xff,0x37,0x39,0x30,0xff,0x3c,0x3f,0x36,0xff,
    0x3e,0x3e,0x33,0xff,0x40,0x3e,0x33,0xff,0x3b,0x3f,0x32,0xff,0x3b,0x3d,0x31,0xff,
    0x3b,0x3c,0x30,0xff,0x39,0x3b,0x2f,0xff,0x3b,0x3a,0x2e,0xff,0x37,0x39,0x2d,0xff,
    0x36,0x38,0x2c,0xff,0x3a,0x36,0x2b,0xff,0x37,0x35,0x2a,0xff,0x36,0x35,0x2a,0xff,
    0x33,0x35,0x2a,0xff,0x34,0x34,0x29,0xff,0x33,0x34,0x29,0xff,0x34,0x33,0x28,0xff,
    0x35,0x33,0x28,0xff,0x33,0x32,0x28,0xff,0x30,0x33,0x28,0xff,0x32,0x31,0x27,0xff,
    0x35,0x31,0x27,0xff,0x31,0x30,0x27,0xff,0x2c,0x2f,0x25,0xff,0x2d,0x2b,0x22,0xff,
    0x2a,0x2c,0x22,0xff,0x2b,0x2b,0x22,0xff,0x2b,0x2c,0x21,0xff,0x28,0x2b,0x21,0xff,
    0x2b,0x2b,0x20,0xff,0x2d,0x2a,0x21,0xff,0x2a,0x2b,0x20,0xff,0x28,0x2b,0x20,0xff,
    0x28,0x2b,0x20,0xff,0x29,0x2b,0x21,0xff,0x28,0x2b,0x22,0xff,0x2b,0x2b,0x20,0xff,
    0x2a,0x2b,0x20,0xff,0x27,0x2b,0x20,0xff,0x26,0x2a,0x21,0xff,0x2a,0x29,0x1f,0xff,
    0x2a,0x29,0x20,0xff,0x2b,0x2f,0x25,0xff,0x30,0x31,0x27,0xff,0x31,0x31,0x26,0xff,
    0x31,0x31,0x27,0xff,0x32,0x31,0x27,0xff,0x2f,0x31,0x27,0xff,0x2f,0x31,0x27,0xff,
    0x33,0x31,0x27,0xff,0x30,0x31,0x27,0xff,0x30,0x31,0x27,0xff,0x2f,0x32,0x27,0xff,
    0x31,0x32,0x28,0xff,0x30,0x32,0x27,0xff,0x32,0x32,0x28,0xff,0x35,0x33,0x29,0xff,
    0x32,0x35,0x29,0xff,0x30,0x34,0x29,0xff,0x33,0x34,0x2a,0xff,0x37,0x33,0x2a,0xff,
    0x35,0x35,0x2a,0xff,0x34,0x37,0x2b,0xff,0x39,0x37,0x2c,0xff,0x37,0x37,0x2d,0xff,
    0x37,0x36,0x2c,0xff,0x34,0x35,0x2b,0xff,0x23,0x25,0x1c,0xff,0x23,0x1f,0x17,0xff,
    0x27,0x21,0x18,0xff,0x1f,0x1c,0x12,0xff,0x32,0x1b,0x0b,0xff,0x61,0x3d,0x21,0xff,
    0x88,0x65,0x48,0xff,0x80,0x5f,0x42,0xff,0x42,0x22,0x0d,0xff,0x37,0x18,0x05,0xff,
    0x2e,0x14,0x01,0xff,0x53,0x37,0x20,0xff,0x80,0x5f,0x47,0xff,0x7d,0x5b,0x45,0xff,
    0x7b,0x5e,0x46,0xff,0x71,0x54,0x3c,0xff,0x3e,0x22,0x0e,0xff,0x31,0x1a,0x09,0xff,
    0x30,0x17,0x05,0xff,0x5d,0x57,0x4a,0xff,0x7a,0x60,0x4b,0xff,0x00,0x00,0x00,0x00,
    0x00,0x00,0x00,0x00,0x00,0x00,0x00,0x00,0x00,0x00,0x00,0x00,0x00,0x00,0x00,0x00,
    0x00,0x00,0x00,0x00,0x00,0x00,0x00,0x00,0x00,0x00,0x00,0x00,0x00,0x00,0x00,0x00,
    0x00,0x00,0x00,0x00,0x00,0x00,0x00,0x00,0x00,0x00,0x00,0x00,0x00,0x00,0x00,0x00,
    0x00,0x00,0x00,0x00,0x00,0x00,0x00,0x00,0x00,0x00,0x00,0x00,0x00,0x00,0x00,0x00,
    0x00,0x00,0x00,0x00,0x00,0x00,0x00,0x00,0x8e,0x82,0x77,0xff,0x57,0x48,0x3b,0xff,
    0x33,0x1a,0x06,0xff,0x37,0x1c,0x08,0xff,0x5f,0x40,0x29,0xff,0x96,0x78,0x5c,0xff,
    0x9a,0x76,0x5a,0xff,0x9d,0x79,0x5b,0xff,0x7d,0x59,0x3d,0xff,0x41,0x1e,0x08,0xff,
    0x3c,0x1d,0x07,0xff,0x44,0x22,0x09,0xff,0x87,0x60,0x3f,0xff,0xa1,0x7c,0x57,0xff,
    0x86,0x60,0x41,0xff,0x46,0x25,0x0f,0xff,0x22,0x16,0x0e,0xff,0x2b,0x29,0x22,0xff,
    0x29,0x28,0x20,0xff,0x28,0x26,0x1e,0xff,0x38,0x37,0x2f,0xff,0x3d,0x3c,0x33,0xff,
    0x36,0x39,0x2e,0xff,0x38,0x36,0x2c,0xff,0x34,0x37,0x2c,0xff,0x35,0x36,0x2b,0xff,
    0x37,0x35,0x2b,0xff,0x35,0x37,0x2c,0xff,0x37,0x36,0x2b,0xff,0x37,0x36,0x2b,0xff,
    0x34,0x36,0x2b,0xff,0x35,0x35,0x2a,0xff,0x36,0x36,0x2a,0xff,0x38,0x36,0x2b,0xff,
    0x34,0x36,0x2b,0xff,0x36,0x34,0x2a,0xff,0x36,0x34,0x29,0xff,0x33,0x34,0x29,0xff,
    0x34,0x33,0x28,0xff,0x34,0x33,0x29,0xff,0x35,0x33,0x29,0xff,0x31,0x32,0x28,0xff,
    0x32,0x31,0x27,0xff,0x32,0x31,0x27,0xff,0x29,0x2c,0x21,0xff,0x2c,0x2c,0x22,0xff,
    0x2c,0x2e,0x24,0xff,0x2b,0x2d,0x23,0xff,0x2d,0x2d,0x23,0xff,0x2d,0x2d,0x23,0xff,
    0x2a,0x2e,0x23,0xff,0x2d,0x2d,0x23,0xff,0x2d,0x2d,0x23,0xff,0x2c,0x2d,0x23,0xff,
    0x2b,0x2e,0x23,0xff,0x2f,0x2c,0x23,0xff,0x2b,0x2d,0x23,0xff,0x2b,0x2d,0x22,0xff,
    0x2c,0x2c,0x22,0xff,0x2c,0x2c,0x22,0xff,0x2b,0x2c,0x22,0xff,0x28,0x2d,0x22,0xff,
    0x2b,0x2b,0x21,0xff,0x27,0x2b,0x20,0xff,0x2d,0x30,0x25,0xff,0x30,0x30,0x26,0xff,
    0x2f,0x32,0x27,0xff,0x30,0x31,0x27,0xff,0x32,0x32,0x28,0xff,0x30,0x32,0x27,0xff,
    0x31,0x32,0x28,0xff,0x30,0x32,0x28,0xff,0x33,0x32,0x28,0xff,0x30,0x33,0x29,0xff,
    0x33,0x32,0x28,0xff,0x34,0x33,0x29,0xff,0x30,0x34,0x29,0xff,0x33,0x34,0x2a,0xff,
    0x33,0x34,0x2a,0xff,0x34,0x33,0x29,0xff,0x30,0x33,0x29,0xff,0x33,0x33,0x29,0xff,
    0x34,0x32,0x29,0xff,0x30,0x33,0x29,0xff,0x34,0x33,0x29,0xff,0x32,0x32,0x27,0xff,
    0x31,0x31,0x27,0xff,0x31,0x33,0x28,0xff,0x24,0x24,0x1b,0xff,0x1f,0x20,0x17,0xff,
    0x23,0x21,0x18,0xff,0x1f,0x1c,0x14,0xff,0x31,0x18,0x0a,0xff,0x5e,0x3b,0x1f,0xff,
    0x86,0x61,0x43,0xff,0x86,0x62,0x46,0xff,0x48,0x27,0x11,0xff,0x34,0x17,0x03,0xff,
    0x33,0x16,0x03,0xff,0x60,0x40,0x2a,0xff,0x7d,0x61,0x48,0xff,0x7d,0x5b,0x45,0xff,
    0x7c,0x5f,0x47,0xff,0x6d,0x50,0x39,0xff,0x3c,0x20,0x0b,0xff,0x2f,0x1b,0x09,0xff,
    0x32,0x1a,0x08,0xff,0x58,0x51,0x45,0xff,0x74,0x5b,0x45,0xff,0x00,0x00,0x00,0x00,
    0x00,0x00,0x00,0x00,0x00,0x00,0x00,0x00,0x00,0x00,0x00,0x00,0x00,0x00,0x00,0x00,
    0x00,0x00,0x00,0x00,0x00,0x00,0x00,0x00,0x00,0x00,0x00,0x00,0x00,0x00,0x00,0x00,
    0x00,0x00,0x00,0x00,0x00,0x00,0x00,0x00,0x00,0x00,0x00,0x00,0x00,0x00,0x00,0x00,
    0x00,0x00,0x00,0x00,0x00,0x00,0x00,0x00,0x00,0x00,0x00,0x00,0x00,0x00,0x00,0x00,
    0x00,0x00,0x00,0x00,0x00,0x00,0x00,0x00,0x97,0x8d,0x82,0xff,0x5a,0x4f,0x43,0xff,
    0x34,0x19,0x07,0xff,0x38,0x1b,0x09,0xff,0x59,0x3c,0x23,0xff,0x96,0x75,0x5a,0xff,
    0x98,0x75,0x59,0xff,0x9b,0x76,0x59,0xff,0x87,0x60,0x45,0xff,0x43,0x23,0x0a,0xff,
    0x3c,0x1b,0x07,0xff,0x4a,0x27,0x0e,0xff,0x8d,0x66,0x44,0xff,0x9f,0x7a,0x56,0xff,
    0x83,0x5c,0x3d,0xff,0x43,0x22,0x0d,0xff,0x1d,0x17,0x0e,0xff,0x2c,0x29,0x22,0xff,
    0x2a,0x28,0x20,0xff,0x28,0x26,0x1e,0xff,0x34,0x38,0x2f,0xff,0x3e,0x3d,0x34,0xff,
    0x3b,0x39,0x30,0xff,0x39,0x38,0x2e,0xff,0x38,0x37,0x2d,0xff,0x36,0x36,0x2c,0xff,
    0x36,0x35,0x2b,0xff,0x35,0x33,0x2a,0xff,0x31,0x32,0x28,0xff,0x31,0x32,0x28,0xff,
    0x32,0x30,0x26,0xff,0x31,0x30,0x27,0xff,0x32,0x30,0x26,0xff,0x31,0x30,0x26,0xff,
    0x31,0x30,0x26,0xff,0x30,0x2f,0x25,0xff,0x30,0x30,0x26,0xff,0x2f,0x2f,0x25,0xff,
    0x30,0x2f,0x25,0xff,0x2e,0x30,0x26,0xff,0x2e,0x30,0x25,0xff,0x30,0x2f,0x25,0xff,
    0x2e,0x2f,0x24,0xff,0x2c,0x2c,0x22,0xff,0x2d,0x2d,0x23,0xff,0x31,0x32,0x28,0xff,
    0x32,0x32,0x28,0xff,0x33,0x33,0x28,0xff,0x2f,0x34,0x29,0xff,0x33,0x32,0x28,0xff,
    0x31,0x32,0x28,0xff,0x31,0x32,0x28,0xff,0x32,0x33,0x28,0xff,0x31,0x33,0x28,0xff,
    0x32,0x32,0x28,0xff,0x31,0x32,0x28,0xff,0x31,0x32,0x28,0xff,0x31,0x32,0x28,0xff,
    0x33,0x32,0x28,0xff,0x2f,0x33,0x28,0xff,0x33,0x32,0x27,0xff,0x30,0x31,0x27,0xff,
    0x2e,0x30,0x26,0xff,0x2b,0x2d,0x23,0xff,0x29,0x2b,0x20,0xff,0x2d,0x2e,0x24,0xff,
    0x30,0x2f,0x25,0xff,0x2d,0x30,0x25,0xff,0x2f,0x2f,0x25,0xff,0x2f,0x2e,0x24,0xff,
    0x2d,0x2e,0x24,0xff,0x2d,0x2e,0x24,0xff,0x2d,0x2f,0x24,0xff,0x2d,0x2e,0x24,0xff,
    0x2e,0x2e,0x24,0xff,0x2e,0x2f,0x25,0xff,0x2e,0x2f,0x24,0xff,0x2f,0x2f,0x25,0xff,
    0x2c,0x2e,0x24,0xff,0x2c,0x2f,0x24,0xff,0x2e,0x2e,0x24,0xff,0x2e,0x2f,0x24,0xff,
    0x31,0x2f,0x25,0xff,0x30,0x2f,0x26,0xff,0x30,0x30,0x26,0xff,0x30,0x30,0x26,0xff,
    0x32,0x32,0x28,0xff,0x30,0x34,0x2a,0xff,0x25,0x24,0x1c,0xff,0x20,0x1e,0x17,0xff,
    0x24,0x21,0x18,0xff,0x1f,0x1d,0x15,0xff,0x2d,0x17,0x09,0xff,0x5f,0x39,0x1e,0xff,
    0x80,0x5c,0x40,0xff,0x89,0x66,0x49,0xff,0x4e,0x2d,0x15,0xff,0x32,0x15,0x02,0xff,
    0x34,0x19,0x07,0xff,0x6b,0x4a,0x32,0xff,0x7d,0x60,0x46,0xff,0x7b,0x5b,0x44,0xff,
    0x7e,0x5f,0x46,0xff,0x6b,0x4d,0x36,0xff,0x39,0x1e,0x0a,0xff,0x33,0x1a,0x09,0xff,
    0x35,0x1d,0x0a,0xff,0x56,0x4f,0x43,0xff,0x73,0x59,0x43,0xff,0x00,0x00,0x00,0x00,
    0x00,0x00,0x00,0x00,0x00,0x00,0x00,0x00,0x00,0x00,0x00,0x00,0x00,0x00,0x00,0x00,
    0x00,0x00,0x00,0x00,0x00,0x00,0x00,0x00,0x00,0x00,0x00,0x00,0x00,0x00,0x00,0x00,
    0x00,0x00,0x00,0x00,0x00,0x00,0x00,0x00,0x00,0x00,0x00,0x00,0x00,0x00,0x00,0x00,
    0x00,0x00,0x00,0x00,0x00,0x00,0x00,0x00,0x00,0x00,0x00,0x00,0x00,0x00,0x00,0x00,
    0x00,0x00,0x00,0x00,0x00,0x00,0x00,0x00,0x79,0x66,0x56,0xff,0x64,0x5a,0x4e,0xff,
    0x35,0x1a,0x06,0xff,0x37,0x1b,0x08,0xff,0x54,0x37,0x1f,0xff,0x94,0x72,0x57,0xff,
    0x97,0x74,0x58,0xff,0x95,0x73,0x55,0xff,0x8c,0x67,0x49,0xff,0x46,0x28,0x0e,0xff,
    0x39,0x19,0x05,0xff,0x4d,0x2c,0x12,0xff,0x8f,0x6c,0x4b,0xff,0xa1,0x78,0x55,0xff,
    0x82,0x58,0x39,0xff,0x43,0x21,0x0d,0xff,0x1f,0x16,0x0f,0xff,0x2a,0x29,0x22,0xff,
    0x29,0x27,0x1f,0xff,0x27,0x26,0x1e,0xff,0x35,0x37,0x2e,0xff,0x3c,0x3c,0x33,0xff,
    0x3b,0x39,0x30,0xff,0x39,0x38,0x2e,0xff,0x37,0x38,0x2e,0xff,0x3a,0x37,0x2e,0xff,
    0x37,0x38,0x2d,0xff,0x36,0x37,0x2d,0xff,0x34,0x36,0x2c,0xff,0x34,0x36,0x2b,0xff,
    0x37,0x34,0x2a,0xff,0x32,0x34,0x29,0xff,0x33,0x33,0x29,0xff,0x32,0x32,0x27,0xff,
    0x32,0x31,0x27,0xff,0x30,0x30,0x26,0xff,0x2d,0x30,0x26,0xff,0x2c,0x2f,0x25,0xff,
    0x2f,0x2e,0x24,0xff,0x2c,0x2d,0x23,0xff,0x2c,0x2d,0x23,0xff,0x2c,0x2c,0x22,0xff,
    0x2a,0x2b,0x21,0xff,0x28,0x2b,0x21,0xff,0x33,0x32,0x28,0xff,0x34,0x34,0x2a,0xff,
    0x31,0x33,0x29,0xff,0x31,0x33,0x28,0xff,0x2d,0x33,0x29,0xff,0x33,0x33,0x29,0xff,
    0x32,0x33,0x29,0xff,0x30,0x33,0x29,0xff,0x33,0x32,0x29,0xff,0x31,0x33,0x28,0xff,
    0x30,0x33,0x28,0xff,0x30,0x33,0x29,0xff,0x2e,0x33,0x29,0xff,0x32,0x32,0x28,0xff,
    0x33,0x32,0x28,0xff,0x32,0x33,0x28,0xff,0x33,0x32,0x28,0xff,0x34,0x32,0x28,0xff,
    0x31,0x32,0x27,0xff,0x2e,0x30,0x26,0xff,0x2b,0x2a,0x20,0xff,0x28,0x2b,0x20,0xff,
    0x2b,0x2b,0x21,0xff,0x28,0x2c,0x21,0xff,0x2a,0x2c,0x21,0xff,0x2e,0x2b,0x21,0xff,
    0x29,0x2c,0x21,0xff,0x2b,0x2c,0x22,0xff,0x2d,0x2c,0x22,0xff,0x2d,0x2e,0x24,0xff,
    0x2d,0x2f,0x24,0xff,0x2c,0x30,0x25,0xff,0x2d,0x30,0x25,0xff,0x31,0x30,0x26,0xff,
    0x2f,0x30,0x26,0xff,0x2f,0x31,0x26,0xff,0x33,0x31,0x27,0xff,0x33,0x31,0x28,0xff,
    0x31,0x32,0x28,0xff,0x33,0x31,0x27,0xff,0x33,0x32,0x28,0xff,0x31,0x32,0x28,0xff,
    0x32,0x32,0x28,0xff,0x30,0x34,0x29,0xff,0x27,0x25,0x1b,0xff,0x21,0x1e,0x16,0xff,
    0x23,0x21,0x18,0xff,0x22,0x1d,0x15,0xff,0x2b,0x16,0x09,0xff,0x5d,0x36,0x1c,0xff,
    0x7a,0x59,0x3b,0xff,0x86,0x68,0x4a,0xff,0x53,0x34,0x1b,0xff,0x32,0x14,0x02,0xff,
    0x3c,0x1e,0x0b,0xff,0x74,0x52,0x3b,0xff,0x7f,0x5e,0x46,0xff,0x7b,0x5b,0x44,0xff,
    0x7e,0x5f,0x48,0xff,0x67,0x4a,0x33,0xff,0x36,0x1d,0x09,0xff,0x34,0x1a,0x07,0xff,
    0x33,0x1f,0x0c,0xff,0x58,0x53,0x48,0xff,0x79,0x5d,0x47,0xff,0x00,0x00,0x00,0x00,
    0x00,0x00,0x00,0x00,0x00,0x00,0x00,0x00,0x00,0x00,0x00,0x00,0x00,0x00,0x00,0x00,
    0x00,0x00,0x00,0x00,0x00,0x00,0x00,0x00,0x00,0x00,0x00,0x00,0x00,0x00,0x00,0x00,
    0x00,0x00,0x00,0x00,0x00,0x00,0x00,0x00,0x00,0x00,0x00,0x00,0x00,0x00,0x00,0x00,
    0x00,0x00,0x00,0x00,0x00,0x00,0x00,0x00,0x00,0x00,0x00,0x00,0x00,0x00,0x00,0x00,
    0x00,0x00,0x00,0x00,0x00,0x00,0x00,0x00,0x6f,0x59,0x48,0xff,0x66,0x62,0x57,0xff,
    0x30,0x1c,0x07,0xff,0x36,0x1b,0x07,0xff,0x51,0x31,0x1a,0xff,0x92,0x70,0x54,0xff,
    0x95,0x74,0x57,0xff,0x95,0x70,0x53,0xff,0x95,0x6d,0x4e,0xff,0x52,0x30,0x15,0xff,
    0x37,0x17,0x03,0xff,0x58,0x31,0x19,0xff,0x96,0x70,0x4e,0xff,0x9f,0x78,0x54,0xff,
    0x7b,0x55,0x37,0xff,0x3f,0x21,0x0e,0xff,0x20,0x14,0x0f,0xff,0x2c,0x29,0x22,0xff,
    0x27,0x28,0x1f,0xff,0x24,0x25,0x1c,0xff,0x33,0x34,0x2b,0xff,0x38,0x3c,0x33,0xff,
    0x38,0x38,0x30,0xff,0x38,0x39,0x2f,0xff,0x3a,0x38,0x2e,0xff,0x39,0x38,0x2e,0xff,
    0x38,0x38,0x2d,0xff,0x39,0x36,0x2d,0xff,0x37,0x36,0x2c,0xff,0x36,0x36,0x2c,0xff,
    0x39,0x35,0x2c,0xff,0x35,0x35,0x2b,0xff,0x35,0x35,0x2b,0xff,0x36,0x35,0x2b,0xff,
    0x35,0x34,0x2a,0xff,0x37,0x33,0x2a,0xff,0x36,0x33,0x29,0xff,0x33,0x32,0x28,0xff,
    0x32,0x32,0x28,0xff,0x32,0x31,0x27,0xff,0x2f,0x30,0x26,0xff,0x2d,0x2f,0x25,0xff,
    0x2c,0x2d,0x23,0xff,0x30,0x2f,0x25,0xff,0x36,0x35,0x2a,0xff,0x34,0x35,0x2b,0xff,
    0x36,0x35,0x2b,0xff,0x37,0x35,0x2b,0xff,0x33,0x35,0x2b,0xff,0x36,0x35,0x2b,0xff,
    0x36,0x36,0x2b,0xff,0x33,0x36,0x2b,0xff,0x36,0x35,0x2b,0xff,0x34,0x35,0x2b,0xff,
    0x35,0x35,0x2c,0xff,0x38,0x34,0x2b,0xff,0x34,0x35,0x2a,0xff,0x33,0x35,0x2b,0xff,
    0x34,0x35,0x2b,0xff,0x36,0x35,0x2b,0xff,0x34,0x35,0x2b,0xff,0x36,0x35,0x2b,0xff,
    0x36,0x34,0x2a,0xff,0x35,0x32,0x29,0xff,0x2e,0x2e,0x24,0xff,0x2e,0x2e,0x24,0xff,
    0x32,0x2e,0x24,0xff,0x31,0x2f,0x25,0xff,0x30,0x2f,0x25,0xff,0x33,0x2f,0x25,0xff,
    0x31,0x30,0x26,0xff,0x31,0x30,0x26,0xff,0x32,0x31,0x27,0xff,0x32,0x31,0x28,0xff,
    0x34,0x31,0x27,0xff,0x35,0x31,0x28,0xff,0x32,0x32,0x27,0xff,0x32,0x31,0x27,0xff,
    0x32,0x31,0x27,0xff,0x31,0x31,0x27,0xff,0x30,0x32,0x27,0xff,0x33,0x32,0x28,0xff,
    0x34,0x31,0x28,0xff,0x33,0x31,0x28,0xff,0x33,0x32,0x28,0xff,0x36,0x32,0x28,0xff,
    0x35,0x31,0x27,0xff,0x33,0x33,0x29,0xff,0x26,0x22,0x19,0xff,0x22,0x1d,0x16,0xff,
    0x23,0x20,0x18,0xff,0x1f,0x1e,0x15,0xff,0x26,0x15,0x09,0xff,0x55,0x33,0x18,0xff,
    0x79,0x53,0x35,0xff,0x8c,0x67,0x49,0xff,0x5b,0x3b,0x21,0xff,0x30,0x14,0x00,0xff,
    0x45,0x26,0x11,0xff,0x79,0x5a,0x40,0xff,0x7d,0x5d,0x45,0xff,0x7b,0x5a,0x43,0xff,
    0x81,0x5f,0x47,0xff,0x62,0x45,0x30,0xff,0x36,0x1b,0x08,0xff,0x39,0x1a,0x07,0xff,
    0x39,0x23,0x11,0xff,0x5d,0x59,0x4f,0xff,0x7c,0x5f,0x4a,0xff,0x00,0x00,0x00,0x00,
    0x00,0x00,0x00,0x00,0x00,0x00,0x00,0x00,0x00,0x00,0x00,0x00,0x00,0x00,0x00,0x00,
    0x00,0x00,0x00,0x00,0x00,0x00,0x00,0x00,0x00,0x00,0x00,0x00,0x00,0x00,0x00,0x00,
    0x00,0x00,0x00,0x00,0x00,0x00,0x00,0x00,0x00,0x00,0x00,0x00,0x00,0x00,0x00,0x00,
    0x00,0x00,0x00,0x00,0x00,0x00,0x00,0x00,0x00,0x00,0x00,0x00,0x00,0x00,0x00,0x00,
    0x00,0x00,0x00,0x00,0x00,0x00,0x00,0x00,0x73,0x5d,0x4b,0xff,0x6c,0x66,0x5d,0xff,
    0x34,0x1f,0x0c,0xff,0x34,0x1b,0x07,0xff,0x48,0x2c,0x14,0xff,0x8f,0x6b,0x50,0xff,
    0x94,0x75,0x57,0xff,0x93,0x6f,0x52,0xff,0x96,0x70,0x52,0xff,0x5d,0x3b,0x20,0xff,
    0x34,0x16,0x01,0xff,0x5c,0x3b,0x1f,0xff,0x99,0x74,0x53,0xff,0x9e,0x77,0x54,0xff,
    0x78,0x51,0x33,0xff,0x3d,0x21,0x0e,0xff,0x1c,0x15,0x0f,0xff,0x2b,0x2a,0x22,0xff,
    0x26,0x28,0x1f,0xff,0x22,0x24,0x1e,0xff,0x2e,0x2b,0x24,0xff,0x3a,0x3b,0x32,0xff,
    0x38,0x39,0x30,0xff,0x34,0x38,0x2f,0xff,0x38,0x37,0x2e,0xff,0x38,0x38,0x2e,0xff,
    0x35,0x38,0x2d,0xff,0x36,0x37,0x2c,0xff,0x35,0x36,0x2c,0xff,0x37,0x36,0x2c,0xff,
    0x36,0x36,0x2c,0xff,0x35,0x36,0x2b,0xff,0x36,0x35,0x2b,0xff,0x36,0x35,0x2b,0xff,
    0x32,0x35,0x2a,0xff,0x35,0x34,0x2a,0xff,0x33,0x33,0x29,0xff,0x33,0x32,0x28,0xff,
    0x32,0x31,0x28,0xff,0x32,0x30,0x27,0xff,0x33,0x30,0x26,0xff,0x30,0x30,0x26,0xff,
    0x2d,0x30,0x26,0xff,0x31,0x33,0x28,0xff,0x37,0x35,0x2b,0xff,0x33,0x37,0x2c,0xff,
    0x35,0x37,0x2c,0xff,0x35,0x37,0x2c,0xff,0x35,0x36,0x2b,0xff,0x34,0x35,0x2b,0xff,
    0x33,0x36,0x2c,0xff,0x35,0x35,0x2b,0xff,0x37,0x35,0x2b,0xff,0x33,0x36,0x2a,0xff,
    0x33,0x36,0x2b,0xff,0x35,0x35,0x2b,0xff,0x33,0x35,0x2a,0xff,0x33,0x35,0x2b,0xff,
    0x33,0x35,0x2a,0xff,0x37,0x34,0x2a,0xff,0x35,0x34,0x2a,0xff,0x35,0x35,0x2a,0xff,
    0x33,0x36,0x2a,0xff,0x39,0x35,0x2b,0xff,0x33,0x32,0x29,0xff,0x2e,0x2f,0x25,0xff,
    0x31,0x2f,0x25,0xff,0x30,0x30,0x25,0xff,0x31,0x30,0x26,0xff,0x30,0x2f,0x25,0xff,
    0x31,0x2f,0x25,0xff,0x31,0x30,0x26,0xff,0x32,0x30,0x26,0xff,0x2f,0x31,0x26,0xff,
    0x32,0x30,0x26,0xff,0x31,0x31,0x27,0xff,0x32,0x31,0x27,0xff,0x31,0x32,0x28,0xff,
    0x34,0x32,0x28,0xff,0x34,0x32,0x28,0xff,0x33,0x32,0x27,0xff,0x30,0x33,0x27,0xff,
    0x32,0x32,0x28,0xff,0x34,0x31,0x28,0xff,0x30,0x32,0x28,0xff,0x32,0x31,0x27,0xff,
    0x35,0x34,0x2a,0xff,0x2e,0x2d,0x23,0xff,0x20,0x1d,0x16,0xff,0x22,0x1e,0x17,0xff,
    0x24,0x20,0x18,0xff,0x1e,0x1d,0x14,0xff,0x24,0x14,0x09,0xff,0x52,0x30,0x16,0xff,
    0x73,0x4f,0x32,0xff,0x88,0x67,0x49,0xff,0x63,0x43,0x28,0xff,0x31,0x13,0x00,0xff,
    0x52,0x2e,0x1a,0xff,0x7f,0x5d,0x44,0xff,0x7b,0x5c,0x44,0xff,0x77,0x5b,0x42,0xff,
    0x7f,0x5f,0x47,0xff,0x5d,0x40,0x2b,0xff,0x35,0x1b,0x07,0xff,0x37,0x1a,0x08,0xff,
    0x3d,0x2a,0x19,0xff,0x5c,0x56,0x4d,0xff,0x6d,0x4d,0x35,0xff,0x00,0x00,0x00,0x00,
    0x00,0x00,0x00,0x00,0x00,0x00,0x00,0x00,0x00,0x00,0x00,0x00,0x00,0x00,0x00,0x00,
    0x00,0x00,0x00,0x00,0x00,0x00,0x00,0x00,0x00,0x00,0x00,0x00,0x00,0x00,0x00,0x00,
    0x00,0x00,0x00,0x00,0x00,0x00,0x00,0x00,0x00,0x00,0x00,0x00,0x00,0x00,0x00,0x00,
    0x00,0x00,0x00,0x00,0x00,0x00,0x00,0x00,0x00,0x00,0x00,0x00,0x00,0x00,0x00,0x00,
    0x00,0x00,0x00,0x00,0x00,0x00,0x00,0x00,0x6f,0x59,0x47,0xff,0x70,0x6c,0x65,0xff,
    0x39,0x22,0x10,0xff,0x33,0x19,0x05,0xff,0x41,0x25,0x10,0xff,0x88,0x66,0x4c,0xff,
    0x96,0x74,0x57,0xff,0x92,0x6e,0x50,0xff,0x97,0x72,0x54,0xff,0x69,0x46,0x2b,0xff,
    0x34,0x15,0x00,0xff,0x67,0x43,0x26,0xff,0x9c,0x77,0x54,0xff,0x9c,0x76,0x53,0xff,
    0x73,0x4c,0x30,0xff,0x3a,0x1f,0x0b,0xff,0x1c,0x15,0x10,0xff,0x29,0x2a,0x21,0xff,
    0x26,0x26,0x1e,0xff,0x24,0x25,0x1f,0xff,0x27,0x23,0x1d,0xff,0x30,0x31,0x28,0xff,
    0x39,0x3b,0x32,0xff,0x35,0x3a,0x2f,0xff,0x38,0x38,0x2e,0xff,0x37,0x38,0x2e,0xff,
    0x36,0x38,0x2e,0xff,0x37,0x38,0x2e,0xff,0x36,0x37,0x2d,0xff,0x36,0x36,0x2c,0xff,
    0x34,0x36,0x2b,0xff,0x37,0x35,0x2b,0xff,0x35,0x34,0x2a,0xff,0x35,0x35,0x2b,0xff,
    0x35,0x34,0x2a,0xff,0x35,0x33,0x29,0xff,0x33,0x33,0x29,0xff,0x32,0x34,0x29,0xff,
    0x33,0x32,0x28,0xff,0x33,0x31,0x27,0xff,0x33,0x30,0x26,0xff,0x31,0x30,0x26,0xff,
    0x2f,0x31,0x26,0xff,0x34,0x35,0x2a,0xff,0x38,0x36,0x2d,0xff,0x31,0x33,0x29,0xff,
    0x2e,0x30,0x27,0xff,0x2d,0x2f,0x26,0xff,0x2e,0x2e,0x26,0xff,0x2d,0x2d,0x26,0xff,
    0x2c,0x2e,0x25,0xff,0x2e,0x2d,0x25,0xff,0x2a,0x2e,0x25,0xff,0x2b,0x2d,0x25,0xff,
    0x2b,0x2d,0x25,0xff,0x2c,0x2d,0x25,0xff,0x28,0x2d,0x25,0xff,0x2c,0x2d,0x25,0xff,
    0x2c,0x2d,0x24,0xff,0x2f,0x2d,0x24,0xff,0x2d,0x2e,0x24,0xff,0x2c,0x2e,0x25,0xff,
    0x2c,0x30,0x26,0xff,0x39,0x37,0x2d,0xff,0x37,0x36,0x2c,0xff,0x2f,0x30,0x25,0xff,
    0x30,0x30,0x25,0xff,0x30,0x30,0x26,0xff,0x31,0x30,0x25,0xff,0x2f,0x30,0x26,0xff,
    0x32,0x2f,0x25,0xff,0x31,0x30,0x26,0xff,0x30,0x30,0x26,0xff,0x31,0x30,0x26,0xff,
    0x32,0x31,0x26,0xff,0x31,0x31,0x27,0xff,0x30,0x31,0x27,0xff,0x32,0x31,0x27,0xff,
    0x34,0x31,0x27,0xff,0x34,0x32,0x28,0xff,0x33,0x32,0x28,0xff,0x30,0x33,0x28,0xff,
    0x32,0x31,0x27,0xff,0x34,0x32,0x28,0xff,0x33,0x33,0x28,0xff,0x35,0x35,0x2a,0xff,
    0x2f,0x2f,0x24,0xff,0x20,0x1e,0x16,0xff,0x20,0x1c,0x15,0xff,0x22,0x1d,0x17,0xff,
    0x25,0x21,0x17,0xff,0x1a,0x18,0x10,0xff,0x2b,0x1b,0x0d,0xff,0x4e,0x2c,0x12,0xff,
    0x6f,0x4b,0x2d,0xff,0x86,0x65,0x48,0xff,0x6d,0x49,0x31,0xff,0x33,0x13,0x00,0xff,
    0x5c,0x39,0x22,0xff,0x80,0x5e,0x46,0xff,0x79,0x5a,0x42,0xff,0x77,0x5b,0x41,0xff,
    0x7e,0x5e,0x46,0xff,0x56,0x3a,0x24,0xff,0x36,0x1a,0x07,0xff,0x36,0x1a,0x09,0xff,
    0x3d,0x2c,0x1a,0xff,0x66,0x61,0x59,0xff,0x74,0x54,0x3b,0xff,0x00,0x00,0x00,0x00,
    0x00,0x00,0x00,0x00,0x00,0x00,0x00,0x00,0x00,0x00,0x00,0x00,0x00,0x00,0x00,0x00,
    0x00,0x00,0x00,0x00,0x00,0x00,0x00,0x00,0x00,0x00,0x00,0x00,0x00,0x00,0x00,0x00,
    0x00,0x00,0x00,0x00,0x00,0x00,0x00,0x00,0x00,0x00,0x00,0x00,0x00,0x00,0x00,0x00,
    0x00,0x00,0x00,0x00,0x00,0x00,0x00,0x00,0x00,0x00,0x00,0x00,0x00,0x00,0x00,0x00,
    0x00,0x00,0x00,0x00,0x00,0x00,0x00,0x00,0x75,0x5e,0x49,0xff,0x7b,0x77,0x70,0xff,
    0x3e,0x25,0x15,0xff,0x33,0x18,0x03,0xff,0x3f,0x21,0x0c,0xff,0x82,0x61,0x47,0xff,
    0x96,0x74,0x57,0xff,0x8e,0x6f,0x50,0xff,0x97,0x72,0x53,0xff,0x77,0x52,0x35,0xff,
    0x35,0x18,0x02,0xff,0x6e,0x4b,0x2f,0xff,0x9d,0x77,0x55,0xff,0x9c,0x75,0x51,0xff,
    0x6f,0x45,0x27,0xff,0x4b,0x29,0x14,0xff,0x1f,0x11,0x0e,0xff,0x26,0x26,0x21,0xff,
    0x29,0x26,0x21,0xff,0x23,0x23,0x1e,0xff,0x22,0x23,0x1d,0xff,0x24,0x24,0x1d,0xff,
    0x2f,0x2d,0x25,0xff,0x37,0x37,0x2e,0xff,0x3a,0x3a,0x31,0xff,0x3a,0x3a,0x31,0xff,
    0x38,0x3a,0x2f,0xff,0x34,0x39,0x2e,0xff,0x38,0x37,0x2d,0xff,0x35,0x39,0x2e,0xff,
    0x32,0x39,0x2e,0xff,0x37,0x38,0x2d,0xff,0x38,0x37,0x2d,0xff,0x37,0x37,0x2d,0xff,
    0x37,0x36,0x2c,0xff,0x33,0x35,0x2b,0xff,0x36,0x33,0x2a,0xff,0x34,0x33,0x29,0xff,
    0x32,0x32,0x28,0xff,0x31,0x32,0x28,0xff,0x32,0x31,0x27,0xff,0x32,0x30,0x26,0xff,
    0x34,0x32,0x28,0xff,0x36,0x37,0x2c,0xff,0x31,0x31,0x28,0xff,0x23,0x22,0x1d,0xff,
    0x1d,0x21,0x1b,0xff,0x1f,0x20,0x1a,0xff,0x20,0x1f,0x1a,0xff,0x1c,0x20,0x1a,0xff,
    0x1e,0x20,0x1a,0xff,0x20,0x1f,0x19,0xff,0x1e,0x20,0x1a,0xff,0x1f,0x1f,0x1a,0xff,
    0x1e,0x20,0x1a,0xff,0x1e,0x20,0x1a,0xff,0x1e,0x1e,0x19,0xff,0x1f,0x1e,0x19,0xff,
    0x1b,0x1e,0x19,0xff,0x1c,0x1e,0x18,0xff,0x1e,0x1d,0x17,0xff,0x1f,0x1d,0x17,0xff,
    0x1e,0x1e,0x18,0xff,0x2a,0x29,0x21,0xff,0x37,0x38,0x2e,0xff,0x31,0x33,0x29,0xff,
    0x2c,0x2f,0x25,0xff,0x30,0x2f,0x25,0xff,0x2d,0x30,0x26,0xff,0x2c,0x31,0x26,0xff,
    0x31,0x30,0x26,0xff,0x31,0x30,0x26,0xff,0x31,0x31,0x27,0xff,0x31,0x30,0x26,0xff,
    0x2f,0x31,0x27,0xff,0x33,0x31,0x28,0xff,0x33,0x32,0x28,0xff,0x32,0x32,0x28,0xff,
    0x31,0x32,0x28,0xff,0x33,0x32,0x28,0xff,0x35,0x32,0x29,0xff,0x35,0x33,0x2a,0xff,
    0x35,0x34,0x2a,0xff,0x35,0x35,0x2b,0xff,0x33,0x33,0x29,0xff,0x26,0x29,0x20,0xff,
    0x1c,0x1b,0x14,0xff,0x1d,0x1a,0x15,0xff,0x1d,0x1d,0x16,0xff,0x20,0x1e,0x18,0xff,
    0x22,0x1f,0x18,0xff,0x1c,0x11,0x09,0xff,0x45,0x26,0x10,0xff,0x4c,0x29,0x10,0xff,
    0x6e,0x48,0x2a,0xff,0x8a,0x63,0x47,0xff,0x75,0x52,0x38,0xff,0x35,0x18,0x03,0xff,
    0x63,0x43,0x2c,0xff,0x7f,0x5d,0x45,0xff,0x7c,0x59,0x41,0xff,0x7b,0x59,0x42,0xff,
    0x7c,0x5e,0x46,0xff,0x51,0x34,0x1f,0xff,0x34,0x1a,0x08,0xff,0x35,0x1c,0x0a,0xff,
    0x3f,0x2f,0x1d,0xff,0x79,0x75,0x6b,0xff,0x6d,0x4a,0x2f,0xff,0x00,0x00,0x00,0x00,
    0x00,0x00,0x00,0x00,0x00,0x00,0x00,0x00,0x00,0x00,0x00,0x00,0x00,0x00,0x00,0x00,
    0x00,0x00,0x00,0x00,0x00,0x00,0x00,0x00,0x00,0x00,0x00,0x00,0x00,0x00,0x00,0x00,
    0x00,0x00,0x00,0x00,0x00,0x00,0x00,0x00,0x00,0x00,0x00,0x00,0x00,0x00,0x00,0x00,
    0x00,0x00,0x00,0x00,0x00,0x00,0x00,0x00,0x00,0x00,0x00,0x00,0x00,0x00,0x00,0x00,
    0x00,0x00,0x00,0x00,0x00,0x00,0x00,0x00,0x71,0x56,0x3f,0xff,0x7d,0x7d,0x76,0xff,
    0x3d,0x2b,0x1c,0xff,0x32,0x18,0x05,0xff,0x3b,0x1d,0x08,0xff,0x79,0x58,0x3f,0xff,
    0x96,0x73,0x58,0xff,0x90,0x6c,0x50,0xff,0x95,0x70,0x53,0xff,0x81,0x5d,0x3e,0xff,
    0x3e,0x1e,0x07,0xff,0x77,0x52,0x37,0xff,0x9c,0x76,0x55,0xff,0x9a,0x72,0x51,0xff,
    0x63,0x3e,0x21,0xff,0x66,0x3f,0x1e,0xff,0x58,0x34,0x1c,0xff,0x29,0x1c,0x10,0xff,
    0x1f,0x20,0x1b,0xff,0x26,0x24,0x1f,0xff,0x24,0x24,0x1d,0xff,0x21,0x23,0x1d,0xff,
    0x1f,0x21,0x1b,0xff,0x23,0x24,0x1b,0xff,0x29,0x2b,0x23,0xff,0x31,0x32,0x29,0xff,
    0x38,0x37,0x2e,0xff,0x37,0x3a,0x30,0xff,0x3a,0x3a,0x30,0xff,0x39,0x39,0x2f,0xff,
    0x37,0x39,0x2e,0xff,0x36,0x37,0x2d,0xff,0x38,0x38,0x2d,0xff,0x36,0x37,0x2c,0xff,
    0x38,0x36,0x2c,0xff,0x37,0x36,0x2c,0xff,0x36,0x36,0x2c,0xff,0x36,0x35,0x2b,0xff,
    0x36,0x35,0x2b,0xff,0x35,0x34,0x2b,0xff,0x34,0x34,0x2a,0xff,0x34,0x34,0x29,0xff,
    0x36,0x35,0x2b,0xff,0x32,0x33,0x2a,0xff,0x25,0x28,0x1e,0xff,0x28,0x27,0x20,0xff,
    0x28,0x27,0x20,0xff,0x26,0x27,0x1f,0xff,0x29,0x27,0x1f,0xff,0x26,0x27,0x20,0xff,
    0x27,0x26,0x20,0xff,0x26,0x26,0x20,0xff,0x25,0x27,0x20,0xff,0x25,0x26,0x1e,0xff,
    0x27,0x26,0x1e,0xff,0x25,0x27,0x1e,0xff,0x26,0x26,0x1e,0xff,0x26,0x26,0x1f,0xff,
    0x25,0x24,0x1f,0xff,0x24,0x25,0x1e,0xff,0x24,0x24,0x1d,0xff,0x23,0x24,0x1c,0xff,
    0x25,0x23,0x1c,0xff,0x22,0x23,0x1a,0xff,0x2d,0x30,0x25,0xff,0x37,0x38,0x2d,0xff,
    0x2f,0x32,0x27,0xff,0x30,0x31,0x27,0xff,0x31,0x31,0x28,0xff,0x31,0x32,0x27,0xff,
    0x32,0x32,0x28,0xff,0x32,0x31,0x27,0xff,0x30,0x31,0x27,0xff,0x33,0x31,0x27,0xff,
    0x32,0x31,0x27,0xff,0x32,0x31,0x28,0xff,0x33,0x32,0x28,0xff,0x33,0x32,0x28,0xff,
    0x34,0x33,0x29,0xff,0x35,0x34,0x2a,0xff,0x35,0x35,0x2a,0xff,0x33,0x32,0x28,0xff,
    0x2e,0x2e,0x25,0xff,0x26,0x28,0x1f,0xff,0x21,0x1d,0x16,0xff,0x1a,0x17,0x12,0xff,
    0x1b,0x1a,0x15,0xff,0x23,0x1b,0x17,0xff,0x21,0x1d,0x16,0xff,0x1d,0x18,0x12,0xff,
    0x1f,0x12,0x0a,0xff,0x3d,0x24,0x0f,0xff,0x51,0x2c,0x0f,0xff,0x4c,0x29,0x0e,0xff,
    0x6b,0x44,0x29,0xff,0x84,0x61,0x44,0xff,0x7e,0x5b,0x3f,0xff,0x41,0x1f,0x09,0xff,
    0x6d,0x4c,0x34,0xff,0x7e,0x5c,0x44,0xff,0x7a,0x59,0x40,0xff,0x7c,0x5a,0x42,0xff,
    0x79,0x5c,0x45,0xff,0x49,0x2e,0x19,0xff,0x37,0x1a,0x08,0xff,0x36,0x1c,0x09,0xff,
    0x47,0x37,0x28,0xff,0x7d,0x6e,0x61,0xff,0x00,0x00,0x00,0x00,0x00,0x00,0x00,0x00,
    0x00,0x00,0x00,0x00,0x00,0x00,0x00,0x00,0x00,0x00,0x00,0x00,0x00,0x00,0x00,0x00,
    0x00,0x00,0x00,0x00,0x00,0x00,0x00,0x00,0x00,0x00,0x00,0x00,0x00,0x00,0x00,0x00,
    0x00,0x00,0x00,0x00,0x00,0x00,0x00,0x00,0x00,0x00,0x00,0x00,0x00,0x00,0x00,0x00,
    0x00,0x00,0x00,0x00,0x00,0x00,0x00,0x00,0x00,0x00,0x00,0x00,0x00,0x00,0x00,0x00,
    0x00,0x00,0x00,0x00,0x00,0x00,0x00,0x00,0x65,0x43,0x28,0xff,0x89,0x85,0x7d,0xff,
    0x44,0x35,0x27,0xff,0x31,0x16,0x04,0xff,0x37,0x1b,0x05,0xff,0x73,0x50,0x37,0xff,
    0x92,0x73,0x57,0xff,0x8e,0x6b,0x4e,0xff,0x95,0x6e,0x52,0xff,0x88,0x65,0x47,0xff,
    0x49,0x28,0x0f,0xff,0x7b,0x58,0x3a,0xff,0x99,0x77,0x54,0xff,0x99,0x6e,0x50,0xff,
    0x62,0x3b,0x21,0xff,0x6c,0x43,0x1f,0xff,0x73,0x46,0x20,0xff,0x5f,0x3c,0x1d,0xff,
    0x3e,0x27,0x13,0xff,0x27,0x1c,0x13,0xff,0x20,0x1d,0x18,0xff,0x21,0x21,0x1c,0xff,
    0x22,0x22,0x1c,0xff,0x21,0x21,0x1c,0xff,0x21,0x1e,0x19,0xff,0x1e,0x1e,0x17,0xff,
    0x20,0x21,0x1a,0xff,0x28,0x26,0x1f,0xff,0x2c,0x2d,0x24,0xff,0x31,0x33,0x29,0xff,
    0x37,0x36,0x2c,0xff,0x35,0x38,0x2d,0xff,0x38,0x39,0x2e,0xff,0x3a,0x39,0x2e,0xff,
    0x35,0x39,0x2e,0xff,0x38,0x37,0x2d,0xff,0x35,0x35,0x2b,0xff,0x37,0x35,0x2b,0xff,
    0x34,0x34,0x2a,0xff,0x33,0x34,0x2a,0xff,0x33,0x34,0x29,0xff,0x35,0x35,0x29,0xff,
    0x36,0x34,0x2a,0xff,0x2a,0x2a,0x21,0xff,0x2a,0x2b,0x21,0xff,0x2e,0x31,0x26,0xff,
    0x33,0x32,0x28,0xff,0x33,0x32,0x28,0xff,0x32,0x32,0x28,0xff,0x32,0x32,0x28,0xff,
    0x31,0x32,0x28,0xff,0x2f,0x32,0x27,0xff,0x34,0x32,0x28,0xff,0x31,0x33,0x28,0xff,
    0x32,0x33,0x28,0xff,0x33,0x34,0x29,0xff,0x34,0x34,0x2a,0xff,0x32,0x34,0x2a,0xff,
    0x33,0x34,0x2b,0xff,0x31,0x34,0x2a,0xff,0x33,0x32,0x29,0xff,0x31,0x32,0x28,0xff,
    0x32,0x31,0x28,0xff,0x2d,0x2e,0x25,0xff,0x2a,0x2a,0x20,0xff,0x2e,0x31,0x26,0xff,
    0x34,0x34,0x2a,0xff,0x2f,0x30,0x26,0xff,0x2f,0x30,0x26,0xff,0x31,0x31,0x26,0xff,
    0x2f,0x32,0x27,0xff,0x33,0x31,0x27,0xff,0x34,0x31,0x27,0xff,0x31,0x33,0x28,0xff,
    0x33,0x33,0x28,0xff,0x34,0x33,0x29,0xff,0x34,0x33,0x28,0xff,0x2f,0x31,0x27,0xff,
    0x2c,0x2d,0x24,0xff,0x28,0x29,0x1f,0xff,0x22,0x22,0x19,0xff,0x1d,0x1c,0x14,0xff,
    0x1a,0x17,0x12,0xff,0x19,0x17,0x11,0xff,0x1b,0x18,0x13,0xff,0x1b,0x1a,0x12,0xff,
    0x1a,0x18,0x12,0xff,0x1a,0x13,0x0e,0xff,0x18,0x10,0x08,0xff,0x2b,0x16,0x09,0xff,
    0x49,0x29,0x10,0xff,0x57,0x2f,0x12,0xff,0x53,0x2e,0x10,0xff,0x4d,0x2a,0x0d,0xff,
    0x67,0x43,0x26,0xff,0x84,0x5d,0x40,0xff,0x83,0x5f,0x43,0xff,0x4d,0x2a,0x12,0xff,
    0x71,0x52,0x39,0xff,0x7c,0x5a,0x42,0xff,0x78,0x57,0x3e,0xff,0x7c,0x59,0x41,0xff,
    0x76,0x59,0x42,0xff,0x43,0x28,0x14,0xff,0x34,0x1a,0x08,0xff,0x37,0x1b,0x07,0xff,
    0x4f,0x42,0x32,0xff,0x7e,0x6c,0x5c,0xff,0x00,0x00,0x00,0x00,0x00,0x00,0x00,0x00,
    0x00,0x00,0x00,0x00,0x00,0x00,0x00,0x00,0x00,0x00,0x00,0x00,0x00,0x00,0x00,0x00,
    0x00,0x00,0x00,0x00,0x00,0x00,0x00,0x00,0x00,0x00,0x00,0x00,0x00,0x00,0x00,0x00,
    0x00,0x00,0x00,0x00,0x00,0x00,0x00,0x00,0x00,0x00,0x00,0x00,0x00,0x00,0x00,0x00,
    0x00,0x00,0x00,0x00,0x00,0x00,0x00,0x00,0x00,0x00,0x00,0x00,0x00,0x00,0x00,0x00,
    0x00,0x00,0x00,0x00,0x00,0x00,0x00,0x00,0x00,0x00,0x00,0x00,0x8a,0x82,0x77,0xff,
    0x4b,0x42,0x33,0xff,0x2d,0x16,0x03,0xff,0x35,0x19,0x05,0xff,0x6b,0x48,0x30,0xff,
    0x94,0x73,0x56,0xff,0x8f,0x6a,0x4d,0xff,0x93,0x6c,0x50,0xff,0x8e,0x6a,0x4d,0xff,
    0x5d,0x36,0x1b,0xff,0x82,0x5d,0x3f,0xff,0x9c,0x77,0x54,0xff,0x90,0x68,0x48,0xff,
    0x64,0x3b,0x1e,0xff,0x72,0x48,0x24,0xff,0x6d,0x41,0x1e,0xff,0x6c,0x40,0x1c,0xff,
    0x6b,0x41,0x1e,0xff,0x5e,0x34,0x1b,0xff,0x3e,0x26,0x16,0xff,0x2a,0x1c,0x12,0xff,
    0x1f,0x19,0x11,0xff,0x1b,0x1c,0x17,0xff,0x1f,0x1f,0x19,0xff,0x21,0x1e,0x1a,0xff,
    0x1e,0x1e,0x19,0xff,0x1e,0x1c,0x16,0xff,0x1c,0x1b,0x15,0xff,0x1e,0x1c,0x15,0xff,
    0x21,0x1e,0x16,0xff,0x23,0x23,0x1b,0xff,0x27,0x27,0x1f,0xff,0x2b,0x2a,0x21,0xff,
    0x2c,0x2e,0x24,0xff,0x30,0x30,0x27,0xff,0x31,0x33,0x29,0xff,0x35,0x35,0x2a,0xff,
    0x36,0x35,0x2b,0xff,0x37,0x35,0x2b,0xff,0x37,0x36,0x2c,0xff,0x36,0x37,0x2c,0xff,
    0x32,0x32,0x27,0xff,0x2d,0x2c,0x22,0xff,0x31,0x30,0x25,0xff,0x32,0x31,0x27,0xff,
    0x33,0x32,0x28,0xff,0x33,0x32,0x28,0xff,0x33,0x32,0x29,0xff,0x36,0x32,0x28,0xff,
    0x34,0x32,0x27,0xff,0x33,0x31,0x27,0xff,0x33,0x32,0x28,0xff,0x34,0x32,0x28,0xff,
    0x34,0x33,0x28,0xff,0x32,0x33,0x29,0xff,0x32,0x34,0x29,0xff,0x32,0x33,0x29,0xff,
    0x33,0x33,0x29,0xff,0x32,0x32,0x28,0xff,0x32,0x32,0x28,0xff,0x30,0x32,0x28,0xff,
    0x30,0x31,0x27,0xff,0x2f,0x30,0x25,0xff,0x2f,0x2e,0x24,0xff,0x2b,0x2c,0x23,0xff,
    0x32,0x32,0x28,0xff,0x31,0x33,0x28,0xff,0x33,0x33,0x28,0xff,0x35,0x32,0x29,0xff,
    0x33,0x32,0x28,0xff,0x32,0x31,0x27,0xff,0x31,0x2e,0x25,0xff,0x2d,0x2c,0x22,0xff,
    0x29,0x28,0x1f,0xff,0x23,0x24,0x1a,0xff,0x20,0x1f,0x16,0xff,0x1a,0x19,0x12,0xff,
    0x18,0x16,0x10,0xff,0x16,0x15,0x0e,0xff,0x16,0x16,0x0f,0xff,0x16,0x19,0x10,0xff,
    0x1a,0x17,0x12,0xff,0x18,0x18,0x12,0xff,0x18,0x14,0x0e,0xff,0x16,0x11,0x0a,0xff,
    0x1d,0x12,0x08,0xff,0x30,0x1a,0x0b,0xff,0x46,0x27,0x0f,0xff,0x55,0x30,0x12,0xff,
    0x56,0x2f,0x11,0xff,0x52,0x2d,0x0f,0xff,0x56,0x2f,0x11,0xff,0x4f,0x2a,0x0e,0xff,
    0x60,0x3c,0x21,0xff,0x7f,0x5a,0x3e,0xff,0x85,0x60,0x45,0xff,0x5b,0x37,0x1e,0xff,
    0x76,0x54,0x3c,0xff,0x79,0x58,0x40,0xff,0x75,0x56,0x3d,0xff,0x7a,0x5a,0x42,0xff,
    0x73,0x54,0x3e,0xff,0x3f,0x24,0x10,0xff,0x33,0x1a,0x09,0xff,0x35,0x1b,0x08,0xff,
    0x57,0x4d,0x3f,0xff,0x7b,0x64,0x52,0xff,0x00,0x00,0x00,0x00,0x00,0x00,0x00,0x00,
    0x00,0x00,0x00,0x00,0x00,0x00,0x00,0x00,0x00,0x00,0x00,0x00,0x00,0x00,0x00,0x00,
    0x00,0x00,0x00,0x00,0x00,0x00,0x00,0x00,0x00,0x00,0x00,0x00,0x00,0x00,0x00,0x00,
    0x00,0x00,0x00,0x00,0x00,0x00,0x00,0x00,0x00,0x00,0x00,0x00,0x00,0x00,0x00,0x00,
    0x00,0x00,0x00,0x00,0x00,0x00,0x00,0x00,0x00,0x00,0x00,0x00,0x00,0x00,0x00,0x00,
    0x00,0x00,0x00,0x00,0x00,0x00,0x00,0x00,0x00,0x00,0x00,0x00,0x7d,0x6d,0x5d,0xff,
    0x5c,0x53,0x48,0xff,0x2f,0x16,0x05,0xff,0x33,0x18,0x05,0xff,0x5e,0x40,0x27,0xff,
    0x92,0x71,0x55,0xff,0x90,0x6a,0x4e,0xff,0x90,0x6a,0x4e,0xff,0x8f,0x6d,0x50,0xff,
    0x6a,0x48,0x2b,0xff,0x86,0x62,0x44,0xff,0x9c,0x77,0x56,0xff,0x83,0x60,0x40,0xff,
    0x66,0x3e,0x1e,0xff,0x73,0x48,0x23,0xff,0x6a,0x42,0x1f,0xff,0x65,0x3e,0x1c,0xff,
    0x60,0x3a,0x18,0xff,0x64,0x3a,0x17,0xff,0x5e,0x3a,0x19,0xff,0x56,0x36,0x1b,0xff,
    0x49,0x2b,0x18,0xff,0x33,0x22,0x13,0xff,0x26,0x1c,0x11,0xff,0x1e,0x19,0x11,0xff,
    0x1b,0x19,0x12,0xff,0x1d,0x1a,0x15,0xff,0x19,0x1a,0x16,0xff,0x1b,0x1b,0x15,0xff,
    0x1b,0x1b,0x15,0xff,0x1c,0x1b,0x14,0xff,0x19,0x1a,0x13,0xff,0x18,0x19,0x12,0xff,
    0x1c,0x18,0x11,0xff,0x1b,0x19,0x13,0xff,0x1e,0x1b,0x14,0xff,0x21,0x1e,0x17,0xff,
    0x20,0x20,0x18,0xff,0x25,0x23,0x1a,0xff,0x28,0x25,0x1c,0xff,0x29,0x27,0x1e,0xff,
    0x28,0x27,0x1e,0xff,0x28,0x28,0x1e,0xff,0x29,0x2b,0x21,0xff,0x2d,0x2c,0x23,0xff,
    0x30,0x2e,0x25,0xff,0x32,0x30,0x26,0xff,0x2f,0x31,0x26,0xff,0x2e,0x32,0x27,0xff,
    0x32,0x31,0x28,0xff,0x33,0x32,0x28,0xff,0x30,0x32,0x28,0xff,0x33,0x32,0x28,0xff,
    0x33,0x32,0x29,0xff,0x33,0x33,0x29,0xff,0x33,0x32,0x29,0xff,0x30,0x33,0x28,0xff,
    0x2f,0x32,0x28,0xff,0x2f,0x31,0x27,0xff,0x2f,0x31,0x27,0xff,0x2f,0x2f,0x25,0xff,
    0x2c,0x2d,0x23,0xff,0x29,0x2b,0x23,0xff,0x28,0x2b,0x21,0xff,0x28,0x29,0x20,0xff,
    0x28,0x27,0x1e,0xff,0x27,0x26,0x1d,0xff,0x25,0x24,0x1b,0xff,0x20,0x20,0x19,0xff,
    0x1e,0x1e,0x17,0xff,0x1c,0x1b,0x14,0xff,0x1a,0x19,0x12,0xff,0x1c,0x16,0x10,0xff,
    0x18,0x16,0x0f,0xff,0x19,0x16,0x0f,0xff,0x18,0x15,0x10,0xff,0x15,0x16,0x10,0xff,
    0x15,0x17,0x11,0xff,0x17,0x14,0x11,0xff,0x18,0x12,0x0f,0xff,0x1b,0x12,0x0c,0xff,
    0x1d,0x13,0x0a,0xff,0x24,0x16,0x0a,0xff,0x31,0x1b,0x0c,0xff,0x43,0x22,0x0e,0xff,
    0x50,0x2a,0x10,0xff,0x58,0x2e,0x10,0xff,0x55,0x2e,0x0e,0xff,0x53,0x2c,0x0e,0xff,
    0x54,0x2c,0x0e,0xff,0x52,0x2e,0x0e,0xff,0x56,0x2f,0x10,0xff,0x51,0x2c,0x0f,0xff,
    0x5a,0x36,0x1c,0xff,0x7c,0x57,0x3a,0xff,0x82,0x61,0x44,0xff,0x65,0x45,0x2b,0xff,
    0x77,0x57,0x3e,0xff,0x76,0x57,0x3f,0xff,0x75,0x55,0x3c,0xff,0x7a,0x5c,0x44,0xff,
    0x6b,0x50,0x3a,0xff,0x38,0x20,0x0c,0xff,0x34,0x19,0x08,0xff,0x38,0x1d,0x0b,0xff,
    0x5e,0x56,0x4a,0xff,0x76,0x5c,0x46,0xff,0x00,0x00,0x00,0x00,0x00,0x00,0x00,0x00,
    0x00,0x00,0x00,0x00,0x00,0x00,0x00,0x00,0x00,0x00,0x00,0x00,0x00,0x00,0x00,0x00,
    0x00,0x00,0x00,0x00,0x00,0x00,0x00,0x00,0x00,0x00,0x00,0x00,0x00,0x00,0x00,0x00,
    0x00,0x00,0x00,0x00,0x00,0x00,0x00,0x00,0x00,0x00,0x00,0x00,0x00,0x00,0x00,0x00,
    0x00,0x00,0x00,0x00,0x00,0x00,0x00,0x00,0x00,0x00,0x00,0x00,0x00,0x00,0x00,0x00,
    0x00,0x00,0x00,0x00,0x00,0x00,0x00,0x00,0x00,0x00,0x00,0x00,0x7e,0x6a,0x59,0xff,
    0x68,0x61,0x57,0xff,0x2f,0x18,0x07,0xff,0x34,0x18,0x05,0xff,0x58,0x39,0x20,0xff,
    0x90,0x6f,0x54,0xff,0x8d,0x6c,0x4f,0xff,0x8e,0x6a,0x4d,0xff,0x92,0x6d,0x4f,0xff,
    0x80,0x5c,0x3e,0xff,0x8c,0x68,0x4a,0xff,0x9c,0x75,0x57,0xff,0x78,0x57,0x38,0xff,
    0x6b,0x43,0x22,0xff,0x72,0x48,0x24,0xff,0x6b,0x42,0x1f,0xff,0x68,0x3e,0x1c,0xff,
    0x65,0x3a,0x19,0xff,0x5f,0x37,0x16,0xff,0x5c,0x35,0x14,0xff,0x5e,0x33,0x14,0xff,
    0x5f,0x35,0x15,0xff,0x5d,0x34,0x16,0xff,0x57,0x31,0x17,0xff,0x4f,0x2d,0x16,0xff,
    0x3f,0x29,0x13,0xff,0x38,0x21,0x11,0xff,0x2e,0x1b,0x10,0xff,0x20,0x19,0x0d,0xff,
    0x1c,0x16,0x0d,0xff,0x18,0x14,0x0e,0xff,0x18,0x15,0x11,0xff,0x15,0x16,0x10,0xff,
    0x19,0x16,0x11,0xff,0x14,0x18,0x13,0xff,0x17,0x18,0x13,0xff,0x1a,0x16,0x11,0xff,
    0x16,0x16,0x11,0xff,0x16,0x16,0x0f,0xff,0x18,0x15,0x0f,0xff,0x17,0x15,0x10,0xff,
    0x17,0x15,0x0f,0xff,0x18,0x15,0x0f,0xff,0x18,0x16,0x0f,0xff,0x17,0x17,0x10,0xff,
    0x17,0x18,0x11,0xff,0x1a,0x18,0x11,0xff,0x1a,0x19,0x11,0xff,0x1b,0x1a,0x13,0xff,
    0x1b,0x1a,0x13,0xff,0x1c,0x1b,0x13,0xff,0x17,0x1c,0x13,0xff,0x1b,0x1b,0x13,0xff,
    0x1c,0x1a,0x14,0xff,0x19,0x1a,0x14,0xff,0x1a,0x1a,0x13,0xff,0x1b,0x1a,0x13,0xff,
    0x18,0x19,0x11,0xff,0x18,0x18,0x11,0xff,0x18,0x17,0x11,0xff,0x16,0x17,0x0f,0xff,
    0x17,0x16,0x10,0xff,0x17,0x15,0x0f,0xff,0x16,0x16,0x0f,0xff,0x16,0x16,0x10,0xff,
    0x13,0x17,0x10,0xff,0x16,0x15,0x10,0xff,0x17,0x14,0x10,0xff,0x14,0x15,0x10,0xff,
    0x16,0x15,0x10,0xff,0x15,0x15,0x0f,0xff,0x14,0x16,0x11,0xff,0x17,0x13,0x10,0xff,
    0x13,0x14,0x10,0xff,0x13,0x13,0x0f,0xff,0x14,0x11,0x0d,0xff,0x15,0x11,0x0a,0xff,
    0x1c,0x12,0x0a,0xff,0x27,0x15,0x0b,0xff,0x2e,0x1a,0x0d,0xff,0x3c,0x20,0x0d,0xff,
    0x49,0x25,0x0e,0xff,0x51,0x2a,0x0e,0xff,0x52,0x2c,0x0f,0xff,0x55,0x2b,0x0f,0xff,
    0x53,0x2b,0x0c,0xff,0x52,0x2b,0x0e,0xff,0x51,0x2c,0x0e,0xff,0x51,0x2c,0x0d,0xff,
    0x54,0x2c,0x0e,0xff,0x52,0x2d,0x10,0xff,0x56,0x2e,0x10,0xff,0x54,0x2e,0x10,0xff,
    0x54,0x31,0x16,0xff,0x79,0x53,0x37,0xff,0x84,0x5f,0x43,0xff,0x73,0x50,0x36,0xff,
    0x7a,0x57,0x40,0xff,0x77,0x55,0x3c,0xff,0x72,0x53,0x3b,0xff,0x7b,0x5b,0x44,0xff,
    0x66,0x4a,0x33,0xff,0x36,0x1e,0x0a,0xff,0x32,0x1b,0x09,0xff,0x36,0x22,0x0f,0xff,
    0x68,0x61,0x56,0xff,0x75,0x57,0x3f,0xff,0x00,0x00,0x00,0x00,0x00,0x00,0x00,0x00,
    0x00,0x00,0x00,0x00,0x00,0x00,0x00,0x00,0x00,0x00,0x00,0x00,0x00,0x00,0x00,0x00,
    0x00,0x00,0x00,0x00,0x00,0x00,0x00,0x00,0x00,0x00,0x00,0x00,0x00,0x00,0x00,0x00,
    0x00,0x00,0x00,0x00,0x00,0x00,0x00,0x00,0x00,0x00,0x00,0x00,0x00,0x00,0x00,0x00,
    0x00,0x00,0x00,0x00,0x00,0x00,0x00,0x00,0x00,0x00,0x00,0x00,0x00,0x00,0x00,0x00,
    0x00,0x00,0x00,0x00,0x00,0x00,0x00,0x00,0x00,0x00,0x00,0x00,0x7b,0x63,0x50,0xff,
    0x75,0x6d,0x66,0xff,0x30,0x1c,0x0a,0xff,0x34,0x18,0x07,0xff,0x53,0x30,0x1b,0xff,
    0x8f,0x6b,0x51,0xff,0x8e,0x6c,0x4f,0xff,0x8f,0x6a,0x4e,0xff,0x8d,0x6b,0x4e,0xff,
    0x8f,0x69,0x4b,0xff,0x92,0x6e,0x4f,0xff,0x99,0x73,0x56,0xff,0x73,0x4d,0x31,0xff,
    0x70,0x47,0x27,0xff,0x70,0x47,0x25,0xff,0x6c,0x40,0x1f,0xff,0x66,0x3e,0x1b,0xff,
    0x65,0x3a,0x18,0xff,0x63,0x36,0x15,0xff,0x5b,0x35,0x13,0xff,0x5c,0x33,0x12,0xff,
    0x59,0x32,0x11,0xff,0x5a,0x32,0x10,0xff,0x5a,0x30,0x0f,0xff,0x5a,0x30,0x10,0xff,
    0x5a,0x32,0x11,0xff,0x59,0x31,0x12,0xff,0x58,0x2f,0x12,0xff,0x4d,0x2f,0x11,0xff,
    0x48,0x28,0x12,0xff,0x3d,0x25,0x0f,0xff,0x36,0x20,0x0f,0xff,0x2f,0x1b,0x0d,0xff,
    0x27,0x17,0x0c,0xff,0x1f,0x16,0x0c,0xff,0x1c,0x14,0x0c,0xff,0x19,0x12,0x0d,0xff,
    0x15,0x12,0x0e,0xff,0x14,0x13,0x0c,0xff,0x14,0x12,0x0d,0xff,0x14,0x11,0x0e,0xff,
    0x11,0x13,0x0e,0xff,0x12,0x13,0x0e,0xff,0x13,0x12,0x0e,0xff,0x14,0x13,0x0f,0xff,
    0x12,0x14,0x0f,0xff,0x13,0x14,0x0f,0xff,0x11,0x13,0x0e,0xff,0x15,0x13,0x0e,0xff,
    0x12,0x13,0x0e,0xff,0x13,0x14,0x0e,0xff,0x12,0x14,0x0e,0xff,0x12,0x13,0x0e,0xff,
    0x13,0x12,0x0f,0xff,0x14,0x13,0x0e,0xff,0x11,0x13,0x0f,0xff,0x14,0x13,0x0f,0xff,
    0x14,0x13,0x0e,0xff,0x11,0x13,0x0f,0xff,0x15,0x12,0x0f,0xff,0x13,0x13,0x0e,0xff,
    0x11,0x13,0x0e,0xff,0x13,0x12,0x0e,0xff,0x11,0x13,0x0f,0xff,0x11,0x13,0x0f,0xff,
    0x0e,0x13,0x0f,0xff,0x13,0x13,0x0f,0xff,0x14,0x12,0x0f,0xff,0x17,0x12,0x0e,0xff,
    0x14,0x12,0x0c,0xff,0x19,0x11,0x0a,0xff,0x1d,0x12,0x09,0xff,0x22,0x14,0x09,0xff,
    0x27,0x16,0x09,0xff,0x2f,0x1a,0x0a,0xff,0x39,0x1e,0x0d,0xff,0x43,0x23,0x0f,0xff,
    0x4a,0x28,0x10,0xff,0x50,0x2a,0x10,0xff,0x52,0x2b,0x10,0xff,0x52,0x2a,0x0e,0xff,
    0x51,0x2a,0x0c,0xff,0x52,0x2a,0x0b,0xff,0x50,0x29,0x0b,0xff,0x52,0x29,0x0d,0xff,
    0x52,0x2a,0x0d,0xff,0x4f,0x2b,0x0e,0xff,0x52,0x2b,0x0d,0xff,0x51,0x2d,0x0e,0xff,
    0x52,0x2c,0x0e,0xff,0x54,0x2e,0x0f,0xff,0x55,0x2e,0x0e,0xff,0x56,0x30,0x10,0xff,
    0x55,0x2e,0x14,0xff,0x74,0x51,0x35,0xff,0x84,0x5f,0x43,0xff,0x7f,0x5a,0x40,0xff,
    0x77,0x58,0x3f,0xff,0x76,0x53,0x3b,0xff,0x74,0x53,0x3b,0xff,0x79,0x5c,0x45,0xff,
    0x5e,0x41,0x2d,0xff,0x37,0x1c,0x0a,0xff,0x35,0x1b,0x09,0xff,0x39,0x27,0x15,0xff,
    0x6e,0x67,0x5d,0xff,0x6a,0x48,0x2d,0xff,0x00,0x00,0x00,0x00,0x00,0x00,0x00,0x00,
    0x00,0x00,0x00,0x00,0x00,0x00,0x00,0x00,0x00,0x00,0x00,0x00,0x00,0x00,0x00,0x00,
    0x00,0x00,0x00,0x00,0x00,0x00,0x00,0x00,0x00,0x00,0x00,0x00,0x00,0x00,0x00,0x00,
    0x00,0x00,0x00,0x00,0x00,0x00,0x00,0x00,0x00,0x00,0x00,0x00,0x00,0x00,0x00,0x00,
    0x00,0x00,0x00,0x00,0x00,0x00,0x00,0x00,0x00,0x00,0x00,0x00,0x00,0x00,0x00,0x00,
    0x00,0x00,0x00,0x00,0x00,0x00,0x00,0x00,0x00,0x00,0x00,0x00,0x69,0x4b,0x32,0xff,
    0x78,0x76,0x6d,0xff,0x34,0x22,0x12,0xff,0x31,0x18,0x07,0xff,0x47,0x2a,0x15,0xff,
    0x87,0x69,0x4d,0xff,0x91,0x6c,0x51,0xff,0x8f,0x6a,0x4e,0xff,0x90,0x6b,0x4e,0xff,
    0x90,0x6e,0x50,0xff,0x94,0x6f,0x51,0xff,0x96,0x71,0x54,0xff,0x6d,0x47,0x2c,0xff,
    0x75,0x49,0x29,0xff,0x70,0x47,0x25,0xff,0x6b,0x41,0x1f,0xff,0x67,0x3d,0x1b,0xff,
    0x63,0x39,0x18,0xff,0x61,0x36,0x15,0xff,0x5b,0x35,0x13,0xff,0x59,0x34,0x11,0xff,
    0x5c,0x31,0x11,0xff,0x5d,0x30,0x11,0xff,0x58,0x30,0x10,0xff,0x57,0x2f,0x10,0xff,
    0x55,0x2f,0x0e,0xff,0x55,0x2e,0x0d,0xff,0x57,0x2d,0x0d,0xff,0x58,0x2d,0x0d,0xff,
    0x57,0x2e,0x0f,0xff,0x56,0x2f,0x0d,0xff,0x58,0x2f,0x0f,0xff,0x59,0x2f,0x10,0xff,
    0x59,0x2e,0x11,0xff,0x52,0x2e,0x11,0xff,0x4f,0x2b,0x10,0xff,0x4a,0x29,0x10,0xff,
    0x44,0x26,0x0f,0xff,0x40,0x23,0x10,0xff,0x3a,0x21,0x0f,0xff,0x33,0x1d,0x0d,0xff,
    0x2c,0x1c,0x0d,0xff,0x25,0x1a,0x0d,0xff,0x22,0x17,0x0c,0xff,0x1d,0x16,0x0b,0xff,
    0x1e,0x13,0x0b,0xff,0x1c,0x13,0x0b,0xff,0x19,0x12,0x0a,0xff,0x17,0x11,0x09,0xff,
    0x18,0x10,0x0a,0xff,0x16,0x10,0x0a,0xff,0x16,0x0f,0x09,0xff,0x17,0x0e,0x09,0xff,
    0x14,0x0f,0x0a,0xff,0x14,0x0f,0x09,0xff,0x13,0x0f,0x09,0xff,0x14,0x0f,0x09,0xff,
    0x16,0x0f,0x09,0xff,0x14,0x11,0x09,0xff,0x15,0x11,0x09,0xff,0x1a,0x11,0x0a,0xff,
    0x1a,0x11,0x0a,0xff,0x1c,0x13,0x0b,0xff,0x22,0x14,0x0a,0xff,0x27,0x16,0x0a,0xff,
    0x2b,0x18,0x0b,0xff,0x31,0x1b,0x0c,0xff,0x33,0x1e,0x0d,0xff,0x3e,0x21,0x0f,0xff,
    0x42,0x24,0x0e,0xff,0x47,0x27,0x0d,0xff,0x4e,0x28,0x0d,0xff,0x53,0x29,0x0d,0xff,
    0x52,0x2b,0x0d,0xff,0x53,0x2b,0x0d,0xff,0x53,0x2b,0x0c,0xff,0x54,0x2b,0x0c,0xff,
    0x51,0x2a,0x0b,0xff,0x4f,0x2a,0x0b,0xff,0x4e,0x28,0x0b,0xff,0x53,0x28,0x0b,0xff,
    0x50,0x29,0x0c,0xff,0x4e,0x2a,0x0d,0xff,0x4d,0x2a,0x0c,0xff,0x50,0x2a,0x0c,0xff,
    0x52,0x2a,0x0d,0xff,0x51,0x2b,0x0d,0xff,0x51,0x2b,0x0d,0xff,0x53,0x2c,0x0e,0xff,
    0x53,0x2c,0x0f,0xff,0x54,0x2d,0x0e,0xff,0x57,0x2f,0x0f,0xff,0x58,0x31,0x11,0xff,
    0x51,0x2d,0x11,0xff,0x72,0x4f,0x32,0xff,0x81,0x5f,0x42,0xff,0x84,0x61,0x48,0xff,
    0x77,0x58,0x3f,0xff,0x71,0x53,0x3a,0xff,0x74,0x53,0x3b,0xff,0x78,0x5b,0x46,0xff,
    0x52,0x39,0x26,0xff,0x36,0x1b,0x0a,0xff,0x35,0x1b,0x0a,0xff,0x40,0x2d,0x1c,0xff,
    0x75,0x6c,0x60,0xff,0x65,0x3f,0x23,0xff,0x00,0x00,0x00,0x00,0x00,0x00,0x00,0x00,
    0x00,0x00,0x00,0x00,0x00,0x00,0x00,0x00,0x00,0x00,0x00,0x00,0x00,0x00,0x00,0x00,
    0x00,0x00,0x00,0x00,0x00,0x00,0x00,0x00,0x00,0x00,0x00,0x00,0x00,0x00,0x00,0x00,
    0x00,0x00,0x00,0x00,0x00,0x00,0x00,0x00,0x00,0x00,0x00,0x00,0x00,0x00,0x00,0x00,
    0x00,0x00,0x00,0x00,0x00,0x00,0x00,0x00,0x00,0x00,0x00,0x00,0x00,0x00,0x00,0x00,
    0x00,0x00,0x00,0x00,0x00,0x00,0x00,0x00,0x00,0x00,0x00,0x00,0x00,0x00,0x00,0x00,
    0x82,0x7e,0x76,0xff,0x3a,0x2a,0x1b,0xff,0x33,0x17,0x07,0xff,0x42,0x23,0x0e,0xff,
    0x80,0x61,0x46,0xff,0x91,0x6e,0x54,0xff,0x8b,0x69,0x4e,0xff,0x91,0x6b,0x4f,0xff,
    0x95,0x70,0x54,0xff,0x95,0x71,0x53,0xff,0x92,0x6f,0x52,0xff,0x64,0x44,0x28,0xff,
    0x74,0x4e,0x2b,0xff,0x70,0x46,0x24,0xff,0x6b,0x41,0x20,0xff,0x68,0x3d,0x1c,0xff,
    0x62,0x39,0x18,0xff,0x5e,0x36,0x15,0xff,0x5d,0x34,0x13,0xff,0x5d,0x32,0x11,0xff,
    0x58,0x32,0x10,0xff,0x5a,0x30,0x10,0xff,0x59,0x2f,0x10,0xff,0x5a,0x2f,0x0f,0xff,
    0x55,0x2e,0x0e,0xff,0x54,0x2e,0x0e,0xff,0x54,0x2d,0x0e,0xff,0x54,0x2d,0x0d,0xff,
    0x53,0x2c,0x0e,0xff,0x54,0x2d,0x0d,0xff,0x53,0x2d,0x0d,0xff,0x52,0x2d,0x0d,0xff,
    0x56,0x2e,0x0e,0xff,0x55,0x2e,0x10,0xff,0x57,0x2f,0x0f,0xff,0x57,0x30,0x0e,0xff,
    0x55,0x31,0x10,0xff,0x59,0x31,0x10,0xff,0x5b,0x31,0x11,0xff,0x5a,0x33,0x12,0xff,
    0x59,0x33,0x12,0xff,0x59,0x33,0x13,0xff,0x5a,0x32,0x13,0xff,0x55,0x32,0x13,0xff,
    0x55,0x30,0x12,0xff,0x50,0x30,0x12,0xff,0x52,0x2f,0x12,0xff,0x50,0x2f,0x12,0xff,
    0x4e,0x2d,0x10,0xff,0x4c,0x2c,0x10,0xff,0x48,0x2c,0x10,0xff,0x49,0x2a,0x0f,0xff,
    0x4b,0x2a,0x0f,0xff,0x49,0x29,0x0e,0xff,0x4a,0x29,0x0e,0xff,0x47,0x29,0x0e,0xff,
    0x4a,0x2a,0x0e,0xff,0x4d,0x2b,0x0f,0xff,0x4f,0x2b,0x0f,0xff,0x4e,0x2d,0x10,0xff,
    0x52,0x2d,0x0f,0xff,0x51,0x2e,0x10,0xff,0x52,0x2e,0x10,0xff,0x54,0x2f,0x10,0xff,
    0x53,0x30,0x0f,0xff,0x56,0x2f,0x0f,0xff,0x59,0x2e,0x0e,0xff,0x56,0x2e,0x0e,0xff,
    0x55,0x2d,0x0e,0xff,0x52,0x2c,0x0d,0xff,0x4f,0x2c,0x0b,0xff,0x51,0x2a,0x0b,0xff,
    0x4f,0x2a,0x0b,0xff,0x4e,0x29,0x0b,0xff,0x4c,0x29,0x0b,0xff,0x4c,0x29,0x0b,0xff,
    0x4f,0x29,0x0c,0xff,0x51,0x29,0x0c,0xff,0x4e,0x29,0x0b,0xff,0x51,0x29,0x0c,0xff,
    0x51,0x29,0x0c,0xff,0x52,0x29,0x0c,0xff,0x51,0x29,0x0c,0xff,0x51,0x2a,0x0d,0xff,
    0x4f,0x2b,0x0d,0xff,0x51,0x2b,0x0d,0xff,0x52,0x2c,0x0e,0xff,0x52,0x2c,0x0e,0xff,
    0x53,0x2d,0x0f,0xff,0x51,0x2e,0x10,0xff,0x54,0x2f,0x10,0xff,0x57,0x31,0x10,0xff,
    0x50,0x2d,0x0f,0xff,0x72,0x4d,0x31,0xff,0x7f,0x5e,0x43,0xff,0x82,0x61,0x48,0xff,
    0x79,0x57,0x40,0xff,0x72,0x51,0x39,0xff,0x71,0x54,0x3b,0xff,0x76,0x5a,0x44,0xff,
    0x4b,0x30,0x1d,0xff,0x35,0x1b,0x09,0xff,0x32,0x1b,0x08,0xff,0x48,0x38,0x29,0xff,
    0x7d,0x6e,0x61,0xff,0x5f,0x38,0x1a,0xff,0x00,0x00,0x00,0x00,0x00,0x00,0x00,0x00,
    0x00,0x00,0x00,0x00,0x00,0x00,0x00,0x00,0x00,0x00,0x00,0x00,0x00,0x00,0x00,0x00,
    0x00,0x00,0x00,0x00,0x00,0x00,0x00,0x00,0x00,0x00,0x00,0x00,0x00,0x00,0x00,0x00,
    0x00,0x00,0x00,0x00,0x00,0x00,0x00,0x00,0x00,0x00,0x00,0x00,0x00,0x00,0x00,0x00,
    0x00,0x00,0x00,0x00,0x00,0x00,0x00,0x00,0x00,0x00,0x00,0x00,0x00,0x00,0x00,0x00,
    0x00,0x00,0x00,0x00,0x00,0x00,0x00,0x00,0x00,0x00,0x00,0x00,0x00,0x00,0x00,0x00,
    0x7e,0x72,0x67,0xff,0x45,0x39,0x2c,0xff,0x30,0x18,0x08,0xff,0x3b,0x1e,0x0b,0xff,
    0x77,0x57,0x3f,0xff,0x93,0x71,0x57,0xff,0x8c,0x68,0x4e,0xff,0x8e,0x6a,0x4d,0xff,
    0x95,0x70,0x55,0xff,0x98,0x71,0x55,0xff,0x94,0x6d,0x52,0xff,0x65,0x42,0x27,0xff,
    0x77,0x4f,0x2d,0xff,0x70,0x46,0x26,0xff,0x6b,0x41,0x20,0xff,0x69,0x3d,0x1c,0xff,
    0x63,0x3a,0x18,0xff,0x5f,0x36,0x14,0xff,0x5b,0x35,0x13,0xff,0x5c,0x33,0x12,0xff,
    0x5b,0x32,0x10,0xff,0x59,0x30,0x10,0xff,0x59,0x30,0x0f,0xff,0x58,0x2e,0x0e,0xff,
    0x56,0x2e,0x0e,0xff,0x55,0x2d,0x0e,0xff,0x55,0x2e,0x0e,0xff,0x54,0x2d,0x0d,0xff,
    0x55,0x2d,0x0f,0xff,0x58,0x2d,0x0e,0xff,0x57,0x2d,0x0d,0xff,0x56,0x2e,0x0e,0xff,
    0x56,0x2e,0x0f,0xff,0x55,0x2e,0x10,0xff,0x54,0x2d,0x11,0xff,0x58,0x2d,0x10,0xff,
    0x53,0x2e,0x11,0xff,0x56,0x2e,0x0f,0xff,0x56,0x2e,0x0e,0xff,0x57,0x2f,0x0f,0xff,
    0x55,0x2f,0x0f,0xff,0x56,0x2f,0x0e,0xff,0x57,0x2f,0x0f,0xff,0x56,0x2f,0x0f,0xff,
    0x57,0x2f,0x0f,0xff,0x55,0x2f,0x0e,0xff,0x55,0x2e,0x0e,0xff,0x56,0x2f,0x0f,0xff,
    0x56,0x2f,0x0f,0xff,0x56,0x2e,0x0e,0xff,0x54,0x2f,0x0e,0xff,0x54,0x2d,0x0e,0xff,
    0x54,0x2d,0x0e,0xff,0x52,0x2e,0x0e,0xff,0x54,0x2c,0x0e,0xff,0x54,0x2c,0x0d,0xff,
    0x53,0x2c,0x0d,0xff,0x50,0x2c,0x0d,0xff,0x54,0x2b,0x0d,0xff,0x54,0x2c,0x0d,0xff,
    0x52,0x2c,0x0d,0xff,0x51,0x2c,0x0d,0xff,0x53,0x2c,0x0d,0xff,0x55,0x2c,0x0d,0xff,
    0x52,0x2c,0x0e,0xff,0x51,0x2c,0x0d,0xff,0x52,0x2b,0x0d,0xff,0x51,0x2c,0x0d,0xff,
    0x53,0x2b,0x0c,0xff,0x51,0x2b,0x0d,0xff,0x4f,0x2b,0x0c,0xff,0x50,0x2a,0x0c,0xff,
    0x50,0x2a,0x0c,0xff,0x4f,0x2a,0x0b,0xff,0x52,0x2a,0x0b,0xff,0x50,0x2a,0x0b,0xff,
    0x4f,0x2a,0x0c,0xff,0x4e,0x2a,0x0b,0xff,0x52,0x29,0x0c,0xff,0x52,0x29,0x0c,0xff,
    0x51,0x2a,0x0c,0xff,0x51,0x2a,0x0d,0xff,0x51,0x2a,0x0c,0xff,0x52,0x2a,0x0d,0xff,
    0x52,0x2b,0x0d,0xff,0x51,0x2b,0x0d,0xff,0x51,0x2c,0x0e,0xff,0x51,0x2b,0x0e,0xff,
    0x54,0x2c,0x0e,0xff,0x53,0x2e,0x10,0xff,0x55,0x2f,0x11,0xff,0x57,0x31,0x12,0xff,
    0x4f,0x2c,0x0e,0xff,0x71,0x4b,0x31,0xff,0x80,0x5d,0x43,0xff,0x82,0x60,0x47,0xff,
    0x75,0x58,0x3f,0xff,0x71,0x51,0x39,0xff,0x75,0x54,0x3f,0xff,0x71,0x56,0x41,0xff,
    0x42,0x29,0x15,0xff,0x34,0x1b,0x0b,0xff,0x30,0x1a,0x09,0xff,0x51,0x44,0x37,0xff,
    0x7c,0x68,0x56,0xff,0x57,0x2f,0x0f,0xff,0x00,0x00,0x00,0x00,0x00,0x00,0x00,0x00,
    0x00,0x00,0x00,0x00,0x00,0x00,0x00,0x00,0x00,0x00,0x00,0x00,0x00,0x00,0x00,0x00,
    0x00,0x00,0x00,0x00,0x00,0x00,0x00,0x00,0x00,0x00,0x00,0x00,0x00,0x00,0x00,0x00,
    0x00,0x00,0x00,0x00,0x00,0x00,0x00,0x00,0x00,0x00,0x00,0x00,0x00,0x00,0x00,0x00,
    0x00,0x00,0x00,0x00,0x00,0x00,0x00,0x00,0x00,0x00,0x00,0x00,0x00,0x00,0x00,0x00,
    0x00,0x00,0x00,0x00,0x00,0x00,0x00,0x00,0x00,0x00,0x00,0x00,0x00,0x00,0x00,0x00,
    0x7b,0x6d,0x5f,0xff,0x53,0x48,0x3e,0xff,0x31,0x19,0x09,0xff,0x36,0x1c,0x09,0xff,
    0x6d,0x4d,0x36,0xff,0x94,0x73,0x59,0xff,0x8c,0x69,0x4e,0xff,0x8e,0x69,0x4c,0xff,
    0x93,0x70,0x56,0xff,0x97,0x72,0x55,0xff,0x93,0x6d,0x53,0xff,0x67,0x43,0x28,0xff,
    0x77,0x50,0x2d,0xff,0x6f,0x47,0x26,0xff,0x6e,0x41,0x20,0xff,0x66,0x3d,0x1c,0xff,
    0x64,0x39,0x18,0xff,0x61,0x36,0x15,0xff,0x5c,0x35,0x13,0xff,0x5a,0x34,0x12,0xff,
    0x5c,0x31,0x12,0xff,0x5c,0x2f,0x10,0xff,0x56,0x2f,0x0f,0xff,0x57,0x2e,0x0e,0xff,
    0x57,0x2e,0x0e,0xff,0x55,0x2d,0x0e,0xff,0x57,0x2d,0x0e,0xff,0x55,0x2e,0x0e,0xff,
    0x56,0x2e,0x0e,0xff,0x59,0x2d,0x0e,0xff,0x58,0x2d,0x0e,0xff,0x57,0x2e,0x0e,0xff,
    0x54,0x2f,0x0e,0xff,0x57,0x2e,0x0e,0xff,0x56,0x2e,0x0f,0xff,0x55,0x2f,0x10,0xff,
    0x57,0x2e,0x11,0xff,0x56,0x2f,0x10,0xff,0x55,0x2f,0x0f,0xff,0x55,0x2f,0x0e,0xff,
    0x59,0x2e,0x0f,0xff,0x56,0x30,0x10,0xff,0x52,0x2f,0x10,0xff,0x56,0x2e,0x10,0xff,
    0x53,0x2e,0x0f,0xff,0x53,0x2e,0x0e,0xff,0x54,0x2e,0x0e,0xff,0x51,0x2e,0x0f,0xff,
    0x53,0x2d,0x10,0xff,0x55,0x2c,0x0e,0xff,0x51,0x2c,0x0e,0xff,0x50,0x2d,0x0f,0xff,
    0x52,0x2d,0x0f,0xff,0x52,0x2b,0x0e,0xff,0x4e,0x2c,0x0e,0xff,0x51,0x2b,0x0d,0xff,
    0x52,0x2b,0x0d,0xff,0x50,0x2b,0x0c,0xff,0x4f,0x2c,0x0b,0xff,0x53,0x2c,0x0c,0xff,
    0x54,0x2b,0x0c,0xff,0x4f,0x2d,0x0c,0xff,0x54,0x2d,0x0c,0xff,0x55,0x2d,0x0d,0xff,
    0x51,0x2d,0x0d,0xff,0x51,0x2d,0x0d,0xff,0x51,0x2d,0x0d,0xff,0x53,0x2c,0x0e,0xff,
    0x56,0x2b,0x0e,0xff,0x51,0x2b,0x0d,0xff,0x51,0x2a,0x0c,0xff,0x4f,0x2b,0x0d,0xff,
    0x54,0x2a,0x0d,0xff,0x51,0x2a,0x0c,0xff,0x50,0x2a,0x0a,0xff,0x52,0x2a,0x0b,0xff,
    0x50,0x2a,0x0c,0xff,0x4e,0x2a,0x0b,0xff,0x51,0x2a,0x0c,0xff,0x55,0x2a,0x0b,0xff,
    0x52,0x2a,0x0c,0xff,0x50,0x2a,0x0d,0xff,0x53,0x2a,0x0d,0xff,0x51,0x2b,0x0d,0xff,
    0x52,0x2b,0x0d,0xff,0x51,0x2b,0x0d,0xff,0x51,0x2b,0x0d,0xff,0x53,0x2c,0x0e,0xff,
    0x54,0x2c,0x0e,0xff,0x53,0x2e,0x10,0xff,0x53,0x30,0x10,0xff,0x57,0x32,0x11,0xff,
    0x52,0x2b,0x0d,0xff,0x69,0x49,0x2e,0xff,0x80,0x5e,0x43,0xff,0x7f,0x5f,0x46,0xff,
    0x75,0x57,0x3e,0xff,0x6e,0x50,0x39,0xff,0x77,0x57,0x42,0xff,0x6d,0x4f,0x3d,0xff,
    0x39,0x22,0x10,0xff,0x34,0x1a,0x0a,0xff,0x2f,0x1a,0x0a,0xff,0x57,0x50,0x44,0xff,
    0x7f,0x67,0x53,0xff,0x00,0x00,0x00,0x00,0x00,0x00,0x00,0x00,0x00,0x00,0x00,0x00,
    0x00,0x00,0x00,0x00,0x00,0x00,0x00,0x00,0x00,0x00,0x00,0x00,0x00,0x00,0x00,0x00,
    0x00,0x00,0x00,0x00,0x00,0x00,0x00,0x00,0x00,0x00,0x00,0x00,0x00,0x00,0x00,0x00,
    0x00,0x00,0x00,0x00,0x00,0x00,0x00,0x00,0x00,0x00,0x00,0x00,0x00,0x00,0x00,0x00,
    0x00,0x00,0x00,0x00,0x00,0x00,0x00,0x00,0x00,0x00,0x00,0x00,0x00,0x00,0x00,0x00,
    0x00,0x00,0x00,0x00,0x00,0x00,0x00,0x00,0x00,0x00,0x00,0x00,0x00,0x00,0x00,0x00,
    0x81,0x6e,0x5e,0xff,0x5e,0x55,0x4b,0xff,0x33,0x1a,0x0a,0xff,0x31,0x18,0x08,0xff,
    0x5d,0x41,0x2b,0xff,0x95,0x74,0x5a,0xff,0x8c,0x69,0x4f,0xff,0x8c,0x69,0x4c,0xff,
    0x97,0x70,0x56,0xff,0x96,0x73,0x56,0xff,0x93,0x6e,0x54,0xff,0x6a,0x45,0x29,0xff,
    0x7a,0x4f,0x2d,0xff,0x6f,0x46,0x25,0xff,0x70,0x41,0x21,0xff,0x69,0x3d,0x1d,0xff,
    0x63,0x38,0x17,0xff,0x60,0x36,0x15,0xff,0x5d,0x34,0x14,0xff,0x5e,0x33,0x12,0xff,
    0x58,0x32,0x12,0xff,0x59,0x30,0x10,0xff,0x58,0x30,0x0f,0xff,0x55,0x2f,0x0f,0xff,
    0x56,0x2e,0x0e,0xff,0x57,0x2e,0x0e,0xff,0x56,0x2e,0x0e,0xff,0x59,0x2d,0x0e,0xff,
    0x56,0x2e,0x0e,0xff,0x55,0x2e,0x0e,0xff,0x57,0x2e,0x0e,0xff,0x58,0x2d,0x0e,0xff,
    0x55,0x2e,0x0e,0xff,0x56,0x2e,0x0e,0xff,0x57,0x2e,0x0e,0xff,0x54,0x2f,0x0f,0xff,
    0x55,0x2f,0x10,0xff,0x54,0x2f,0x11,0xff,0x57,0x2f,0x0f,0xff,0x56,0x2f,0x0f,0xff,
    0x55,0x2f,0x11,0xff,0x56,0x2f,0x11,0xff,0x51,0x2e,0x10,0xff,0x54,0x2e,0x10,0xff,
    0x54,0x2d,0x0f,0xff,0x53,0x2d,0x0f,0xff,0x54,0x2d,0x0f,0xff,0x53,0x2b,0x0e,0xff,
    0x51,0x2d,0x0f,0xff,0x53,0x2d,0x0f,0xff,0x52,0x2d,0x0f,0xff,0x53,0x2c,0x0f,0xff,
    0x52,0x2c,0x0e,0xff,0x55,0x2b,0x0e,0xff,0x52,0x2b,0x0e,0xff,0x51,0x2b,0x0d,0xff,
    0x51,0x2b,0x0e,0xff,0x51,0x2c,0x0c,0xff,0x53,0x2b,0x0b,0xff,0x50,0x2c,0x0c,0xff,
    0x54,0x2c,0x0c,0xff,0x51,0x2d,0x0c,0xff,0x50,0x2d,0x0d,0xff,0x53,0x2c,0x0c,0xff,
    0x53,0x2d,0x0d,0xff,0x53,0x2d,0x0d,0xff,0x56,0x2c,0x0e,0xff,0x54,0x2d,0x0d,0xff,
    0x53,0x2c,0x0c,0xff,0x52,0x2c,0x0c,0xff,0x52,0x2a,0x0d,0xff,0x51,0x2b,0x0d,0xff,
    0x52,0x2a,0x0d,0xff,0x54,0x29,0x0d,0xff,0x50,0x2b,0x0d,0xff,0x50,0x2a,0x0c,0xff,
    0x50,0x2a,0x0c,0xff,0x52,0x2a,0x0c,0xff,0x52,0x2a,0x0d,0xff,0x51,0x2a,0x0c,0xff,
    0x51,0x2a,0x0d,0xff,0x4f,0x2b,0x0d,0xff,0x52,0x2a,0x0d,0xff,0x52,0x2a,0x0d,0xff,
    0x51,0x2b,0x0d,0xff,0x52,0x2c,0x0e,0xff,0x53,0x2b,0x0e,0xff,0x51,0x2c,0x0e,0xff,
    0x53,0x2d,0x0f,0xff,0x55,0x2d,0x10,0xff,0x56,0x2f,0x11,0xff,0x58,0x32,0x11,0xff,
    0x52,0x29,0x0d,0xff,0x6b,0x47,0x2e,0xff,0x7f,0x5e,0x44,0xff,0x7e,0x5f,0x46,0xff,
    0x75,0x55,0x3c,0xff,0x72,0x50,0x39,0xff,0x76,0x5a,0x45,0xff,0x65,0x4a,0x37,0xff,
    0x34,0x1d,0x0c,0xff,0x31,0x1a,0x0a,0xff,0x2e,0x1c,0x0c,0xff,0x61,0x5b,0x50,0xff,
    0x75,0x5a,0x42,0xff,0x00,0x00,0x00,0x00,0x00,0x00,0x00,0x00,0x00,0x00,0x00,0x00,
    0x00,0x00,0x00,0x00,0x00,0x00,0x00,0x00,0x00,0x00,0x00,0x00,0x00,0x00,0x00,0x00,
    0x00,0x00,0x00,0x00,0x00,0x00,0x00,0x00,0x00,0x00,0x00,0x00,0x00,0x00,0x00,0x00,
    0x00,0x00,0x00,0x00,0x00,0x00,0x00,0x00,0x00,0x00,0x00,0x00,0x00,0x00,0x00,0x00,
    0x00,0x00,0x00,0x00,0x00,0x00,0x00,0x00,0x00,0x00,0x00,0x00,0x00,0x00,0x00,0x00,
    0x00,0x00,0x00,0x00,0x00,0x00,0x00,0x00,0x00,0x00,0x00,0x00,0x00,0x00,0x00,0x00,
    0x6f,0x51,0x3a,0xff,0x6b,0x62,0x5a,0xff,0x33,0x1e,0x10,0xff,0x33,0x19,0x0a,0xff,
    0x51,0x34,0x20,0xff,0x96,0x74,0x5b,0xff,0x90,0x6c,0x51,0xff,0x88,0x6a,0x4d,0xff,
    0x96,0x70,0x56,0xff,0x99,0x72,0x57,0xff,0x95,0x6f,0x54,0xff,0x6b,0x46,0x2a,0xff,
    0x77,0x50,0x2d,0xff,0x6f,0x47,0x25,0xff,0x6a,0x41,0x20,0xff,0x67,0x3d,0x1c,0xff,
    0x62,0x39,0x18,0xff,0x61,0x36,0x16,0xff,0x5b,0x35,0x13,0xff,0x5c,0x33,0x12,0xff,
    0x5d,0x31,0x12,0xff,0x59,0x30,0x11,0xff,0x59,0x30,0x11,0xff,0x5a,0x2f,0x10,0xff,
    0x57,0x2f,0x0f,0xff,0x58,0x2e,0x0e,0xff,0x56,0x2e,0x0e,0xff,0x55,0x2e,0x0e,0xff,
    0x58,0x2d,0x0e,0xff,0x56,0x2e,0x0e,0xff,0x57,0x2f,0x0f,0xff,0x57,0x2e,0x0f,0xff,
    0x55,0x2e,0x0e,0xff,0x54,0x2e,0x0e,0xff,0x54,0x2f,0x0f,0xff,0x54,0x2f,0x0f,0xff,
    0x56,0x2f,0x10,0xff,0x54,0x2f,0x11,0xff,0x54,0x2f,0x11,0xff,0x57,0x2f,0x0f,0xff,
    0x55,0x2f,0x10,0xff,0x54,0x2f,0x11,0xff,0x55,0x2e,0x10,0xff,0x54,0x2e,0x0f,0xff,
    0x52,0x2d,0x0e,0xff,0x53,0x2d,0x0f,0xff,0x4f,0x2d,0x0f,0xff,0x53,0x2c,0x0f,0xff,
    0x53,0x2d,0x0e,0xff,0x53,0x2d,0x0f,0xff,0x52,0x2d,0x0f,0xff,0x51,0x2d,0x0f,0xff,
    0x53,0x2c,0x0e,0xff,0x51,0x2c,0x0e,0xff,0x51,0x2c,0x0e,0xff,0x52,0x2c,0x0e,0xff,
    0x53,0x2b,0x0d,0xff,0x4f,0x2d,0x0c,0xff,0x52,0x2c,0x0b,0xff,0x54,0x2b,0x0c,0xff,
    0x53,0x2c,0x0c,0xff,0x52,0x2c,0x0c,0xff,0x53,0x2c,0x0c,0xff,0x52,0x2c,0x0c,0xff,
    0x53,0x2d,0x0d,0xff,0x52,0x2d,0x0d,0xff,0x53,0x2d,0x0d,0xff,0x55,0x2c,0x0d,0xff,
    0x53,0x2c,0x0d,0xff,0x52,0x2c,0x0e,0xff,0x50,0x2b,0x0d,0xff,0x51,0x2b,0x0d,0xff,
    0x50,0x2c,0x0b,0xff,0x4f,0x2c,0x0b,0xff,0x50,0x2b,0x0d,0xff,0x52,0x2b,0x0d,0xff,
    0x4f,0x2a,0x0c,0xff,0x4f,0x2a,0x0c,0xff,0x54,0x2a,0x0d,0xff,0x52,0x2a,0x0d,0xff,
    0x51,0x2b,0x0d,0xff,0x53,0x2b,0x0d,0xff,0x53,0x2b,0x0d,0xff,0x53,0x2b,0x0e,0xff,
    0x53,0x2c,0x0e,0xff,0x4e,0x2c,0x0e,0xff,0x52,0x2c,0x0e,0xff,0x52,0x2c,0x0f,0xff,
    0x52,0x2c,0x0f,0xff,0x53,0x2e,0x10,0xff,0x54,0x2f,0x11,0xff,0x57,0x31,0x12,0xff,
    0x4d,0x29,0x0c,0xff,0x68,0x47,0x2e,0xff,0x7f,0x5d,0x45,0xff,0x7e,0x5d,0x46,0xff,
    0x71,0x54,0x3c,0xff,0x73,0x51,0x3b,0xff,0x7c,0x5c,0x47,0xff,0x5b,0x41,0x2f,0xff,
    0x32,0x19,0x09,0xff,0x33,0x19,0x0c,0xff,0x32,0x23,0x15,0xff,0x70,0x68,0x5c,0xff,
    0x6b,0x49,0x2e,0xff,0x00,0x00,0x00,0x00,0x00,0x00,0x00,0x00,0x00,0x00,0x00,0x00,
    0x00,0x00,0x00,0x00,0x00,0x00,0x00,0x00,0x00,0x00,0x00,0x00,0x00,0x00,0x00,0x00,
    0x00,0x00,0x00,0x00,0x00,0x00,0x00,0x00,0x00,0x00,0x00,0x00,0x00,0x00,0x00,0x00,
    0x00,0x00,0x00,0x00,0x00,0x00,0x00,0x00,0x00,0x00,0x00,0x00,0x00,0x00,0x00,0x00,
    0x00,0x00,0x00,0x00,0x00,0x00,0x00,0x00,0x00,0x00,0x00,0x00,0x00,0x00,0x00,0x00,
    0x00,0x00,0x00,0x00,0x00,0x00,0x00,0x00,0x00,0x00,0x00,0x00,0x00,0x00,0x00,0x00,
    0x00,0x00,0x00,0x00,0x7c,0x73,0x6c,0xff,0x38,0x23,0x17,0xff,0x34,0x19,0x11,0xff,
    0x3e,0x28,0x20,0xff,0x96,0x70,0x5a,0xff,0x94,0x70,0x53,0xff,0x8a,0x6a,0x4e,0xff,
    0x96,0x6f,0x55,0xff,0x98,0x72,0x56,0xff,0x92,0x71,0x55,0xff,0x6e,0x49,0x2b,0xff,
    0x76,0x4f,0x2d,0xff,0x6f,0x47,0x26,0xff,0x6c,0x40,0x1f,0xff,0x66,0x3e,0x1c,0xff,
    0x63,0x3a,0x18,0xff,0x62,0x37,0x16,0xff,0x5e,0x35,0x13,0xff,0x5c,0x34,0x12,0xff,
    0x5c,0x32,0x12,0xff,0x5a,0x31,0x11,0xff,0x59,0x30,0x10,0xff,0x59,0x2f,0x0f,0xff,
    0x58,0x2f,0x0f,0xff,0x57,0x2e,0x0e,0xff,0x55,0x2f,0x0f,0xff,0x55,0x2e,0x0e,0xff,
    0x58,0x2d,0x0e,0xff,0x54,0x2f,0x0f,0xff,0x57,0x2f,0x0f,0xff,0x57,0x2f,0x0f,0xff,
    0x56,0x2f,0x0f,0xff,0x57,0x2f,0x0f,0xff,0x56,0x30,0x10,0xff,0x53,0x30,0x0f,0xff,
    0x56,0x2f,0x10,0xff,0x55,0x2f,0x11,0xff,0x56,0x2f,0x10,0xff,0x57,0x2f,0x10,0xff,
    0x55,0x2f,0x10,0xff,0x54,0x2f,0x10,0xff,0x54,0x2e,0x10,0xff,0x54,0x2e,0x0f,0xff,
    0x54,0x2f,0x0e,0xff,0x54,0x2d,0x10,0xff,0x50,0x2d,0x10,0xff,0x54,0x2c,0x0f,0xff,
    0x53,0x2d,0x0f,0xff,0x51,0x2d,0x0f,0xff,0x53,0x2c,0x0f,0xff,0x52,0x2c,0x0e,0xff,
    0x53,0x2c,0x0e,0xff,0x51,0x2c,0x0e,0xff,0x4f,0x2d,0x0f,0xff,0x51,0x2c,0x0d,0xff,
    0x53,0x2b,0x0d,0xff,0x51,0x2c,0x0c,0xff,0x52,0x2c,0x0c,0xff,0x53,0x2c,0x0c,0xff,
    0x53,0x2c,0x0c,0xff,0x52,0x2c,0x0c,0xff,0x53,0x2c,0x0d,0xff,0x52,0x2d,0x0d,0xff,
    0x52,0x2c,0x0c,0xff,0x52,0x2d,0x0d,0xff,0x54,0x2d,0x0d,0xff,0x57,0x2d,0x0d,0xff,
    0x51,0x2c,0x0e,0xff,0x52,0x2c,0x0e,0xff,0x52,0x2c,0x0e,0xff,0x52,0x2c,0x0c,0xff,
    0x51,0x2c,0x0b,0xff,0x52,0x2b,0x0b,0xff,0x4f,0x2c,0x0d,0xff,0x52,0x2b,0x0d,0xff,
    0x52,0x2b,0x0d,0xff,0x51,0x2b,0x0d,0xff,0x50,0x2b,0x0d,0xff,0x52,0x2c,0x0e,0xff,
    0x53,0x2c,0x0e,0xff,0x53,0x2b,0x0e,0xff,0x53,0x2c,0x0e,0xff,0x53,0x2c,0x0e,0xff,
    0x52,0x2c,0x0e,0xff,0x4f,0x2c,0x0e,0xff,0x54,0x2b,0x0e,0xff,0x52,0x2c,0x0f,0xff,
    0x51,0x2c,0x10,0xff,0x55,0x2e,0x10,0xff,0x55,0x2f,0x11,0xff,0x56,0x31,0x12,0xff,
    0x4e,0x29,0x0c,0xff,0x67,0x47,0x2e,0xff,0x7f,0x5d,0x44,0xff,0x7b,0x5c,0x43,0xff,
    0x72,0x53,0x3b,0xff,0x74,0x53,0x3d,0xff,0x7c,0x60,0x46,0xff,0x4c,0x35,0x2e,0xff,
    0x28,0x15,0x12,0xff,0x31,0x19,0x0b,0xff,0x3d,0x2d,0x21,0xff,0x7e,0x75,0x67,0xff,
    0x66,0x41,0x25,0xff,0x00,0x00,0x00,0x00,0x00,0x00,0x00,0x00,0x00,0x00,0x00,0x00,
    0x00,0x00,0x00,0x00,0x00,0x00,0x00,0x00,0x00,0x00,0x00,0x00,0x00,0x00,0x00,0x00,
    0x00,0x00,0x00,0x00,0x00,0x00,0x00,0x00,0x00,0x00,0x00,0x00,0x00,0x00,0x00,0x00,
    0x00,0x00,0x00,0x00,0x00,0x00,0x00,0x00,0x00,0x00,0x00,0x00,0x00,0x00,0x00,0x00,
    0x00,0x00,0x00,0x00,0x00,0x00,0x00,0x00,0x00,0x00,0x00,0x00,0x00,0x00,0x00,0x00,
    0x00,0x00,0x00,0x00,0x00,0x00,0x00,0x00,0x00,0x00,0x00,0x00,0x00,0x00,0x00,0x00,
    0x00,0x00,0x00,0x00,0x82,0x78,0x70,0xff,0x41,0x2c,0x20,0xff,0x31,0x18,0x1d,0xff,
    0x26,0x18,0x2c,0xff,0x8b,0x6a,0x52,0xff,0x9b,0x72,0x56,0xff,0x8d,0x6b,0x50,0xff,
    0x94,0x6f,0x54,0xff,0x9a,0x71,0x57,0xff,0x95,0x71,0x54,0xff,0x6f,0x48,0x2b,0xff,
    0x76,0x4d,0x2c,0xff,0x71,0x45,0x25,0xff,0x6f,0x40,0x20,0xff,0x68,0x3c,0x1b,0xff,
    0x62,0x3a,0x19,0xff,0x60,0x37,0x16,0xff,0x5f,0x35,0x14,0xff,0x5a,0x34,0x12,0xff,
    0x5c,0x33,0x12,0xff,0x5a,0x30,0x11,0xff,0x5d,0x2f,0x10,0xff,0x59,0x30,0x0f,0xff,
    0x59,0x30,0x10,0xff,0x5c,0x2e,0x0f,0xff,0x58,0x2e,0x0e,0xff,0x55,0x2f,0x0f,0xff,
    0x58,0x2e,0x0f,0xff,0x56,0x2f,0x0f,0xff,0x56,0x2f,0x0f,0xff,0x57,0x30,0x10,0xff,
    0x56,0x2f,0x10,0xff,0x5a,0x2f,0x0f,0xff,0x59,0x2f,0x0f,0xff,0x55,0x2f,0x11,0xff,
    0x55,0x30,0x11,0xff,0x56,0x30,0x11,0xff,0x55,0x30,0x11,0xff,0x55,0x2f,0x11,0xff,
    0x55,0x2e,0x10,0xff,0x56,0x2f,0x10,0xff,0x56,0x2e,0x10,0xff,0x54,0x2f,0x0e,0xff,
    0x57,0x2e,0x0f,0xff,0x56,0x2d,0x10,0xff,0x54,0x2e,0x10,0xff,0x54,0x2d,0x10,0xff,
    0x55,0x2d,0x10,0xff,0x54,0x2e,0x10,0xff,0x54,0x2d,0x0f,0xff,0x52,0x2d,0x0f,0xff,
    0x53,0x2c,0x0e,0xff,0x53,0x2b,0x0e,0xff,0x52,0x2b,0x0e,0xff,0x52,0x2b,0x0d,0xff,
    0x51,0x2b,0x0d,0xff,0x52,0x2a,0x0d,0xff,0x4f,0x2c,0x0b,0xff,0x51,0x2c,0x0c,0xff,
    0x52,0x2c,0x0c,0xff,0x54,0x2b,0x0d,0xff,0x52,0x2c,0x0e,0xff,0x53,0x2c,0x0e,0xff,
    0x56,0x2c,0x0c,0xff,0x54,0x2d,0x0d,0xff,0x53,0x2c,0x0e,0xff,0x55,0x2c,0x0e,0xff,
    0x53,0x2c,0x0f,0xff,0x53,0x2d,0x0f,0xff,0x53,0x2c,0x0e,0xff,0x51,0x2c,0x0c,0xff,
    0x55,0x2c,0x0d,0xff,0x54,0x2b,0x0e,0xff,0x52,0x2b,0x0e,0xff,0x50,0x2b,0x0d,0xff,
    0x51,0x2b,0x0e,0xff,0x51,0x2c,0x0e,0xff,0x50,0x2c,0x0e,0xff,0x52,0x2c,0x0e,0xff,
    0x54,0x2b,0x0e,0xff,0x54,0x2c,0x0e,0xff,0x52,0x2d,0x0e,0xff,0x55,0x2c,0x0f,0xff,
    0x55,0x2b,0x0f,0xff,0x52,0x2d,0x0f,0xff,0x54,0x2d,0x0f,0xff,0x54,0x2c,0x0f,0xff,
    0x52,0x2c,0x10,0xff,0x55,0x2d,0x0f,0xff,0x55,0x30,0x12,0xff,0x58,0x30,0x13,0xff,
    0x51,0x28,0x0d,0xff,0x6b,0x48,0x2f,0xff,0x7f,0x5d,0x44,0xff,0x78,0x5a,0x42,0xff,
    0x74,0x53,0x3c,0xff,0x74,0x56,0x3e,0xff,0x7a,0x5e,0x47,0xff,0x35,0x25,0x32,0xff,
    0x1d,0x12,0x27,0xff,0x29,0x18,0x0d,0xff,0x48,0x3c,0x30,0xff,0x80,0x70,0x60,0xff,
    0x5c,0x34,0x15,0xff,0x00,0x00,0x00,0x00,0x00,0x00,0x00,0x00,0x00,0x00,0x00,0x00,
    0x00,0x00,0x00,0x00,0x00,0x00,0x00,0x00,0x00,0x00,0x00,0x00,0x00,0x00,0x00,0x00,
    0x00,0x00,0x00,0x00,0x00,0x00,0x00,0x00,0x00,0x00,0x00,0x00,0x00,0x00,0x00,0x00,
    0x00,0x00,0x00,0x00,0x00,0x00,0x00,0x00,0x00,0x00,0x00,0x00,0x00,0x00,0x00,0x00,
    0x00,0x00,0x00,0x00,0x00,0x00,0x00,0x00,0x00,0x00,0x00,0x00,0x00,0x00,0x00,0x00,
    0x00,0x00,0x00,0x00,0x00,0x00,0x00,0x00,0x00,0x00,0x00,0x00,0x00,0x00,0x00,0x00,
    0x00,0x00,0x00,0x00,0x80,0x75,0x69,0xff,0x4a,0x3c,0x31,0xff,0x23,0x17,0x24,0xff,
    0x13,0x0e,0x37,0xff,0x77,0x5b,0x4c,0xff,0x9b,0x78,0x59,0xff,0x8f,0x6b,0x53,0xff,
    0x91,0x6f,0x54,0xff,0x96,0x71,0x57,0xff,0x96,0x71,0x55,0xff,0x70,0x49,0x2b,0xff,
    0x75,0x4c,0x2b,0xff,0x6f,0x46,0x25,0xff,0x6b,0x40,0x20,0xff,0x64,0x3d,0x1b,0xff,
    0x62,0x39,0x18,0xff,0x60,0x37,0x16,0xff,0x63,0x35,0x14,0xff,0x5e,0x34,0x13,0xff,
    0x5b,0x33,0x12,0xff,0x57,0x32,0x11,0xff,0x5c,0x31,0x11,0xff,0x5a,0x31,0x10,0xff,
    0x57,0x30,0x10,0xff,0x58,0x30,0x10,0xff,0x56,0x2f,0x0f,0xff,0x57,0x2f,0x0f,0xff,
    0x56,0x30,0x0f,0xff,0x57,0x2f,0x0f,0xff,0x57,0x30,0x10,0xff,0x58,0x2f,0x10,0xff,
    0x55,0x30,0x10,0xff,0x57,0x30,0x0f,0xff,0x55,0x30,0x11,0xff,0x55,0x30,0x11,0xff,
    0x55,0x30,0x10,0xff,0x57,0x2f,0x11,0xff,0x58,0x2f,0x11,0xff,0x57,0x30,0x11,0xff,
    0x53,0x30,0x10,0xff,0x54,0x2f,0x11,0xff,0x57,0x2f,0x10,0xff,0x52,0x2f,0x11,0xff,
    0x54,0x2e,0x10,0xff,0x53,0x2e,0x10,0xff,0x54,0x2e,0x10,0xff,0x54,0x2e,0x10,0xff,
    0x52,0x2d,0x0f,0xff,0x53,0x2d,0x0f,0xff,0x52,0x2d,0x0f,0xff,0x50,0x2d,0x0f,0xff,
    0x4f,0x2c,0x0e,0xff,0x4f,0x2c,0x0e,0xff,0x4e,0x2c,0x0e,0xff,0x51,0x2c,0x0d,0xff,
    0x51,0x2c,0x0e,0xff,0x54,0x2a,0x0e,0xff,0x52,0x2b,0x0c,0xff,0x50,0x2c,0x0c,0xff,
    0x4d,0x2c,0x0d,0xff,0x53,0x2b,0x0e,0xff,0x52,0x2c,0x0e,0xff,0x50,0x2c,0x0d,0xff,
    0x52,0x2d,0x0c,0xff,0x52,0x2d,0x0d,0xff,0x53,0x2c,0x0d,0xff,0x51,0x2c,0x0f,0xff,
    0x52,0x2d,0x0f,0xff,0x52,0x2d,0x0f,0xff,0x53,0x2d,0x0f,0xff,0x4f,0x2d,0x0d,0xff,
    0x52,0x2c,0x0e,0xff,0x4f,0x2d,0x0f,0xff,0x50,0x2d,0x0f,0xff,0x50,0x2c,0x0e,0xff,
    0x54,0x2b,0x0e,0xff,0x55,0x2c,0x0f,0xff,0x52,0x2c,0x0f,0xff,0x4f,0x2d,0x0e,0xff,
    0x50,0x2d,0x0f,0xff,0x53,0x2b,0x0f,0xff,0x4f,0x2c,0x0e,0xff,0x52,0x2c,0x0e,0xff,
    0x51,0x2d,0x0f,0xff,0x53,0x2c,0x0f,0xff,0x52,0x2c,0x0f,0xff,0x52,0x2c,0x0f,0xff,
    0x54,0x2d,0x10,0xff,0x54,0x2e,0x10,0xff,0x54,0x2f,0x11,0xff,0x55,0x30,0x12,0xff,
    0x4d,0x2a,0x0e,0xff,0x69,0x4a,0x31,0xff,0x7e,0x5c,0x44,0xff,0x78,0x58,0x41,0xff,
    0x77,0x53,0x3e,0xff,0x7a,0x59,0x42,0xff,0x72,0x56,0x45,0xff,0x1b,0x16,0x31,0xff,
    0x1e,0x13,0x2f,0xff,0x2d,0x1a,0x11,0xff,0x55,0x4b,0x3f,0xff,0x81,0x6c,0x59,0xff,
    0x00,0x00,0x00,0x00,0x00,0x00,0x00,0x00,0x00,0x00,0x00,0x00,0x00,0x00,0x00,0x00,
    0x00,0x00,0x00,0x00,0x00,0x00,0x00,0x00,0x00,0x00,0x00,0x00,0x00,0x00,0x00,0x00,
    0x00,0x00,0x00,0x00,0x00,0x00,0x00,0x00,0x00,0x00,0x00,0x00,0x00,0x00,0x00,0x00,
    0x00,0x00,0x00,0x00,0x00,0x00,0x00,0x00,0x00,0x00,0x00,0x00,0x00,0x00,0x00,0x00,
    0x00,0x00,0x00,0x00,0x00,0x00,0x00,0x00,0x00,0x00,0x00,0x00,0x00,0x00,0x00,0x00,
    0x00,0x00,0x00,0x00,0x00,0x00,0x00,0x00,0x00,0x00,0x00,0x00,0x00,0x00,0x00,0x00,
    0x00,0x00,0x00,0x00,0x7b,0x69,0x59,0xff,0x57,0x4b,0x43,0xff,0x26,0x17,0x23,0xff,
    0x12,0x10,0x50,0xff,0x59,0x41,0x50,0xff,0x9d,0x79,0x5a,0xff,0x90,0x6c,0x53,0xff,
    0x8f,0x6d,0x53,0xff,0x93,0x70,0x56,0xff,0x98,0x70,0x55,0xff,0x6f,0x49,0x2a,0xff,
    0x75,0x4b,0x29,0xff,0x6e,0x46,0x25,0xff,0x6c,0x40,0x20,0xff,0x64,0x3d,0x1c,0xff,
    0x61,0x39,0x17,0xff,0x5f,0x37,0x16,0xff,0x61,0x36,0x16,0xff,0x5e,0x35,0x14,0xff,
    0x5d,0x34,0x12,0xff,0x5a,0x34,0x11,0xff,0x5b,0x31,0x10,0xff,0x5a,0x31,0x11,0xff,
    0x58,0x30,0x10,0xff,0x56,0x30,0x10,0xff,0x56,0x2f,0x0f,0xff,0x57,0x30,0x0f,0xff,
    0x55,0x30,0x10,0xff,0x58,0x2f,0x10,0xff,0x57,0x30,0x10,0xff,0x57,0x2f,0x11,0xff,
    0x56,0x30,0x11,0xff,0x55,0x2f,0x11,0xff,0x56,0x2f,0x11,0xff,0x54,0x30,0x11,0xff,
    0x55,0x30,0x12,0xff,0x56,0x2f,0x12,0xff,0x56,0x2f,0x11,0xff,0x56,0x2f,0x0f,0xff,
    0x55,0x30,0x10,0xff,0x55,0x2f,0x12,0xff,0x57,0x30,0x12,0xff,0x55,0x30,0x11,0xff,
    0x53,0x2f,0x11,0xff,0x54,0x2e,0x11,0xff,0x53,0x2e,0x10,0xff,0x51,0x2e,0x11,0xff,
    0x53,0x2e,0x0f,0xff,0x52,0x2d,0x0f,0xff,0x50,0x2d,0x0f,0xff,0x52,0x2d,0x0f,0xff,
    0x50,0x2c,0x0e,0xff,0x51,0x2c,0x0e,0xff,0x4e,0x2c,0x0e,0xff,0x4f,0x2b,0x0d,0xff,
    0x50,0x2b,0x0d,0xff,0x50,0x2b,0x0e,0xff,0x51,0x2c,0x0e,0xff,0x51,0x2c,0x0c,0xff,
    0x4f,0x2c,0x0d,0xff,0x53,0x2c,0x0e,0xff,0x51,0x2c,0x0e,0xff,0x51,0x2c,0x0d,0xff,
    0x52,0x2d,0x0c,0xff,0x53,0x2d,0x0d,0xff,0x51,0x2c,0x0e,0xff,0x4f,0x2c,0x0e,0xff,
    0x52,0x2c,0x0f,0xff,0x51,0x2d,0x0f,0xff,0x51,0x2d,0x0f,0xff,0x52,0x2d,0x0f,0xff,
    0x52,0x2c,0x0f,0xff,0x52,0x2c,0x0f,0xff,0x50,0x2d,0x0e,0xff,0x51,0x2d,0x0f,0xff,
    0x53,0x2c,0x0e,0xff,0x53,0x2c,0x0f,0xff,0x52,0x2c,0x0f,0xff,0x52,0x2d,0x0f,0xff,
    0x52,0x2d,0x0f,0xff,0x52,0x2b,0x0f,0xff,0x50,0x2d,0x0e,0xff,0x50,0x2c,0x0e,0xff,
    0x52,0x2d,0x0f,0xff,0x52,0x2c,0x10,0xff,0x50,0x2c,0x0f,0xff,0x53,0x2d,0x0f,0xff,
    0x55,0x2d,0x0f,0xff,0x53,0x2f,0x10,0xff,0x55,0x2f,0x11,0xff,0x56,0x30,0x12,0xff,
    0x50,0x2a,0x10,0xff,0x6b,0x4b,0x32,0xff,0x7b,0x5b,0x43,0xff,0x76,0x57,0x40,0xff,
    0x75,0x54,0x3e,0xff,0x7b,0x5c,0x44,0xff,0x59,0x43,0x3c,0xff,0x0f,0x0c,0x33,0xff,
    0x1f,0x14,0x35,0xff,0x31,0x20,0x16,0xff,0x60,0x58,0x4c,0xff,0x7c,0x61,0x4c,0xff,
    0x00,0x00,0x00,0x00,0x00,0x00,0x00,0x00,0x00,0x00,0x00,0x00,0x00,0x00,0x00,0x00,
    0x00,0x00,0x00,0x00,0x00,0x00,0x00,0x00,0x00,0x00,0x00,0x00,0x00,0x00,0x00,0x00,
    0x00,0x00,0x00,0x00,0x00,0x00,0x00,0x00,0x00,0x00,0x00,0x00,0x00,0x00,0x00,0x00,
    0x00,0x00,0x00,0x00,0x00,0x00,0x00,0x00,0x00,0x00,0x00,0x00,0x00,0x00,0x00,0x00,
    0x00,0x00,0x00,0x00,0x00,0x00,0x00,0x00,0x00,0x00,0x00,0x00,0x00,0x00,0x00,0x00,
    0x00,0x00,0x00,0x00,0x00,0x00,0x00,0x00,0x00,0x00,0x00,0x00,0x00,0x00,0x00,0x00,
    0x00,0x00,0x00,0x00,0x00,0x00,0x00,0x00,0x62,0x59,0x52,0xff,0x27,0x18,0x21,0xff,
    0x14,0x10,0x5f,0xff,0x38,0x29,0x58,0xff,0x92,0x72,0x59,0xff,0x92,0x6e,0x53,0xff,
    0x8d,0x6c,0x52,0xff,0x91,0x6f,0x55,0xff,0x96,0x71,0x56,0xff,0x70,0x4a,0x2d,0xff,
    0x75,0x49,0x29,0xff,0x6f,0x46,0x25,0xff,0x69,0x40,0x20,0xff,0x65,0x3c,0x1c,0xff,
    0x62,0x39,0x19,0xff,0x5f,0x37,0x16,0xff,0x5e,0x35,0x16,0xff,0x5d,0x34,0x14,0xff,
    0x5e,0x33,0x13,0xff,0x5b,0x32,0x12,0xff,0x5a,0x32,0x12,0xff,0x5b,0x31,0x11,0xff,
    0x59,0x30,0x10,0xff,0x55,0x31,0x10,0xff,0x58,0x30,0x10,0xff,0x57,0x31,0x10,0xff,
    0x56,0x32,0x10,0xff,0x58,0x31,0x11,0xff,0x58,0x30,0x13,0xff,0x56,0x30,0x13,0xff,
    0x57,0x30,0x12,0xff,0x54,0x30,0x12,0xff,0x57,0x30,0x12,0xff,0x56,0x30,0x12,0xff,
    0x55,0x2f,0x12,0xff,0x55,0x30,0x12,0xff,0x56,0x30,0x13,0xff,0x58,0x30,0x11,0xff,
    0x57,0x30,0x10,0xff,0x56,0x31,0x12,0xff,0x55,0x2f,0x11,0xff,0x58,0x2f,0x12,0xff,
    0x53,0x30,0x12,0xff,0x53,0x2f,0x11,0xff,0x54,0x2e,0x10,0xff,0x51,0x2f,0x11,0xff,
    0x53,0x2e,0x10,0xff,0x53,0x2e,0x10,0xff,0x50,0x2d,0x0f,0xff,0x52,0x2c,0x0f,0xff,
    0x50,0x2d,0x0f,0xff,0x51,0x2c,0x0e,0xff,0x52,0x2c,0x0e,0xff,0x50,0x2c,0x0e,0xff,
    0x4f,0x2b,0x0e,0xff,0x50,0x2b,0x0e,0xff,0x51,0x2c,0x0e,0xff,0x51,0x2b,0x0d,0xff,
    0x51,0x2c,0x0e,0xff,0x50,0x2c,0x0e,0xff,0x51,0x2c,0x0e,0xff,0x52,0x2b,0x0e,0xff,
    0x50,0x2d,0x0d,0xff,0x54,0x2d,0x0e,0xff,0x51,0x2c,0x0f,0xff,0x4f,0x2d,0x0f,0xff,
    0x51,0x2d,0x0f,0xff,0x50,0x2d,0x0f,0xff,0x51,0x2d,0x0f,0xff,0x54,0x2c,0x0f,0xff,
    0x50,0x2d,0x0e,0xff,0x53,0x2c,0x0f,0xff,0x54,0x2d,0x0f,0xff,0x52,0x2d,0x0f,0xff,
    0x51,0x2d,0x0f,0xff,0x53,0x2d,0x0f,0xff,0x53,0x2d,0x0e,0xff,0x54,0x2d,0x0f,0xff,
    0x53,0x2c,0x0f,0xff,0x52,0x2c,0x0f,0xff,0x54,0x2b,0x10,0xff,0x50,0x2c,0x0f,0xff,
    0x51,0x2c,0x0e,0xff,0x54,0x2c,0x0f,0xff,0x50,0x2c,0x0f,0xff,0x52,0x2e,0x10,0xff,
    0x54,0x2e,0x10,0xff,0x53,0x2e,0x10,0xff,0x56,0x2f,0x12,0xff,0x56,0x30,0x12,0xff,
    0x4f,0x2b,0x10,0xff,0x6f,0x4d,0x34,0xff,0x78,0x59,0x41,0xff,0x75,0x55,0x3f,0xff,
    0x74,0x54,0x3e,0xff,0x79,0x5c,0x43,0xff,0x3b,0x2a,0x3c,0xff,0x1a,0x16,0x54,0xff,
    0x1a,0x12,0x2f,0xff,0x36,0x26,0x1e,0xff,0x6d,0x66,0x59,0xff,0x6e,0x4f,0x35,0xff,
    0x00,0x00,0x00,0x00,0x00,0x00,0x00,0x00,0x00,0x00,0x00,0x00,0x00,0x00,0x00,0x00,
    0x00,0x00,0x00,0x00,0x00,0x00,0x00,0x00,0x00,0x00,0x00,0x00,0x00,0x00,0x00,0x00,
    0x00,0x00,0x00,0x00,0x00,0x00,0x00,0x00,0x00,0x00,0x00,0x00,0x00,0x00,0x00,0x00,
    0x00,0x00,0x00,0x00,0x00,0x00,0x00,0x00,0x00,0x00,0x00,0x00,0x00,0x00,0x00,0x00,
    0x00,0x00,0x00,0x00,0x00,0x00,0x00,0x00,0x00,0x00,0x00,0x00,0x00,0x00,0x00,0x00,
    0x00,0x00,0x00,0x00,0x00,0x00,0x00,0x00,0x00,0x00,0x00,0x00,0x00,0x00,0x00,0x00,
    0x00,0x00,0x00,0x00,0x00,0x00,0x00,0x00,0x73,0x6b,0x66,0xff,0x26,0x1c,0x22,0xff,
    0x12,0x12,0x61,0xff,0x21,0x16,0x65,0xff,0x73,0x59,0x51,0xff,0x9b,0x73,0x59,0xff,
    0x8e,0x6b,0x51,0xff,0x92,0x6c,0x53,0xff,0x94,0x71,0x58,0xff,0x70,0x4b,0x2e,0xff,
    0x70,0x48,0x28,0xff,0x70,0x45,0x25,0xff,0x6a,0x40,0x21,0xff,0x67,0x3d,0x1d,0xff,
    0x63,0x39,0x1a,0xff,0x61,0x37,0x17,0xff,0x5d,0x36,0x16,0xff,0x5d,0x34,0x14,0xff,
    0x5c,0x35,0x13,0xff,0x5e,0x33,0x13,0xff,0x59,0x32,0x12,0xff,0x58,0x31,0x11,0xff,
    0x59,0x30,0x10,0xff,0x58,0x31,0x11,0xff,0x59,0x31,0x11,0xff,0x58,0x30,0x10,0xff,
    0x58,0x30,0x10,0xff,0x56,0x30,0x11,0xff,0x57,0x30,0x13,0xff,0x55,0x30,0x13,0xff,
    0x56,0x30,0x13,0xff,0x57,0x30,0x12,0xff,0x56,0x30,0x12,0xff,0x58,0x31,0x13,0xff,
    0x56,0x30,0x12,0xff,0x56,0x30,0x12,0xff,0x55,0x30,0x12,0xff,0x57,0x31,0x12,0xff,
    0x57,0x30,0x12,0xff,0x57,0x30,0x11,0xff,0x53,0x2f,0x11,0xff,0x55,0x30,0x12,0xff,
    0x56,0x2f,0x12,0xff,0x54,0x2f,0x11,0xff,0x55,0x2e,0x11,0xff,0x54,0x2e,0x11,0xff,
    0x53,0x2e,0x10,0xff,0x53,0x2e,0x10,0xff,0x54,0x2e,0x10,0xff,0x51,0x2e,0x10,0xff,
    0x52,0x2d,0x0f,0xff,0x52,0x2d,0x0f,0xff,0x52,0x2c,0x0e,0xff,0x50,0x2c,0x0e,0xff,
    0x52,0x2b,0x0e,0xff,0x50,0x2c,0x0e,0xff,0x52,0x2b,0x0e,0xff,0x51,0x2b,0x0d,0xff,
    0x52,0x2b,0x0e,0xff,0x50,0x2c,0x0e,0xff,0x50,0x2c,0x0e,0xff,0x53,0x2c,0x0f,0xff,
    0x52,0x2c,0x0e,0xff,0x52,0x2c,0x0e,0xff,0x53,0x2d,0x0f,0xff,0x53,0x2d,0x0f,0xff,
    0x51,0x2d,0x0f,0xff,0x52,0x2d,0x0f,0xff,0x52,0x2d,0x0f,0xff,0x53,0x2d,0x0f,0xff,
    0x54,0x2d,0x10,0xff,0x53,0x2d,0x0f,0xff,0x54,0x2d,0x0f,0xff,0x53,0x2d,0x0f,0xff,
    0x52,0x2d,0x0f,0xff,0x52,0x2d,0x0f,0xff,0x53,0x2d,0x0e,0xff,0x55,0x2e,0x0f,0xff,
    0x53,0x2d,0x10,0xff,0x50,0x2d,0x0f,0xff,0x51,0x2b,0x0f,0xff,0x52,0x2c,0x10,0xff,
    0x51,0x2c,0x0e,0xff,0x54,0x2d,0x0f,0xff,0x53,0x2c,0x0f,0xff,0x53,0x2c,0x10,0xff,
    0x53,0x2d,0x11,0xff,0x54,0x2f,0x11,0xff,0x54,0x2f,0x12,0xff,0x57,0x30,0x12,0xff,
    0x50,0x2c,0x11,0xff,0x72,0x4f,0x37,0xff,0x78,0x56,0x40,0xff,0x76,0x54,0x3d,0xff,
    0x79,0x57,0x40,0xff,0x67,0x4e,0x3d,0xff,0x24,0x1e,0x4c,0xff,0x34,0x2d,0x86,0xff,
    0x11,0x0d,0x28,0xff,0x38,0x2d,0x26,0xff,0x73,0x68,0x5d,0xff,0x67,0x44,0x27,0xff,
    0x00,0x00,0x00,0x00,0x00,0x00,0x00,0x00,0x00,0x00,0x00,0x00,0x00,0x00,0x00,0x00,
    0x00,0x00,0x00,0x00,0x00,0x00,0x00,0x00,0x00,0x00,0x00,0x00,0x00,0x00,0x00,0x00,
    0x00,0x00,0x00,0x00,0x00,0x00,0x00,0x00,0x00,0x00,0x00,0x00,0x00,0x00,0x00,0x00,
    0x00,0x00,0x00,0x00,0x00,0x00,0x00,0x00,0x00,0x00,0x00,0x00,0x00,0x00,0x00,0x00,
    0x00,0x00,0x00,0x00,0x00,0x00,0x00,0x00,0x00,0x00,0x00,0x00,0x00,0x00,0x00,0x00,
    0x00,0x00,0x00,0x00,0x00,0x00,0x00,0x00,0x00,0x00,0x00,0x00,0x00,0x00,0x00,0x00,
    0x00,0x00,0x00,0x00,0x00,0x00,0x00,0x00,0x7d,0x70,0x6a,0xff,0x38,0x2a,0x32,0xff,
    0x15,0x10,0x59,0xff,0x38,0x2b,0x94,0xff,0x3e,0x2c,0x4c,0xff,0x95,0x76,0x5c,0xff,
    0x8d,0x6a,0x52,0xff,0x91,0x6b,0x53,0xff,0x94,0x71,0x58,0xff,0x72,0x4b,0x2e,0xff,
    0x6f,0x46,0x24,0xff,0x6f,0x45,0x25,0xff,0x69,0x40,0x21,0xff,0x66,0x3d,0x1d,0xff,
    0x62,0x39,0x19,0xff,0x62,0x37,0x17,0xff,0x5e,0x36,0x16,0xff,0x5c,0x34,0x14,0xff,
    0x59,0x34,0x13,0xff,0x5c,0x32,0x12,0xff,0x5b,0x31,0x12,0xff,0x59,0x31,0x11,0xff,
    0x57,0x31,0x11,0xff,0x59,0x31,0x11,0xff,0x58,0x31,0x11,0xff,0x59,0x30,0x11,0xff,
    0x5a,0x30,0x10,0xff,0x56,0x31,0x11,0xff,0x57,0x30,0x12,0xff,0x59,0x30,0x13,0xff,
    0x55,0x31,0x13,0xff,0x56,0x30,0x12,0xff,0x55,0x31,0x11,0xff,0x58,0x31,0x13,0xff,
    0x57,0x31,0x13,0xff,0x57,0x31,0x13,0xff,0x56,0x31,0x12,0xff,0x56,0x31,0x11,0xff,
    0x56,0x30,0x12,0xff,0x57,0x30,0x13,0xff,0x57,0x30,0x12,0xff,0x55,0x30,0x12,0xff,
    0x56,0x2f,0x12,0xff,0x56,0x2f,0x12,0xff,0x55,0x2f,0x11,0xff,0x57,0x2e,0x11,0xff,
    0x55,0x2e,0x11,0xff,0x51,0x2e,0x10,0xff,0x55,0x2d,0x10,0xff,0x51,0x2d,0x0f,0xff,
    0x50,0x2d,0x0f,0xff,0x4f,0x2d,0x0f,0xff,0x50,0x2c,0x0e,0xff,0x50,0x2b,0x0d,0xff,
    0x53,0x2b,0x0e,0xff,0x51,0x2c,0x0e,0xff,0x51,0x2b,0x0d,0xff,0x50,0x2c,0x0d,0xff,
    0x53,0x2c,0x0d,0xff,0x52,0x2c,0x0e,0xff,0x53,0x2c,0x0e,0xff,0x51,0x2c,0x0f,0xff,
    0x53,0x2c,0x0e,0xff,0x52,0x2c,0x0e,0xff,0x53,0x2c,0x0e,0xff,0x56,0x2c,0x0f,0xff,
    0x52,0x2d,0x0f,0xff,0x54,0x2d,0x0f,0xff,0x55,0x2c,0x0f,0xff,0x52,0x2d,0x0f,0xff,
    0x53,0x2d,0x10,0xff,0x52,0x2e,0x10,0xff,0x55,0x2e,0x11,0xff,0x55,0x2e,0x10,0xff,
    0x54,0x2d,0x10,0xff,0x52,0x2d,0x0f,0xff,0x52,0x2e,0x10,0xff,0x54,0x2d,0x11,0xff,
    0x54,0x2d,0x10,0xff,0x54,0x2d,0x0f,0xff,0x50,0x2d,0x0f,0xff,0x53,0x2c,0x10,0xff,
    0x52,0x2c,0x10,0xff,0x52,0x2d,0x0f,0xff,0x55,0x2c,0x0f,0xff,0x54,0x2d,0x10,0xff,
    0x52,0x2e,0x10,0xff,0x58,0x2f,0x12,0xff,0x56,0x30,0x12,0xff,0x55,0x30,0x12,0xff,
    0x51,0x2f,0x15,0xff,0x73,0x51,0x3a,0xff,0x74,0x53,0x3e,0xff,0x71,0x53,0x3d,0xff,
    0x7b,0x5d,0x44,0xff,0x3d,0x2f,0x31,0xff,0x25,0x21,0x66,0xff,0x38,0x30,0x90,0xff,
    0x0e,0x0b,0x24,0xff,0x40,0x35,0x2d,0xff,0x7a,0x6d,0x62,0xff,0x60,0x39,0x1b,0xff,
    0x00,0x00,0x00,0x00,0x00,0x00,0x00,0x00,0x00,0x00,0x00,0x00,0x00,0x00,0x00,0x00,
    0x00,0x00,0x00,0x00,0x00,0x00,0x00,0x00,0x00,0x00,0x00,0x00,0x00,0x00,0x00,0x00,
    0x00,0x00,0x00,0x00,0x00,0x00,0x00,0x00,0x00,0x00,0x00,0x00,0x00,0x00,0x00,0x00,
    0x00,0x00,0x00,0x00,0x00,0x00,0x00,0x00,0x00,0x00,0x00,0x00,0x00,0x00,0x00,0x00,
    0x00,0x00,0x00,0x00,0x00,0x00,0x00,0x00,0x00,0x00,0x00,0x00,0x00,0x00,0x00,0x00,
    0x00,0x00,0x00,0x00,0x00,0x00,0x00,0x00,0x00,0x00,0x00,0x00,0x00,0x00,0x00,0x00,
    0x00,0x00,0x00,0x00,0x00,0x00,0x00,0x00,0x83,0x71,0x69,0xff,0x40,0x36,0x3b,0xff,
    0x0d,0x0a,0x4e,0xff,0x50,0x46,0xb9,0xff,0x1e,0x15,0x5c,0xff,0x6d,0x57,0x52,0xff,
    0x96,0x74,0x5a,0xff,0x8c,0x67,0x50,0xff,0x94,0x72,0x56,0xff,0x74,0x4d,0x33,0xff,
    0x6d,0x41,0x22,0xff,0x6e,0x45,0x24,0xff,0x69,0x3f,0x20,0xff,0x65,0x3d,0x1d,0xff,
    0x62,0x39,0x19,0xff,0x61,0x37,0x18,0xff,0x5f,0x36,0x16,0xff,0x5e,0x34,0x14,0xff,
    0x5b,0x33,0x14,0xff,0x5b,0x33,0x13,0xff,0x59,0x32,0x11,0xff,0x59,0x31,0x11,0xff,
    0x58,0x31,0x11,0xff,0x59,0x31,0x11,0xff,0x58,0x31,0x11,0xff,0x58,0x31,0x11,0xff,
    0x5a,0x31,0x11,0xff,0x57,0x31,0x11,0xff,0x56,0x30,0x11,0xff,0x57,0x31,0x12,0xff,
    0x57,0x31,0x12,0xff,0x57,0x31,0x12,0xff,0x56,0x32,0x11,0xff,0x57,0x31,0x11,0xff,
    0x58,0x32,0x13,0xff,0x57,0x31,0x12,0xff,0x57,0x31,0x13,0xff,0x57,0x31,0x12,0xff,
    0x56,0x30,0x13,0xff,0x57,0x30,0x13,0xff,0x56,0x30,0x12,0xff,0x56,0x30,0x12,0xff,
    0x57,0x30,0x12,0xff,0x56,0x2f,0x12,0xff,0x53,0x30,0x12,0xff,0x55,0x2f,0x11,0xff,
    0x55,0x2f,0x11,0xff,0x53,0x2e,0x11,0xff,0x52,0x2e,0x10,0xff,0x51,0x2d,0x0f,0xff,
    0x51,0x2d,0x0f,0xff,0x51,0x2c,0x0e,0xff,0x4f,0x2c,0x0e,0xff,0x4f,0x2c,0x0e,0xff,
    0x52,0x2c,0x0e,0xff,0x52,0x2d,0x0e,0xff,0x4f,0x2d,0x0c,0xff,0x50,0x2d,0x0c,0xff,
    0x52,0x2d,0x0c,0xff,0x52,0x2c,0x0d,0xff,0x52,0x2c,0x0f,0xff,0x53,0x2c,0x0f,0xff,
    0x53,0x2c,0x0e,0xff,0x51,0x2d,0x0d,0xff,0x53,0x2d,0x0e,0xff,0x55,0x2d,0x0f,0xff,
    0x53,0x2d,0x0f,0xff,0x54,0x2d,0x10,0xff,0x53,0x2d,0x10,0xff,0x53,0x2e,0x0f,0xff,
    0x54,0x2e,0x10,0xff,0x53,0x2e,0x10,0xff,0x54,0x2e,0x10,0xff,0x55,0x2e,0x10,0xff,
    0x53,0x2d,0x10,0xff,0x52,0x2e,0x0f,0xff,0x53,0x2d,0x10,0xff,0x53,0x2d,0x11,0xff,
    0x55,0x2d,0x10,0xff,0x53,0x2c,0x10,0xff,0x52,0x2c,0x10,0xff,0x53,0x2c,0x10,0xff,
    0x52,0x2b,0x0f,0xff,0x4e,0x2b,0x0e,0xff,0x55,0x2c,0x10,0xff,0x53,0x2d,0x10,0xff,
    0x54,0x2e,0x10,0xff,0x56,0x2f,0x11,0xff,0x57,0x31,0x14,0xff,0x55,0x2e,0x12,0xff,
    0x55,0x32,0x19,0xff,0x72,0x52,0x3c,0xff,0x70,0x53,0x3d,0xff,0x74,0x55,0x40,0xff,
    0x70,0x54,0x45,0xff,0x12,0x09,0x26,0xff,0x42,0x3b,0x92,0xff,0x2d,0x27,0x8a,0xff,
    0x0f,0x09,0x22,0xff,0x47,0x3e,0x37,0xff,0x82,0x6d,0x60,0xff,0x5a,0x33,0x13,0xff,
    0x00,0x00,0x00,0x00,0x00,0x00,0x00,0x00,0x00,0x00,0x00,0x00,0x00,0x00,0x00,0x00,
    0x00,0x00,0x00,0x00,0x00,0x00,0x00,0x00,0x00,0x00,0x00,0x00,0x00,0x00,0x00,0x00,
    0x00,0x00,0x00,0x00,0x00,0x00,0x00,0x00,0x00,0x00,0x00,0x00,0x00,0x00,0x00,0x00,
    0x00,0x00,0x00,0x00,0x00,0x00,0x00,0x00,0x00,0x00,0x00,0x00,0x00,0x00,0x00,0x00,
    0x00,0x00,0x00,0x00,0x00,0x00,0x00,0x00,0x00,0x00,0x00,0x00,0x00,0x00,0x00,0x00,
    0x00,0x00,0x00,0x00,0x00,0x00,0x00,0x00,0x00,0x00,0x00,0x00,0x00,0x00,0x00,0x00,
    0x00,0x00,0x00,0x00,0x00,0x00,0x00,0x00,0x81,0x6e,0x60,0xff,0x48,0x45,0x49,0xff,
    0x02,0x01,0x42,0xff,0x60,0x57,0xc5,0xff,0x40,0x39,0x94,0xff,0x20,0x13,0x3f,0xff,
    0x91,0x70,0x61,0xff,0x8f,0x6c,0x52,0xff,0x93,0x6f,0x55,0xff,0x79,0x53,0x39,0xff,
    0x69,0x3f,0x20,0xff,0x71,0x47,0x26,0xff,0x69,0x40,0x20,0xff,0x67,0x3c,0x1d,0xff,
    0x62,0x3a,0x19,0xff,0x60,0x38,0x18,0xff,0x5e,0x36,0x16,0xff,0x5c,0x35,0x15,0xff,
    0x5e,0x33,0x14,0xff,0x5a,0x32,0x12,0xff,0x58,0x33,0x12,0xff,0x58,0x32,0x12,0xff,
    0x59,0x32,0x11,0xff,0x5b,0x32,0x11,0xff,0x58,0x31,0x12,0xff,0x56,0x32,0x11,0xff,
    0x56,0x32,0x11,0xff,0x58,0x30,0x10,0xff,0x57,0x31,0x12,0xff,0x55,0x31,0x12,0xff,
    0x58,0x30,0x11,0xff,0x56,0x31,0x11,0xff,0x57,0x31,0x11,0xff,0x57,0x31,0x13,0xff,
    0x56,0x32,0x11,0xff,0x56,0x32,0x11,0xff,0x56,0x31,0x13,0xff,0x57,0x31,0x13,0xff,
    0x58,0x31,0x13,0xff,0x55,0x30,0x12,0xff,0x55,0x30,0x12,0xff,0x56,0x30,0x13,0xff,
    0x57,0x30,0x12,0xff,0x56,0x30,0x12,0xff,0x54,0x30,0x12,0xff,0x50,0x2f,0x10,0xff,
    0x53,0x2f,0x10,0xff,0x55,0x2d,0x10,0xff,0x50,0x2e,0x10,0xff,0x53,0x2d,0x10,0xff,
    0x52,0x2d,0x0f,0xff,0x51,0x2d,0x0f,0xff,0x51,0x2c,0x0e,0xff,0x4e,0x2c,0x0e,0xff,
    0x50,0x2c,0x0e,0xff,0x51,0x2b,0x0e,0xff,0x50,0x2c,0x0e,0xff,0x53,0x2b,0x0e,0xff,
    0x52,0x2b,0x0e,0xff,0x50,0x2b,0x0e,0xff,0x51,0x2c,0x0e,0xff,0x54,0x2d,0x0f,0xff,
    0x53,0x2d,0x0e,0xff,0x52,0x2d,0x0e,0xff,0x51,0x2e,0x0e,0xff,0x51,0x2d,0x0f,0xff,
    0x55,0x2d,0x10,0xff,0x53,0x2d,0x10,0xff,0x53,0x2e,0x10,0xff,0x56,0x2e,0x10,0xff,
    0x53,0x2e,0x10,0xff,0x55,0x2e,0x10,0xff,0x54,0x2e,0x10,0xff,0x52,0x2e,0x10,0xff,
    0x52,0x2e,0x10,0xff,0x52,0x2e,0x11,0xff,0x53,0x2d,0x10,0xff,0x55,0x2e,0x10,0xff,
    0x51,0x2d,0x0f,0xff,0x51,0x2d,0x10,0xff,0x53,0x2c,0x10,0xff,0x53,0x2b,0x0f,0xff,
    0x52,0x2b,0x0f,0xff,0x50,0x2c,0x0f,0xff,0x51,0x2c,0x0f,0xff,0x54,0x2d,0x10,0xff,
    0x55,0x2d,0x10,0xff,0x53,0x30,0x12,0xff,0x59,0x32,0x15,0xff,0x53,0x2e,0x11,0xff,
    0x58,0x37,0x1f,0xff,0x74,0x53,0x3f,0xff,0x6f,0x51,0x3e,0xff,0x7b,0x5e,0x4d,0xff,
    0x36,0x28,0x29,0xff,0x10,0x0b,0x3a,0xff,0x6c,0x61,0xbc,0xff,0x1f,0x14,0x78,0xff,
    0x0e,0x0c,0x20,0xff,0x57,0x4e,0x48,0xff,0x84,0x6c,0x5b,0xff,0x00,0x00,0x00,0x00,
    0x00,0x00,0x00,0x00,0x00,0x00,0x00,0x00,0x00,0x00,0x00,0x00,0x00,0x00,0x00,0x00,
    0x00,0x00,0x00,0x00,0x00,0x00,0x00,0x00,0x00,0x00,0x00,0x00,0x00,0x00,0x00,0x00,
    0x00,0x00,0x00,0x00,0x00,0x00,0x00,0x00,0x00,0x00,0x00,0x00,0x00,0x00,0x00,0x00,
    0x00,0x00,0x00,0x00,0x00,0x00,0x00,0x00,0x00,0x00,0x00,0x00,0x00,0x00,0x00,0x00,
    0x00,0x00,0x00,0x00,0x00,0x00,0x00,0x00,0x00,0x00,0x00,0x00,0x00,0x00,0x00,0x00,
    0x00,0x00,0x00,0x00,0x00,0x00,0x00,0x00,0x00,0x00,0x00,0x00,0x00,0x00,0x00,0x00,
    0x00,0x00,0x00,0x00,0x00,0x00,0x00,0x00,0x00,0x00,0x00,0x00,0x68,0x60,0x63,0xff,
    0x00,0x00,0x31,0xff,0x58,0x4d,0xbc,0xff,0x94,0x8a,0xd1,0xff,0x03,0x00,0x4a,0xff,
    0x35,0x2b,0x3d,0xff,0x97,0x73,0x59,0xff,0x93,0x6d,0x52,0xff,0x7f,0x5a,0x3e,0xff,
    0x66,0x3e,0x1e,0xff,0x73,0x48,0x26,0xff,0x69,0x40,0x20,0xff,0x66,0x3e,0x1d,0xff,
    0x65,0x3a,0x1a,0xff,0x63,0x38,0x18,0xff,0x5e,0x37,0x17,0xff,0x60,0x34,0x16,0xff,
    0x5d,0x34,0x14,0xff,0x5d,0x33,0x13,0xff,0x5d,0x32,0x12,0xff,0x59,0x32,0x12,0xff,
    0x57,0x32,0x12,0xff,0x57,0x32,0x12,0xff,0x58,0x31,0x11,0xff,0x5a,0x31,0x11,0xff,
    0x55,0x31,0x11,0xff,0x56,0x30,0x10,0xff,0x56,0x31,0x13,0xff,0x53,0x31,0x13,0xff,
    0x57,0x31,0x13,0xff,0x57,0x31,0x11,0xff,0x56,0x31,0x11,0xff,0x57,0x30,0x13,0xff,
    0x59,0x31,0x12,0xff,0x57,0x31,0x12,0xff,0x59,0x31,0x13,0xff,0x58,0x30,0x13,0xff,
    0x56,0x31,0x13,0xff,0x58,0x30,0x13,0xff,0x58,0x30,0x12,0xff,0x56,0x30,0x12,0xff,
    0x54,0x30,0x12,0xff,0x55,0x30,0x12,0xff,0x56,0x2f,0x12,0xff,0x55,0x2f,0x11,0xff,
    0x50,0x2f,0x11,0xff,0x53,0x2e,0x10,0xff,0x4f,0x2e,0x10,0xff,0x50,0x2e,0x10,0xff,
    0x51,0x2d,0x0f,0xff,0x50,0x2d,0x0f,0xff,0x51,0x2d,0x0f,0xff,0x52,0x2c,0x0e,0xff,
    0x53,0x2c,0x0e,0xff,0x52,0x2a,0x0f,0xff,0x54,0x2b,0x0e,0xff,0x52,0x2c,0x0e,0xff,
    0x52,0x2b,0x0e,0xff,0x54,0x2c,0x0f,0xff,0x53,0x2d,0x0f,0xff,0x52,0x2d,0x0f,0xff,
    0x51,0x2d,0x0f,0xff,0x53,0x2d,0x0f,0xff,0x55,0x2c,0x0f,0xff,0x52,0x2d,0x0f,0xff,
    0x54,0x2e,0x10,0xff,0x54,0x2f,0x11,0xff,0x51,0x2f,0x10,0xff,0x55,0x2e,0x11,0xff,
    0x54,0x2f,0x11,0xff,0x54,0x2f,0x11,0xff,0x55,0x2e,0x11,0xff,0x57,0x2e,0x11,0xff,
    0x53,0x2e,0x0f,0xff,0x54,0x2d,0x10,0xff,0x55,0x2d,0x10,0xff,0x54,0x2e,0x10,0xff,
    0x55,0x2d,0x0f,0xff,0x53,0x2c,0x0f,0xff,0x53,0x2c,0x10,0xff,0x50,0x2c,0x10,0xff,
    0x51,0x2b,0x0f,0xff,0x52,0x2b,0x10,0xff,0x53,0x2c,0x10,0xff,0x51,0x2d,0x11,0xff,
    0x55,0x2f,0x11,0xff,0x54,0x31,0x13,0xff,0x59,0x32,0x17,0xff,0x50,0x2d,0x11,0xff,
    0x5d,0x3c,0x27,0xff,0x70,0x52,0x3d,0xff,0x7e,0x5b,0x4c,0xff,0x59,0x44,0x40,0xff,
    0x01,0x01,0x12,0xff,0x4d,0x44,0x7e,0xff,0x75,0x71,0xcb,0xff,0x0d,0x04,0x66,0xff,
    0x15,0x12,0x21,0xff,0x69,0x5f,0x59,0xff,0x77,0x5a,0x44,0xff,0x00,0x00,0x00,0x00,
    0x00,0x00,0x00,0x00,0x00,0x00,0x00,0x00,0x00,0x00,0x00,0x00,0x00,0x00,0x00,0x00,
    0x00,0x00,0x00,0x00,0x00,0x00,0x00,0x00,0x00,0x00,0x00,0x00,0x00,0x00,0x00,0x00,
    0x00,0x00,0x00,0x00,0x00,0x00,0x00,0x00,0x00,0x00,0x00,0x00,0x00,0x00,0x00,0x00,
    0x00,0x00,0x00,0x00,0x00,0x00,0x00,0x00,0x00,0x00,0x00,0x00,0x00,0x00,0x00,0x00,
    0x00,0x00,0x00,0x00,0x00,0x00,0x00,0x00,0x00,0x00,0x00,0x00,0x00,0x00,0x00,0x00,
    0x00,0x00,0x00,0x00,0x00,0x00,0x00,0x00,0x00,0x00,0x00,0x00,0x00,0x00,0x00,0x00,
    0x00,0x00,0x00,0x00,0x00,0x00,0x00,0x00,0x00,0x00,0x00,0x00,0x76,0x6c,0x68,0xff,
    0x0e,0x0c,0x34,0xff,0x25,0x1f,0x94,0xff,0xb9,0xb2,0xf8,0xff,0x36,0x2c,0x79,0xff,
    0x00,0x00,0x30,0xff,0x45,0x31,0x38,0xff,0x9b,0x73,0x57,0xff,0x89,0x61,0x45,0xff,
    0x69,0x3e,0x20,0xff,0x74,0x48,0x28,0xff,0x6d,0x41,0x21,0xff,0x66,0x3e,0x1f,0xff,
    0x64,0x3b,0x1b,0xff,0x64,0x38,0x19,0xff,0x5d,0x38,0x18,0xff,0x5d,0x36,0x16,0xff,
    0x5d,0x34,0x15,0xff,0x59,0x34,0x13,0xff,0x5a,0x32,0x12,0xff,0x5a,0x31,0x12,0xff,
    0x5b,0x31,0x12,0xff,0x58,0x31,0x14,0xff,0x57,0x31,0x14,0xff,0x56,0x31,0x13,0xff,
    0x58,0x30,0x12,0xff,0x56,0x30,0x12,0xff,0x55,0x30,0x12,0xff,0x57,0x30,0x13,0xff,
    0x57,0x31,0x13,0xff,0x58,0x31,0x13,0xff,0x57,0x31,0x11,0xff,0x54,0x31,0x13,0xff,
    0x5a,0x31,0x14,0xff,0x56,0x31,0x13,0xff,0x55,0x32,0x13,0xff,0x59,0x30,0x13,0xff,
    0x55,0x31,0x13,0xff,0x56,0x31,0x13,0xff,0x56,0x31,0x13,0xff,0x58,0x2f,0x13,0xff,
    0x56,0x30,0x13,0xff,0x56,0x30,0x12,0xff,0x53,0x30,0x12,0xff,0x55,0x2f,0x11,0xff,
    0x54,0x2f,0x11,0xff,0x52,0x2e,0x10,0xff,0x52,0x2e,0x10,0xff,0x52,0x2d,0x0f,0xff,
    0x50,0x2d,0x0e,0xff,0x52,0x2c,0x0e,0xff,0x4e,0x2d,0x0e,0xff,0x4f,0x2c,0x0e,0xff,
    0x53,0x2c,0x0e,0xff,0x50,0x2c,0x0f,0xff,0x53,0x2c,0x0f,0xff,0x53,0x2c,0x0e,0xff,
    0x50,0x2d,0x0e,0xff,0x52,0x2c,0x0f,0xff,0x52,0x2d,0x0f,0xff,0x54,0x2c,0x0f,0xff,
    0x54,0x2d,0x0f,0xff,0x52,0x2d,0x0f,0xff,0x52,0x2e,0x10,0xff,0x54,0x2d,0x0f,0xff,
    0x54,0x2e,0x10,0xff,0x55,0x2f,0x11,0xff,0x54,0x2d,0x10,0xff,0x55,0x2e,0x11,0xff,
    0x56,0x30,0x12,0xff,0x55,0x2f,0x12,0xff,0x53,0x2f,0x11,0xff,0x57,0x2e,0x11,0xff,
    0x53,0x2e,0x11,0xff,0x51,0x2d,0x10,0xff,0x55,0x2c,0x11,0xff,0x51,0x2d,0x10,0xff,
    0x53,0x2d,0x10,0xff,0x52,0x2c,0x10,0xff,0x54,0x2b,0x10,0xff,0x53,0x2c,0x0f,0xff,
    0x51,0x2b,0x0e,0xff,0x4f,0x2c,0x10,0xff,0x54,0x2c,0x10,0xff,0x54,0x2d,0x11,0xff,
    0x55,0x2f,0x12,0xff,0x58,0x31,0x14,0xff,0x5d,0x36,0x1c,0xff,0x51,0x2e,0x15,0xff,
    0x63,0x40,0x2e,0xff,0x7a,0x5b,0x4a,0xff,0x61,0x4e,0x45,0xff,0x15,0x0b,0x19,0xff,
    0x09,0x04,0x33,0xff,0x8f,0x86,0xc6,0xff,0x54,0x48,0xb2,0xff,0x08,0x00,0x58,0xff,
    0x1f,0x1a,0x20,0xff,0x7f,0x72,0x6d,0xff,0x71,0x4f,0x35,0xff,0x00,0x00,0x00,0x00,
    0x00,0x00,0x00,0x00,0x00,0x00,0x00,0x00,0x00,0x00,0x00,0x00,0x00,0x00,0x00,0x00,
    0x00,0x00,0x00,0x00,0x00,0x00,0x00,0x00,0x00,0x00,0x00,0x00,0x00,0x00,0x00,0x00,
    0x00,0x00,0x00,0x00,0x00,0x00,0x00,0x00,0x00,0x00,0x00,0x00,0x00,0x00,0x00,0x00,
    0x00,0x00,0x00,0x00,0x00,0x00,0x00,0x00,0x00,0x00,0x00,0x00,0x00,0x00,0x00,0x00,
    0x00,0x00,0x00,0x00,0x00,0x00,0x00,0x00,0x00,0x00,0x00,0x00,0x00,0x00,0x00,0x00,
    0x00,0x00,0x00,0x00,0x00,0x00,0x00,0x00,0x00,0x00,0x00,0x00,0x00,0x00,0x00,0x00,
    0x00,0x00,0x00,0x00,0x00,0x00,0x00,0x00,0x00,0x00,0x00,0x00,0x86,0x7d,0x76,0xff,
    0x22,0x1e,0x39,0xff,0x05,0x01,0x73,0xff,0x93,0x8f,0xe4,0xff,0x82,0x79,0xbd,0xff,
    0x01,0x00,0x3a,0xff,0x0d,0x08,0x30,0xff,0x47,0x32,0x2e,0xff,0x97,0x6f,0x56,0xff,
    0x7d,0x4c,0x2e,0xff,0x78,0x4b,0x2b,0xff,0x6b,0x41,0x21,0xff,0x67,0x3e,0x1e,0xff,
    0x66,0x3c,0x1b,0xff,0x66,0x39,0x1a,0xff,0x61,0x38,0x18,0xff,0x5d,0x37,0x16,0xff,
    0x5d,0x35,0x15,0xff,0x5d,0x33,0x14,0xff,0x59,0x32,0x13,0xff,0x59,0x31,0x14,0xff,
    0x57,0x32,0x14,0xff,0x57,0x31,0x13,0xff,0x58,0x30,0x13,0xff,0x57,0x31,0x13,0xff,
    0x56,0x31,0x13,0xff,0x57,0x31,0x13,0xff,0x55,0x30,0x12,0xff,0x57,0x30,0x13,0xff,
    0x59,0x30,0x13,0xff,0x56,0x31,0x13,0xff,0x57,0x31,0x13,0xff,0x56,0x30,0x13,0xff,
    0x58,0x31,0x13,0xff,0x58,0x32,0x14,0xff,0x56,0x32,0x14,0xff,0x56,0x31,0x13,0xff,
    0x58,0x31,0x13,0xff,0x56,0x31,0x14,0xff,0x56,0x31,0x13,0xff,0x55,0x30,0x12,0xff,
    0x57,0x30,0x13,0xff,0x56,0x30,0x12,0xff,0x56,0x2f,0x11,0xff,0x52,0x2f,0x11,0xff,
    0x55,0x2e,0x10,0xff,0x53,0x2d,0x10,0xff,0x51,0x2d,0x10,0xff,0x53,0x2d,0x0f,0xff,
    0x51,0x2c,0x0f,0xff,0x4f,0x2c,0x0d,0xff,0x50,0x2c,0x0f,0xff,0x50,0x2c,0x0f,0xff,
    0x53,0x2c,0x0e,0xff,0x52,0x2c,0x0f,0xff,0x51,0x2d,0x0e,0xff,0x53,0x2d,0x0e,0xff,
    0x53,0x2c,0x0e,0xff,0x51,0x2c,0x0e,0xff,0x51,0x2d,0x0f,0xff,0x51,0x2d,0x0f,0xff,
    0x54,0x2c,0x0f,0xff,0x56,0x2d,0x0f,0xff,0x53,0x2e,0x10,0xff,0x53,0x2e,0x10,0xff,
    0x54,0x2e,0x10,0xff,0x54,0x2e,0x10,0xff,0x55,0x2f,0x11,0xff,0x58,0x2e,0x12,0xff,
    0x54,0x2f,0x11,0xff,0x54,0x2f,0x11,0xff,0x54,0x2f,0x11,0xff,0x55,0x2e,0x10,0xff,
    0x53,0x2e,0x10,0xff,0x50,0x2e,0x10,0xff,0x50,0x2d,0x10,0xff,0x54,0x2c,0x11,0xff,
    0x53,0x2d,0x10,0xff,0x52,0x2c,0x10,0xff,0x50,0x2c,0x0f,0xff,0x54,0x2c,0x10,0xff,
    0x53,0x2c,0x10,0xff,0x53,0x2c,0x10,0xff,0x52,0x2c,0x10,0xff,0x56,0x2e,0x11,0xff,
    0x55,0x2f,0x12,0xff,0x57,0x33,0x17,0xff,0x61,0x3a,0x1e,0xff,0x57,0x33,0x1b,0xff,
    0x74,0x53,0x41,0xff,0x5f,0x49,0x41,0xff,0x1a,0x0f,0x19,0xff,0x03,0x00,0x1e,0xff,
    0x3e,0x35,0x77,0xff,0xaa,0xa7,0xe8,0xff,0x26,0x1a,0x8e,0xff,0x0b,0x05,0x4a,0xff,
    0x34,0x2b,0x2a,0xff,0x8d,0x7e,0x76,0xff,0x61,0x3b,0x1e,0xff,0x00,0x00,0x00,0x00,
    0x00,0x00,0x00,0x00,0x00,0x00,0x00,0x00,0x00,0x00,0x00,0x00,0x00,0x00,0x00,0x00,
    0x00,0x00,0x00,0x00,0x00,0x00,0x00,0x00,0x00,0x00,0x00,0x00,0x00,0x00,0x00,0x00,
    0x00,0x00,0x00,0x00,0x00,0x00,0x00,0x00,0x00,0x00,0x00,0x00,0x00,0x00,0x00,0x00,
    0x00,0x00,0x00,0x00,0x00,0x00,0x00,0x00,0x00,0x00,0x00,0x00,0x00,0x00,0x00,0x00,
    0x00,0x00,0x00,0x00,0x00,0x00,0x00,0x00,0x00,0x00,0x00,0x00,0x00,0x00,0x00,0x00,
    0x00,0x00,0x00,0x00,0x00,0x00,0x00,0x00,0x00,0x00,0x00,0x00,0x00,0x00,0x00,0x00,
    0x00,0x00,0x00,0x00,0x00,0x00,0x00,0x00,0x00,0x00,0x00,0x00,0x8e,0x7f,0x73,0xff,
    0x38,0x37,0x43,0xff,0x01,0x00,0x5c,0xff,0x43,0x3e,0xb3,0xff,0xba,0xb4,0xf3,0xff,
    0x33,0x28,0x7c,0xff,0x08,0x0b,0x2c,0xff,0x14,0x09,0x2a,0xff,0x34,0x25,0x26,0xff,
    0x6a,0x48,0x31,0xff,0x91,0x64,0x45,0xff,0x7a,0x55,0x33,0xff,0x69,0x41,0x20,0xff,
    0x63,0x3b,0x1b,0xff,0x62,0x3a,0x1a,0xff,0x61,0x38,0x19,0xff,0x63,0x36,0x17,0xff,
    0x5b,0x35,0x15,0xff,0x5a,0x34,0x13,0xff,0x5a,0x32,0x14,0xff,0x5a,0x31,0x14,0xff,
    0x57,0x32,0x14,0xff,0x55,0x31,0x13,0xff,0x56,0x31,0x13,0xff,0x57,0x31,0x13,0xff,
    0x57,0x31,0x13,0xff,0x57,0x31,0x13,0xff,0x52,0x30,0x12,0xff,0x53,0x31,0x13,0xff,
    0x57,0x31,0x13,0xff,0x57,0x31,0x13,0xff,0x57,0x31,0x13,0xff,0x56,0x31,0x12,0xff,
    0x54,0x31,0x12,0xff,0x57,0x30,0x12,0xff,0x58,0x30,0x13,0xff,0x56,0x30,0x13,0xff,
    0x53,0x31,0x12,0xff,0x56,0x31,0x13,0xff,0x58,0x30,0x13,0xff,0x56,0x30,0x12,0xff,
    0x55,0x30,0x12,0xff,0x53,0x30,0x12,0xff,0x55,0x2f,0x11,0xff,0x53,0x2e,0x10,0xff,
    0x53,0x2e,0x11,0xff,0x52,0x2e,0x11,0xff,0x4e,0x2e,0x11,0xff,0x50,0x2d,0x11,0xff,
    0x51,0x2b,0x10,0xff,0x4f,0x2c,0x0e,0xff,0x51,0x2b,0x10,0xff,0x4f,0x2c,0x0f,0xff,
    0x52,0x2c,0x10,0xff,0x53,0x2b,0x10,0xff,0x55,0x2d,0x0e,0xff,0x50,0x2d,0x0e,0xff,
    0x53,0x2d,0x0f,0xff,0x54,0x2c,0x0f,0xff,0x52,0x2c,0x0e,0xff,0x50,0x2d,0x0f,0xff,
    0x51,0x2d,0x0f,0xff,0x52,0x2e,0x0f,0xff,0x54,0x2e,0x10,0xff,0x53,0x2e,0x10,0xff,
    0x54,0x2e,0x10,0xff,0x50,0x2e,0x10,0xff,0x51,0x2f,0x11,0xff,0x55,0x2e,0x11,0xff,
    0x52,0x2e,0x10,0xff,0x52,0x2e,0x10,0xff,0x52,0x2e,0x10,0xff,0x50,0x2f,0x10,0xff,
    0x54,0x2e,0x10,0xff,0x55,0x2e,0x10,0xff,0x52,0x2d,0x10,0xff,0x50,0x2d,0x11,0xff,
    0x53,0x2c,0x10,0xff,0x53,0x2c,0x0f,0xff,0x51,0x2d,0x0f,0xff,0x51,0x2d,0x0f,0xff,
    0x4f,0x2d,0x10,0xff,0x51,0x2d,0x11,0xff,0x54,0x2e,0x12,0xff,0x54,0x2e,0x13,0xff,
    0x55,0x31,0x13,0xff,0x5a,0x3b,0x1d,0xff,0x65,0x43,0x25,0xff,0x57,0x39,0x24,0xff,
    0x45,0x32,0x2c,0xff,0x13,0x09,0x11,0xff,0x0a,0x07,0x1c,0xff,0x08,0x01,0x3e,0xff,
    0x9c,0x93,0xd0,0xff,0x7e,0x70,0xc7,0xff,0x0d,0x01,0x7a,0xff,0x12,0x09,0x31,0xff,
    0x54,0x47,0x43,0xff,0x8e,0x7d,0x6e,0xff,0x00,0x00,0x00,0x00,0x00,0x00,0x00,0x00,
    0x00,0x00,0x00,0x00,0x00,0x00,0x00,0x00,0x00,0x00,0x00,0x00,0x00,0x00,0x00,0x00,
    0x00,0x00,0x00,0x00,0x00,0x00,0x00,0x00,0x00,0x00,0x00,0x00,0x00,0x00,0x00,0x00,
    0x00,0x00,0x00,0x00,0x00,0x00,0x00,0x00,0x00,0x00,0x00,0x00,0x00,0x00,0x00,0x00,
    0x00,0x00,0x00,0x00,0x00,0x00,0x00,0x00,0x00,0x00,0x00,0x00,0x00,0x00,0x00,0x00,
    0x00,0x00,0x00,0x00,0x00,0x00,0x00,0x00,0x00,0x00,0x00,0x00,0x00,0x00,0x00,0x00,
    0x00,0x00,0x00,0x00,0x00,0x00,0x00,0x00,0x00,0x00,0x00,0x00,0x00,0x00,0x00,0x00,
    0x00,0x00,0x00,0x00,0x00,0x00,0x00,0x00,0x00,0x00,0x00,0x00,0x84,0x6c,0x59,0xff,
    0x63,0x60,0x63,0xff,0x08,0x05,0x40,0xff,0x0e,0x05,0x8d,0xff,0x8f,0x91,0xd7,0xff,
    0x9b,0x9b,0xde,0xff,0x1b,0x12,0x65,0xff,0x17,0x11,0x32,0xff,0x14,0x0a,0x27,0xff,
    0x14,0x05,0x0b,0xff,0x53,0x36,0x23,0xff,0x8e,0x69,0x4b,0xff,0x92,0x65,0x48,0xff,
    0x75,0x4b,0x2e,0xff,0x61,0x3b,0x19,0xff,0x5c,0x37,0x15,0xff,0x5e,0x36,0x16,0xff,
    0x60,0x35,0x15,0xff,0x5d,0x34,0x15,0xff,0x59,0x33,0x15,0xff,0x57,0x32,0x14,0xff,
    0x58,0x32,0x14,0xff,0x58,0x31,0x14,0xff,0x58,0x31,0x14,0xff,0x56,0x31,0x13,0xff,
    0x56,0x31,0x13,0xff,0x59,0x30,0x13,0xff,0x56,0x30,0x13,0xff,0x57,0x31,0x14,0xff,
    0x57,0x32,0x14,0xff,0x57,0x32,0x14,0xff,0x56,0x32,0x14,0xff,0x58,0x30,0x13,0xff,
    0x57,0x30,0x13,0xff,0x56,0x31,0x13,0xff,0x53,0x31,0x13,0xff,0x57,0x30,0x13,0xff,
    0x58,0x30,0x13,0xff,0x57,0x31,0x13,0xff,0x54,0x30,0x12,0xff,0x55,0x2f,0x11,0xff,
    0x53,0x2f,0x11,0xff,0x54,0x2f,0x11,0xff,0x53,0x2e,0x10,0xff,0x4f,0x2e,0x0f,0xff,
    0x52,0x2e,0x11,0xff,0x55,0x2d,0x11,0xff,0x52,0x2d,0x10,0xff,0x51,0x2c,0x10,0xff,
    0x51,0x2c,0x10,0xff,0x4f,0x2d,0x0f,0xff,0x52,0x2c,0x10,0xff,0x53,0x2b,0x0f,0xff,
    0x53,0x2c,0x0f,0xff,0x4f,0x2d,0x0f,0xff,0x52,0x2d,0x0f,0xff,0x55,0x2c,0x0f,0xff,
    0x54,0x2c,0x0f,0xff,0x52,0x2c,0x10,0xff,0x52,0x2c,0x0f,0xff,0x50,0x2c,0x0e,0xff,
    0x51,0x2d,0x0f,0xff,0x52,0x2c,0x0e,0xff,0x52,0x2e,0x0f,0xff,0x52,0x2e,0x10,0xff,
    0x56,0x2c,0x11,0xff,0x54,0x2d,0x11,0xff,0x54,0x2e,0x10,0xff,0x52,0x2e,0x0f,0xff,
    0x51,0x2e,0x10,0xff,0x51,0x2e,0x10,0xff,0x53,0x2d,0x0f,0xff,0x53,0x2d,0x10,0xff,
    0x51,0x2d,0x0f,0xff,0x50,0x2e,0x10,0xff,0x53,0x2d,0x10,0xff,0x53,0x2d,0x10,0xff,
    0x52,0x2c,0x10,0xff,0x52,0x2d,0x11,0xff,0x52,0x2d,0x10,0xff,0x53,0x2d,0x10,0xff,
    0x54,0x2d,0x10,0xff,0x52,0x2d,0x10,0xff,0x51,0x2e,0x12,0xff,0x5a,0x35,0x17,0xff,
    0x67,0x3f,0x24,0xff,0x68,0x45,0x2d,0xff,0x52,0x35,0x22,0xff,0x1e,0x0d,0x09,0xff,
    0x0b,0x04,0x0e,0xff,0x0e,0x07,0x18,0xff,0x02,0x00,0x2c,0xff,0x74,0x66,0xb2,0xff,
    0xb1,0xaf,0xea,0xff,0x21,0x18,0x8c,0xff,0x12,0x07,0x68,0xff,0x14,0x12,0x1f,0xff,
    0x6f,0x66,0x66,0xff,0x7a,0x60,0x4b,0xff,0x00,0x00,0x00,0x00,0x00,0x00,0x00,0x00,
    0x00,0x00,0x00,0x00,0x00,0x00,0x00,0x00,0x00,0x00,0x00,0x00,0x00,0x00,0x00,0x00,
    0x00,0x00,0x00,0x00,0x00,0x00,0x00,0x00,0x00,0x00,0x00,0x00,0x00,0x00,0x00,0x00,
    0x00,0x00,0x00,0x00,0x00,0x00,0x00,0x00,0x00,0x00,0x00,0x00,0x00,0x00,0x00,0x00,
    0x00,0x00,0x00,0x00,0x00,0x00,0x00,0x00,0x00,0x00,0x00,0x00,0x00,0x00,0x00,0x00,
    0x00,0x00,0x00,0x00,0x00,0x00,0x00,0x00,0x00,0x00,0x00,0x00,0x00,0x00,0x00,0x00,
    0x00,0x00,0x00,0x00,0x00,0x00,0x00,0x00,0x00,0x00,0x00,0x00,0x00,0x00,0x00,0x00,
    0x00,0x00,0x00,0x00,0x00,0x00,0x00,0x00,0x00,0x00,0x00,0x00,0x73,0x54,0x3c,0xff,
    0x83,0x7f,0x7d,0xff,0x26,0x22,0x3a,0xff,0x07,0x02,0x70,0xff,0x28,0x1e,0x9a,0xff,
    0xb3,0xb7,0xeb,0xff,0x84,0x8b,0xc8,0xff,0x1e,0x1e,0x5a,0xff,0x1b,0x11,0x2d,0xff,
    0x19,0x0c,0x21,0xff,0x12,0x02,0x06,0xff,0x28,0x12,0x0d,0xff,0x60,0x3e,0x2e,0xff,
    0x81,0x5d,0x44,0xff,0x7d,0x5a,0x3e,0xff,0x71,0x47,0x2c,0xff,0x5f,0x3a,0x1b,0xff,
    0x5b,0x34,0x13,0xff,0x5d,0x32,0x13,0xff,0x55,0x33,0x12,0xff,0x58,0x31,0x14,0xff,
    0x59,0x30,0x13,0xff,0x55,0x30,0x13,0xff,0x57,0x31,0x13,0xff,0x56,0x31,0x13,0xff,
    0x54,0x31,0x13,0xff,0x57,0x31,0x13,0xff,0x56,0x30,0x14,0xff,0x56,0x31,0x13,0xff,
    0x54,0x32,0x13,0xff,0x58,0x30,0x13,0xff,0x55,0x30,0x13,0xff,0x54,0x31,0x13,0xff,
    0x58,0x31,0x13,0xff,0x56,0x31,0x13,0xff,0x55,0x31,0x13,0xff,0x54,0x30,0x12,0xff,
    0x57,0x2f,0x12,0xff,0x56,0x2f,0x12,0xff,0x52,0x30,0x11,0xff,0x55,0x2f,0x11,0xff,
    0x53,0x2e,0x10,0xff,0x52,0x2e,0x10,0xff,0x52,0x2e,0x10,0xff,0x51,0x2f,0x10,0xff,
    0x52,0x2e,0x10,0xff,0x53,0x2e,0x10,0xff,0x51,0x2c,0x0f,0xff,0x50,0x2c,0x0f,0xff,
    0x4f,0x2c,0x0f,0xff,0x53,0x2b,0x10,0xff,0x50,0x2c,0x10,0xff,0x50,0x2c,0x0e,0xff,
    0x51,0x2d,0x0f,0xff,0x50,0x2c,0x0e,0xff,0x51,0x2c,0x0f,0xff,0x52,0x2d,0x0f,0xff,
    0x55,0x2c,0x0f,0xff,0x51,0x2e,0x0f,0xff,0x53,0x2d,0x10,0xff,0x53,0x2d,0x0f,0xff,
    0x4f,0x2d,0x0e,0xff,0x51,0x2d,0x0f,0xff,0x50,0x2d,0x0f,0xff,0x50,0x2e,0x0f,0xff,
    0x55,0x2d,0x10,0xff,0x54,0x2e,0x11,0xff,0x54,0x2e,0x10,0xff,0x50,0x2e,0x10,0xff,
    0x54,0x2e,0x10,0xff,0x52,0x2e,0x10,0xff,0x51,0x2d,0x10,0xff,0x54,0x2d,0x10,0xff,
    0x52,0x2e,0x10,0xff,0x52,0x2e,0x10,0xff,0x52,0x2e,0x12,0xff,0x56,0x2e,0x11,0xff,
    0x54,0x2e,0x10,0xff,0x51,0x2e,0x11,0xff,0x54,0x2d,0x10,0xff,0x52,0x2e,0x10,0xff,
    0x55,0x30,0x15,0xff,0x5b,0x36,0x19,0xff,0x5e,0x3f,0x23,0xff,0x5f,0x3e,0x26,0xff,
    0x4b,0x2e,0x1d,0xff,0x2d,0x16,0x10,0xff,0x0d,0x05,0x04,0xff,0x0a,0x05,0x10,0xff,
    0x0e,0x07,0x15,0xff,0x00,0x00,0x27,0xff,0x59,0x4d,0xa5,0xff,0xbf,0xbd,0xee,0xff,
    0x42,0x3a,0x9c,0xff,0x0d,0x02,0x7c,0xff,0x0a,0x06,0x39,0xff,0x31,0x26,0x29,0xff,
    0x87,0x7e,0x7b,0xff,0x6b,0x49,0x2d,0xff,0x00,0x00,0x00,0x00,0x00,0x00,0x00,0x00,
    0x00,0x00,0x00,0x00,0x00,0x00,0x00,0x00,0x00,0x00,0x00,0x00,0x00,0x00,0x00,0x00,
    0x00,0x00,0x00,0x00,0x00,0x00,0x00,0x00,0x00,0x00,0x00,0x00,0x00,0x00,0x00,0x00,
    0x00,0x00,0x00,0x00,0x00,0x00,0x00,0x00,0x00,0x00,0x00,0x00,0x00,0x00,0x00,0x00,
    0x00,0x00,0x00,0x00,0x00,0x00,0x00,0x00,0x00,0x00,0x00,0x00,0x00,0x00,0x00,0x00,
    0x00,0x00,0x00,0x00,0x00,0x00,0x00,0x00,0x00,0x00,0x00,0x00,0x00,0x00,0x00,0x00,
    0x00,0x00,0x00,0x00,0x00,0x00,0x00,0x00,0x00,0x00,0x00,0x00,0x00,0x00,0x00,0x00,
    0x00,0x00,0x00,0x00,0x00,0x00,0x00,0x00,0x00,0x00,0x00,0x00,0x00,0x00,0x00,0x00,
    0x8b,0x81,0x79,0xff,0x4f,0x4a,0x4e,0xff,0x20,0x1c,0x57,0xff,0x0c,0x05,0x81,0xff,
    0x2a,0x1e,0x90,0xff,0xa0,0xae,0xd6,0xff,0x81,0x8b,0xc4,0xff,0x25,0x27,0x69,0xff,
    0x0d,0x09,0x20,0xff,0x16,0x0a,0x0c,0xff,0x12,0x06,0x0a,0xff,0x0b,0x02,0x00,0xff,
    0x23,0x11,0x0a,0xff,0x4c,0x2f,0x23,0xff,0x6b,0x4c,0x37,0xff,0x76,0x54,0x3a,0xff,
    0x72,0x4d,0x32,0xff,0x69,0x42,0x23,0xff,0x5d,0x38,0x19,0xff,0x57,0x33,0x14,0xff,
    0x57,0x30,0x12,0xff,0x58,0x30,0x12,0xff,0x56,0x30,0x13,0xff,0x58,0x31,0x13,0xff,
    0x55,0x32,0x14,0xff,0x54,0x32,0x14,0xff,0x55,0x31,0x13,0xff,0x56,0x30,0x13,0xff,
    0x54,0x31,0x13,0xff,0x55,0x30,0x12,0xff,0x56,0x2f,0x12,0xff,0x55,0x31,0x13,0xff,
    0x56,0x31,0x13,0xff,0x54,0x31,0x12,0xff,0x55,0x30,0x12,0xff,0x54,0x30,0x12,0xff,
    0x52,0x2f,0x11,0xff,0x53,0x2e,0x11,0xff,0x50,0x2e,0x10,0xff,0x52,0x2f,0x11,0xff,
    0x53,0x2e,0x10,0xff,0x53,0x2e,0x10,0xff,0x52,0x2e,0x10,0xff,0x53,0x2d,0x10,0xff,
    0x50,0x2e,0x10,0xff,0x51,0x2d,0x10,0xff,0x52,0x2c,0x10,0xff,0x52,0x2c,0x0f,0xff,
    0x51,0x2d,0x0e,0xff,0x53,0x2c,0x0f,0xff,0x53,0x2c,0x0f,0xff,0x51,0x2c,0x0e,0xff,
    0x52,0x2c,0x0f,0xff,0x4f,0x2c,0x0e,0xff,0x51,0x2c,0x0e,0xff,0x51,0x2d,0x0f,0xff,
    0x53,0x2d,0x0f,0xff,0x53,0x2e,0x10,0xff,0x51,0x2d,0x0f,0xff,0x53,0x2d,0x0f,0xff,
    0x53,0x2d,0x0f,0xff,0x50,0x2d,0x0f,0xff,0x53,0x2d,0x0f,0xff,0x51,0x2e,0x10,0xff,
    0x53,0x2e,0x10,0xff,0x55,0x2f,0x10,0xff,0x55,0x2e,0x10,0xff,0x53,0x2e,0x10,0xff,
    0x53,0x2e,0x10,0xff,0x54,0x2e,0x10,0xff,0x54,0x2e,0x10,0xff,0x53,0x2d,0x10,0xff,
    0x51,0x2e,0x10,0xff,0x53,0x2d,0x10,0xff,0x52,0x2e,0x11,0xff,0x52,0x2e,0x11,0xff,
    0x56,0x30,0x14,0xff,0x56,0x34,0x18,0xff,0x5e,0x3a,0x1c,0xff,0x61,0x3f,0x23,0xff,
    0x60,0x3e,0x26,0xff,0x55,0x37,0x21,0xff,0x3e,0x25,0x15,0xff,0x20,0x0f,0x0a,0xff,
    0x13,0x04,0x06,0xff,0x0f,0x02,0x09,0xff,0x0a,0x06,0x08,0xff,0x05,0x03,0x0c,0xff,
    0x06,0x00,0x35,0xff,0x53,0x49,0xa7,0xff,0x9c,0x98,0xe5,0xff,0x43,0x3c,0x98,0xff,
    0x0c,0x04,0x7a,0xff,0x11,0x08,0x4c,0xff,0x1e,0x15,0x1f,0xff,0x4a,0x3c,0x3f,0xff,
    0x89,0x77,0x6b,0xff,0x00,0x00,0x00,0x00,0x00,0x00,0x00,0x00,0x00,0x00,0x00,0x00,
    0x00,0x00,0x00,0x00,0x00,0x00,0x00,0x00,0x00,0x00,0x00,0x00,0x00,0x00,0x00,0x00,
    0x00,0x00,0x00,0x00,0x00,0x00,0x00,0x00,0x00,0x00,0x00,0x00,0x00,0x00,0x00,0x00,
    0x00,0x00,0x00,0x00,0x00,0x00,0x00,0x00,0x00,0x00,0x00,0x00,0x00,0x00,0x00,0x00,
    0x00,0x00,0x00,0x00,0x00,0x00,0x00,0x00,0x00,0x00,0x00,0x00,0x00,0x00,0x00,0x00,
    0x00,0x00,0x00,0x00,0x00,0x00,0x00,0x00,0x00,0x00,0x00,0x00,0x00,0x00,0x00,0x00,
    0x00,0x00,0x00,0x00,0x00,0x00,0x00,0x00,0x00,0x00,0x00,0x00,0x00,0x00,0x00,0x00,
    0x00,0x00,0x00,0x00,0x00,0x00,0x00,0x00,0x00,0x00,0x00,0x00,0x00,0x00,0x00,0x00,
    0x85,0x70,0x60,0xff,0x60,0x5d,0x5e,0xff,0x58,0x4c,0x5c,0xff,0x1a,0x11,0x59,0xff,
    0x16,0x0f,0x72,0xff,0x29,0x32,0x7b,0xff,0x78,0x7c,0xb6,0xff,0x7f,0x7b,0xd1,0xff,
    0x3f,0x39,0x8f,0xff,0x0a,0x08,0x2d,0xff,0x11,0x07,0x17,0xff,0x11,0x07,0x12,0xff,
    0x11,0x05,0x0c,0xff,0x12,0x01,0x03,0xff,0x16,0x09,0x03,0xff,0x31,0x19,0x11,0xff,
    0x50,0x30,0x23,0xff,0x63,0x44,0x2e,0xff,0x6d,0x4b,0x34,0xff,0x71,0x4b,0x31,0xff,
    0x6a,0x47,0x2b,0xff,0x66,0x41,0x24,0xff,0x5e,0x3b,0x1f,0xff,0x59,0x37,0x1a,0xff,
    0x5a,0x34,0x15,0xff,0x57,0x33,0x14,0xff,0x57,0x32,0x14,0xff,0x55,0x32,0x14,0xff,
    0x56,0x31,0x14,0xff,0x54,0x32,0x14,0xff,0x53,0x31,0x13,0xff,0x55,0x32,0x12,0xff,
    0x57,0x31,0x13,0xff,0x56,0x31,0x14,0xff,0x53,0x31,0x12,0xff,0x57,0x30,0x11,0xff,
    0x55,0x30,0x11,0xff,0x53,0x2f,0x11,0xff,0x53,0x2e,0x10,0xff,0x53,0x2f,0x11,0xff,
    0x51,0x2e,0x11,0xff,0x52,0x2e,0x10,0xff,0x4e,0x2f,0x10,0xff,0x52,0x2d,0x0f,0xff,
    0x51,0x2d,0x0f,0xff,0x50,0x2d,0x10,0xff,0x51,0x2d,0x10,0xff,0x50,0x2c,0x10,0xff,
    0x50,0x2c,0x0f,0xff,0x4f,0x2d,0x0f,0xff,0x4e,0x2d,0x0f,0xff,0x51,0x2c,0x0e,0xff,
    0x53,0x2c,0x0f,0xff,0x4f,0x2d,0x0f,0xff,0x52,0x2c,0x0f,0xff,0x54,0x2c,0x0f,0xff,
    0x53,0x2d,0x0f,0xff,0x53,0x2d,0x0f,0xff,0x54,0x2d,0x0f,0xff,0x53,0x2d,0x0f,0xff,
    0x54,0x2e,0x10,0xff,0x52,0x2e,0x11,0xff,0x53,0x2f,0x11,0xff,0x56,0x2e,0x11,0xff,
    0x54,0x2f,0x11,0xff,0x56,0x2f,0x11,0xff,0x54,0x2f,0x11,0xff,0x55,0x2f,0x11,0xff,
    0x52,0x2e,0x10,0xff,0x50,0x2e,0x10,0xff,0x53,0x2e,0x11,0xff,0x56,0x2f,0x13,0xff,
    0x54,0x31,0x14,0xff,0x56,0x34,0x16,0xff,0x5d,0x37,0x1a,0xff,0x61,0x3a,0x1f,0xff,
    0x5f,0x3d,0x24,0xff,0x5d,0x3c,0x25,0xff,0x52,0x34,0x20,0xff,0x3e,0x25,0x17,0xff,
    0x2a,0x14,0x0a,0xff,0x18,0x07,0x04,0xff,0x11,0x02,0x04,0xff,0x0e,0x04,0x06,0xff,
    0x05,0x04,0x07,0xff,0x05,0x04,0x07,0xff,0x02,0x01,0x18,0xff,0x13,0x0d,0x50,0xff,
    0x5c,0x54,0xb2,0xff,0x7f,0x79,0xca,0xff,0x2e,0x26,0x83,0xff,0x0e,0x03,0x73,0xff,
    0x08,0x05,0x4b,0xff,0x34,0x26,0x36,0xff,0x50,0x3d,0x38,0xff,0x5b,0x54,0x50,0xff,
    0x7f,0x64,0x4f,0xff,0x00,0x00,0x00,0x00,0x00,0x00,0x00,0x00,0x00,0x00,0x00,0x00,
    0x00,0x00,0x00,0x00,0x00,0x00,0x00,0x00,0x00,0x00,0x00,0x00,0x00,0x00,0x00,0x00,
    0x00,0x00,0x00,0x00,0x00,0x00,0x00,0x00,0x00,0x00,0x00,0x00,0x00,0x00,0x00,0x00,
    0x00,0x00,0x00,0x00,0x00,0x00,0x00,0x00,0x00,0x00,0x00,0x00,0x00,0x00,0x00,0x00,
    0x00,0x00,0x00,0x00,0x00,0x00,0x00,0x00,0x00,0x00,0x00,0x00,0x00,0x00,0x00,0x00,
    0x00,0x00,0x00,0x00,0x00,0x00,0x00,0x00,0x00,0x00,0x00,0x00,0x00,0x00,0x00,0x00,
    0x00,0x00,0x00,0x00,0x00,0x00,0x00,0x00,0x00,0x00,0x00,0x00,0x00,0x00,0x00,0x00,
    0x00,0x00,0x00,0x00,0x00,0x00,0x00,0x00,0x00,0x00,0x00,0x00,0x00,0x00,0x00,0x00,
    0x70,0x4e,0x34,0xff,0x78,0x75,0x71,0xff,0x55,0x4a,0x46,0xff,0x54,0x43,0x52,0xff,
    0x0d,0x0d,0x36,0xff,0x20,0x1f,0x5f,0xff,0x19,0x1f,0x6b,0xff,0x42,0x3d,0x8c,0xff,
    0x71,0x6b,0xce,0xff,0x53,0x45,0xb8,0xff,0x1c,0x11,0x47,0xff,0x21,0x15,0x5d,0xff,
    0x06,0x00,0x2f,0xff,0x0f,0x02,0x12,0xff,0x12,0x05,0x0a,0xff,0x15,0x04,0x07,0xff,
    0x11,0x02,0x04,0xff,0x18,0x07,0x03,0xff,0x29,0x10,0x07,0xff,0x39,0x1f,0x12,0xff,
    0x48,0x2d,0x1d,0xff,0x59,0x38,0x25,0xff,0x5f,0x40,0x2b,0xff,0x62,0x42,0x2c,0xff,
    0x65,0x41,0x26,0xff,0x62,0x3f,0x22,0xff,0x61,0x3c,0x1e,0xff,0x5d,0x3a,0x1c,0xff,
    0x5c,0x37,0x18,0xff,0x59,0x35,0x17,0xff,0x58,0x33,0x15,0xff,0x57,0x33,0x13,0xff,
    0x56,0x32,0x12,0xff,0x55,0x31,0x12,0xff,0x54,0x31,0x12,0xff,0x53,0x30,0x12,0xff,
    0x55,0x2f,0x11,0xff,0x55,0x2f,0x11,0xff,0x54,0x2f,0x12,0xff,0x54,0x2f,0x11,0xff,
    0x54,0x2e,0x11,0xff,0x56,0x2f,0x11,0xff,0x54,0x2f,0x11,0xff,0x55,0x2e,0x10,0xff,
    0x53,0x2d,0x0f,0xff,0x51,0x2e,0x10,0xff,0x53,0x2d,0x10,0xff,0x53,0x2c,0x10,0xff,
    0x52,0x2c,0x0f,0xff,0x53,0x2c,0x0e,0xff,0x51,0x2d,0x0f,0xff,0x52,0x2d,0x0f,0xff,
    0x51,0x2d,0x0f,0xff,0x52,0x2c,0x0f,0xff,0x51,0x2d,0x0f,0xff,0x51,0x2d,0x0f,0xff,
    0x53,0x2d,0x0f,0xff,0x54,0x2d,0x10,0xff,0x54,0x2d,0x10,0xff,0x54,0x2e,0x10,0xff,
    0x55,0x2e,0x10,0xff,0x54,0x2d,0x11,0xff,0x54,0x2e,0x11,0xff,0x56,0x2e,0x11,0xff,
    0x55,0x2f,0x11,0xff,0x55,0x30,0x11,0xff,0x55,0x30,0x11,0xff,0x59,0x31,0x13,0xff,
    0x59,0x32,0x15,0xff,0x59,0x34,0x16,0xff,0x58,0x35,0x19,0xff,0x56,0x36,0x1b,0xff,
    0x53,0x35,0x1c,0xff,0x50,0x31,0x1d,0xff,0x43,0x2b,0x19,0xff,0x39,0x21,0x11,0xff,
    0x2d,0x16,0x0b,0xff,0x22,0x0f,0x05,0xff,0x1b,0x06,0x03,0xff,0x18,0x03,0x03,0xff,
    0x13,0x04,0x04,0xff,0x0c,0x05,0x04,0xff,0x09,0x03,0x0a,0xff,0x00,0x00,0x10,0xff,
    0x0a,0x07,0x2f,0xff,0x0b,0x07,0x29,0xff,0x2f,0x27,0x73,0xff,0x59,0x51,0xb2,0xff,
    0x50,0x4b,0x9c,0xff,0x1e,0x17,0x6d,0xff,0x0f,0x09,0x65,0xff,0x09,0x08,0x3b,0xff,
    0x2d,0x21,0x30,0xff,0x74,0x5a,0x54,0xff,0x49,0x35,0x2e,0xff,0x7b,0x72,0x6a,0xff,
    0x6c,0x49,0x2d,0xff,0x00,0x00,0x00,0x00,0x00,0x00,0x00,0x00,0x00,0x00,0x00,0x00,
    0x00,0x00,0x00,0x00,0x00,0x00,0x00,0x00,0x00,0x00,0x00,0x00,0x00,0x00,0x00,0x00,
    0x00,0x00,0x00,0x00,0x00,0x00,0x00,0x00,0x00,0x00,0x00,0x00,0x00,0x00,0x00,0x00,
    0x00,0x00,0x00,0x00,0x00,0x00,0x00,0x00,0x00,0x00,0x00,0x00,0x00,0x00,0x00,0x00,
    0x00,0x00,0x00,0x00,0x00,0x00,0x00,0x00,0x00,0x00,0x00,0x00,0x00,0x00,0x00,0x00,
    0x00,0x00,0x00,0x00,0x00,0x00,0x00,0x00,0x00,0x00,0x00,0x00,0x00,0x00,0x00,0x00,
    0x00,0x00,0x00,0x00,0x00,0x00,0x00,0x00,0x00,0x00,0x00,0x00,0x00,0x00,0x00,0x00,
    0x00,0x00,0x00,0x00,0x00,0x00,0x00,0x00,0x00,0x00,0x00,0x00,0x00,0x00,0x00,0x00,
    0x00,0x00,0x00,0x00,0x80,0x6c,0x5e,0xff,0x52,0x4d,0x4a,0xff,0x70,0x57,0x4f,0xff,
    0x4a,0x3d,0x3d,0xff,0x18,0x18,0x2a,0xff,0x23,0x23,0x5b,0xff,0x1d,0x17,0x6b,0xff,
    0x17,0x13,0x68,0xff,0x3e,0x30,0x96,0xff,0x17,0x10,0x43,0xff,0x45,0x3d,0x9a,0xff,
    0x54,0x4d,0xb8,0xff,0x1c,0x12,0x5d,0xff,0x06,0x00,0x28,0xff,0x0a,0x02,0x10,0xff,
    0x10,0x07,0x0f,0xff,0x13,0x0a,0x10,0xff,0x1b,0x08,0x0c,0xff,0x17,0x07,0x05,0xff,
    0x18,0x07,0x00,0xff,0x21,0x07,0x00,0xff,0x22,0x0c,0x02,0xff,0x29,0x13,0x07,0xff,
    0x33,0x1b,0x0d,0xff,0x3f,0x22,0x12,0xff,0x44,0x29,0x16,0xff,0x49,0x2d,0x18,0xff,
    0x4f,0x31,0x1a,0xff,0x55,0x34,0x1b,0xff,0x57,0x35,0x1b,0xff,0x5a,0x36,0x19,0xff,
    0x56,0x37,0x18,0xff,0x5a,0x36,0x18,0xff,0x5a,0x37,0x18,0xff,0x59,0x36,0x17,0xff,
    0x5a,0x35,0x17,0xff,0x5a,0x35,0x16,0xff,0x5c,0x34,0x15,0xff,0x58,0x33,0x14,0xff,
    0x59,0x31,0x13,0xff,0x58,0x31,0x13,0xff,0x58,0x32,0x13,0xff,0x57,0x31,0x12,0xff,
    0x57,0x2f,0x12,0xff,0x54,0x2f,0x10,0xff,0x54,0x2e,0x10,0xff,0x53,0x2d,0x10,0xff,
    0x53,0x2d,0x0f,0xff,0x54,0x2c,0x0f,0xff,0x53,0x2d,0x0f,0xff,0x51,0x2d,0x0f,0xff,
    0x4f,0x2d,0x0f,0xff,0x54,0x2d,0x0f,0xff,0x51,0x2e,0x10,0xff,0x54,0x2f,0x10,0xff,
    0x55,0x30,0x11,0xff,0x58,0x30,0x12,0xff,0x57,0x31,0x13,0xff,0x55,0x31,0x13,0xff,
    0x58,0x31,0x13,0xff,0x59,0x32,0x13,0xff,0x57,0x33,0x14,0xff,0x56,0x33,0x15,0xff,
    0x58,0x34,0x17,0xff,0x56,0x34,0x17,0xff,0x53,0x33,0x15,0xff,0x4f,0x2e,0x14,0xff,
    0x46,0x28,0x10,0xff,0x3f,0x23,0x0f,0xff,0x39,0x1c,0x0f,0xff,0x2d,0x16,0x0a,0xff,
    0x22,0x0d,0x05,0xff,0x1b,0x06,0x02,0xff,0x15,0x05,0x01,0xff,0x17,0x04,0x00,0xff,
    0x16,0x05,0x00,0xff,0x17,0x07,0x02,0xff,0x14,0x07,0x06,0xff,0x0f,0x06,0x05,0xff,
    0x0a,0x03,0x0d,0xff,0x05,0x01,0x1c,0xff,0x0a,0x03,0x38,0xff,0x2c,0x23,0x71,0xff,
    0x40,0x38,0x7f,0xff,0x1b,0x14,0x4d,0xff,0x40,0x3b,0x94,0xff,0x28,0x25,0x71,0xff,
    0x17,0x12,0x5e,0xff,0x13,0x0c,0x4e,0xff,0x0c,0x08,0x26,0xff,0x34,0x2a,0x2e,0xff,
    0x74,0x59,0x53,0xff,0x65,0x4e,0x3e,0xff,0x4f,0x43,0x3e,0xff,0x8a,0x77,0x67,0xff,
    0x00,0x00,0x00,0x00,0x00,0x00,0x00,0x00,0x00,0x00,0x00,0x00,0x00,0x00,0x00,0x00,
    0x00,0x00,0x00,0x00,0x00,0x00,0x00,0x00,0x00,0x00,0x00,0x00,0x00,0x00,0x00,0x00,
    0x00,0x00,0x00,0x00,0x00,0x00,0x00,0x00,0x00,0x00,0x00,0x00,0x00,0x00,0x00,0x00,
    0x00,0x00,0x00,0x00,0x00,0x00,0x00,0x00,0x00,0x00,0x00,0x00,0x00,0x00,0x00,0x00,
    0x00,0x00,0x00,0x00,0x00,0x00,0x00,0x00,0x00,0x00,0x00,0x00,0x00,0x00,0x00,0x00,
    0x00,0x00,0x00,0x00,0x00,0x00,0x00,0x00,0x00,0x00,0x00,0x00,0x00,0x00,0x00,0x00,
    0x00,0x00,0x00,0x00,0x00,0x00,0x00,0x00,0x00,0x00,0x00,0x00,0x00,0x00,0x00,0x00,
    0x00,0x00,0x00,0x00,0x00,0x00,0x00,0x00,0x00,0x00,0x00,0x00,0x00,0x00,0x00,0x00,
    0x00,0x00,0x00,0x00,0x00,0x00,0x00,0x00,0x6d,0x67,0x65,0xff,0x4c,0x39,0x30,0xff,
    0x7d,0x5e,0x4d,0xff,0x5d,0x4d,0x3e,0xff,0x27,0x26,0x2a,0xff,0x18,0x10,0x3d,0xff,
    0x1c,0x11,0x61,0xff,0x13,0x11,0x5c,0xff,0x0a,0x09,0x34,0xff,0x19,0x14,0x48,0xff,
    0x5e,0x57,0xab,0xff,0x61,0x5e,0xb6,0xff,0x40,0x38,0x9c,0xff,0x22,0x1c,0x6f,0xff,
    0x0b,0x0a,0x3c,0xff,0x01,0x02,0x18,0xff,0x07,0x02,0x0d,0xff,0x0d,0x07,0x0e,0xff,
    0x14,0x09,0x0c,0xff,0x17,0x0a,0x06,0xff,0x1b,0x0b,0x02,0xff,0x1f,0x0a,0x00,0xff,
    0x1a,0x0a,0x00,0xff,0x1c,0x0a,0x00,0xff,0x20,0x09,0x00,0xff,0x21,0x0a,0x00,0xff,
    0x22,0x0b,0x00,0xff,0x27,0x0d,0x02,0xff,0x27,0x11,0x04,0xff,0x2a,0x14,0x06,0xff,
    0x2f,0x17,0x08,0xff,0x36,0x19,0x0a,0xff,0x3b,0x1d,0x0b,0xff,0x3c,0x21,0x0d,0xff,
    0x40,0x22,0x10,0xff,0x44,0x25,0x11,0xff,0x47,0x28,0x11,0xff,0x48,0x2b,0x12,0xff,
    0x4c,0x2c,0x13,0xff,0x4d,0x2c,0x14,0xff,0x4d,0x2e,0x14,0xff,0x50,0x2d,0x14,0xff,
    0x4f,0x2e,0x15,0xff,0x4e,0x2e,0x14,0xff,0x4f,0x2e,0x14,0xff,0x4e,0x2f,0x13,0xff,
    0x4e,0x2e,0x13,0xff,0x50,0x2e,0x13,0xff,0x4e,0x2d,0x12,0xff,0x4f,0x2c,0x12,0xff,
    0x4d,0x2d,0x12,0xff,0x4e,0x2b,0x11,0xff,0x4d,0x2c,0x10,0xff,0x4c,0x2c,0x12,0xff,
    0x4b,0x2c,0x12,0xff,0x4b,0x2a,0x11,0xff,0x47,0x29,0x11,0xff,0x43,0x27,0x10,0xff,
    0x42,0x25,0x0f,0xff,0x3c,0x22,0x0e,0xff,0x3a,0x1e,0x0c,0xff,0x34,0x1c,0x0a,0xff,
    0x32,0x16,0x08,0xff,0x2d,0x14,0x07,0xff,0x28,0x10,0x05,0xff,0x23,0x0c,0x03,0xff,
    0x20,0x0a,0x01,0xff,0x1c,0x09,0x00,0xff,0x1c,0x07,0x00,0xff,0x1d,0x07,0x00,0xff,
    0x1a,0x09,0x02,0xff,0x19,0x09,0x01,0xff,0x18,0x08,0x02,0xff,0x16,0x07,0x03,0xff,
    0x12,0x05,0x09,0xff,0x0a,0x03,0x0f,0xff,0x02,0x01,0x1b,0xff,0x07,0x01,0x31,0xff,
    0x11,0x0b,0x4f,0xff,0x27,0x1e,0x6e,0xff,0x3e,0x34,0x88,0xff,0x47,0x3d,0x93,0xff,
    0x1a,0x16,0x45,0xff,0x14,0x11,0x43,0xff,0x22,0x1a,0x60,0xff,0x17,0x10,0x50,0xff,
    0x11,0x0b,0x32,0xff,0x1b,0x10,0x1b,0xff,0x4b,0x36,0x32,0xff,0x6f,0x52,0x4a,0xff,
    0x7a,0x59,0x4e,0xff,0x41,0x30,0x26,0xff,0x7c,0x74,0x69,0xff,0x69,0x45,0x28,0xff,
    0x00,0x00,0x00,0x00,0x00,0x00,0x00,0x00,0x00,0x00,0x00,0x00,0x00,0x00,0x00,0x00,
    0x00,0x00,0x00,0x00,0x00,0x00,0x00,0x00,0x00,0x00,0x00,0x00,0x00,0x00,0x00,0x00,
    0x00,0x00,0x00,0x00,0x00,0x00,0x00,0x00,0x00,0x00,0x00,0x00,0x00,0x00,0x00,0x00,
    0x00,0x00,0x00,0x00,0x00,0x00,0x00,0x00,0x00,0x00,0x00,0x00,0x00,0x00,0x00,0x00,
    0x00,0x00,0x00,0x00,0x00,0x00,0x00,0x00,0x00,0x00,0x00,0x00,0x00,0x00,0x00,0x00,
    0x00,0x00,0x00,0x00,0x00,0x00,0x00,0x00,0x00,0x00,0x00,0x00,0x00,0x00,0x00,0x00,
    0x00,0x00,0x00,0x00,0x00,0x00,0x00,0x00,0x00,0x00,0x00,0x00,0x00,0x00,0x00,0x00,
    0x00,0x00,0x00,0x00,0x00,0x00,0x00,0x00,0x00,0x00,0x00,0x00,0x00,0x00,0x00,0x00,
    0x00,0x00,0x00,0x00,0x00,0x00,0x00,0x00,0x81,0x6e,0x5f,0xff,0x3f,0x38,0x34,0xff,
    0x5d,0x47,0x38,0xff,0x74,0x59,0x46,0xff,0x6e,0x50,0x43,0xff,0x45,0x35,0x2e,0xff,
    0x1a,0x16,0x24,0xff,0x14,0x0d,0x39,0xff,0x18,0x12,0x44,0xff,0x0d,0x0a,0x2b,0xff,
    0x0a,0x05,0x47,0xff,0x19,0x17,0x55,0xff,0x38,0x30,0x74,0xff,0x49,0x41,0x97,0xff,
    0x4b,0x40,0x9a,0xff,0x3a,0x31,0x87,0xff,0x2a,0x1d,0x63,0xff,0x13,0x0b,0x3f,0xff,
    0x08,0x02,0x21,0xff,0x01,0x02,0x0c,0xff,0x06,0x01,0x05,0xff,0x17,0x07,0x02,0xff,
    0x21,0x0e,0x00,0xff,0x25,0x0f,0x01,0xff,0x22,0x0f,0x02,0xff,0x22,0x0d,0x01,0xff,
    0x22,0x0d,0x01,0xff,0x21,0x0c,0x00,0xff,0x22,0x0a,0x00,0xff,0x1d,0x0b,0x00,0xff,
    0x1d,0x0a,0x00,0xff,0x1b,0x09,0x00,0xff,0x1e,0x09,0x00,0xff,0x1c,0x0a,0x00,0xff,
    0x1d,0x09,0x00,0xff,0x1d,0x0a,0x00,0xff,0x1f,0x0b,0x00,0xff,0x20,0x0b,0x00,0xff,
    0x21,0x0a,0x00,0xff,0x23,0x0a,0x01,0xff,0x20,0x0c,0x01,0xff,0x22,0x0c,0x01,0xff,
    0x22,0x0c,0x02,0xff,0x23,0x0c,0x02,0xff,0x25,0x0d,0x03,0xff,0x25,0x0e,0x03,0xff,
    0x25,0x0f,0x03,0xff,0x26,0x0f,0x03,0xff,0x24,0x0d,0x03,0xff,0x23,0x0d,0x03,0xff,
    0x23,0x0d,0x02,0xff,0x23,0x0c,0x02,0xff,0x24,0x0c,0x02,0xff,0x24,0x0d,0x01,0xff,
    0x23,0x0d,0x01,0xff,0x21,0x0d,0x01,0xff,0x23,0x0c,0x01,0xff,0x20,0x0c,0x01,0xff,
    0x20,0x0b,0x00,0xff,0x1f,0x0a,0x00,0xff,0x1d,0x0b,0x00,0xff,0x1c,0x0a,0x00,0xff,
    0x20,0x09,0x00,0xff,0x1f,0x0a,0x00,0xff,0x20,0x0b,0x00,0xff,0x22,0x0b,0x00,0xff,
    0x21,0x0b,0x00,0xff,0x25,0x0b,0x01,0xff,0x23,0x0b,0x01,0xff,0x24,0x0b,0x00,0xff,
    0x1c,0x09,0x00,0xff,0x15,0x05,0x00,0xff,0x0b,0x03,0x0c,0xff,0x06,0x00,0x20,0xff,
    0x07,0x01,0x30,0xff,0x0e,0x06,0x42,0xff,0x1b,0x12,0x5b,0xff,0x2b,0x22,0x73,0xff,
    0x36,0x2c,0x7f,0xff,0x30,0x28,0x78,0xff,0x1d,0x15,0x5f,0xff,0x08,0x05,0x36,0xff,
    0x0e,0x09,0x2c,0xff,0x17,0x13,0x45,0xff,0x0f,0x0c,0x30,0xff,0x1a,0x0c,0x1e,0xff,
    0x36,0x22,0x20,0xff,0x56,0x42,0x37,0xff,0x65,0x4d,0x40,0xff,0x70,0x57,0x49,0xff,
    0x4b,0x36,0x2c,0xff,0x5b,0x54,0x4f,0xff,0x7f,0x64,0x4e,0xff,0x54,0x2c,0x0c,0xff,
    0x00,0x00,0x00,0x00,0x00,0x00,0x00,0x00,0x00,0x00,0x00,0x00,0x00,0x00,0x00,0x00,
    0x00,0x00,0x00,0x00,0x00,0x00,0x00,0x00,0x00,0x00,0x00,0x00,0x00,0x00,0x00,0x00,
    0x00,0x00,0x00,0x00,0x00,0x00,0x00,0x00,0x00,0x00,0x00,0x00,0x00,0x00,0x00,0x00,
    0x00,0x00,0x00,0x00,0x00,0x00,0x00,0x00,0x00,0x00,0x00,0x00,0x00,0x00,0x00,0x00,
    0x00,0x00,0x00,0x00,0x00,0x00,0x00,0x00,0x00,0x00,0x00,0x00,0x00,0x00,0x00,0x00,
    0x00,0x00,0x00,0x00,0x00,0x00,0x00,0x00,0x00,0x00,0x00,0x00,0x00,0x00,0x00,0x00,
    0x00,0x00,0x00,0x00,0x00,0x00,0x00,0x00,0x00,0x00,0x00,0x00,0x00,0x00,0x00,0x00,
    0x00,0x00,0x00,0x00,0x00,0x00,0x00,0x00,0x00,0x00,0x00,0x00,0x00,0x00,0x00,0x00,
    0x00,0x00,0x00,0x00,0x00,0x00,0x00,0x00,0x00,0x00,0x00,0x00,0x7b,0x6e,0x66,0xff,
    0x33,0x28,0x1e,0xff,0x67,0x49,0x3d,0xff,0x6d,0x50,0x43,0xff,0x6c,0x4d,0x41,0xff,
    0x61,0x46,0x39,0xff,0x3e,0x2a,0x27,0xff,0x18,0x11,0x1e,0xff,0x10,0x06,0x1b,0xff,
    0x19,0x0e,0x3f,0xff,0x18,0x12,0x59,0xff,0x18,0x0d,0x54,0xff,0x19,0x0e,0x56,0xff,
    0x24,0x1c,0x5f,0xff,0x30,0x2b,0x73,0xff,0x3c,0x33,0x84,0xff,0x3a,0x31,0x84,0xff,
    0x32,0x27,0x70,0xff,0x23,0x1c,0x55,0xff,0x28,0x1c,0x50,0xff,0x17,0x0e,0x30,0xff,
    0x16,0x09,0x0b,0xff,0x28,0x0e,0x01,0xff,0x25,0x0d,0x01,0xff,0x22,0x0f,0x00,0xff,
    0x26,0x0e,0x01,0xff,0x23,0x0e,0x01,0xff,0x23,0x0d,0x00,0xff,0x22,0x0e,0x00,0xff,
    0x23,0x0e,0x00,0xff,0x23,0x0d,0x01,0xff,0x23,0x0d,0x01,0xff,0x21,0x0d,0x00,0xff,
    0x24,0x0c,0x00,0xff,0x22,0x0d,0x01,0xff,0x1f,0x0d,0x01,0xff,0x20,0x0c,0x01,0xff,
    0x1e,0x0b,0x01,0xff,0x1e,0x0b,0x00,0xff,0x1e,0x0a,0x01,0xff,0x1e,0x0a,0x01,0xff,
    0x1d,0x0a,0x01,0xff,0x1c,0x0a,0x01,0xff,0x1c,0x09,0x00,0xff,0x1b,0x09,0x00,0xff,
    0x1d,0x09,0x00,0xff,0x1c,0x0b,0x01,0xff,0x20,0x09,0x01,0xff,0x1f,0x08,0x01,0xff,
    0x1d,0x09,0x01,0xff,0x1c,0x0a,0x01,0xff,0x1e,0x0a,0x01,0xff,0x20,0x0b,0x01,0xff,
    0x23,0x0a,0x00,0xff,0x1e,0x0c,0x00,0xff,0x21,0x0c,0x00,0xff,0x22,0x0c,0x01,0xff,
    0x1f,0x0d,0x00,0xff,0x22,0x0d,0x00,0xff,0x21,0x0c,0x01,0xff,0x21,0x0c,0x01,0xff,
    0x23,0x0c,0x01,0xff,0x22,0x0c,0x00,0xff,0x21,0x0c,0x00,0xff,0x24,0x0c,0x00,0xff,
    0x22,0x0c,0x00,0xff,0x26,0x0c,0x00,0xff,0x25,0x0c,0x01,0xff,0x1d,0x09,0x02,0xff,
    0x17,0x0c,0x1a,0xff,0x1c,0x13,0x36,0xff,0x19,0x0f,0x43,0xff,0x20,0x14,0x56,0xff,
    0x28,0x20,0x64,0xff,0x2d,0x27,0x6d,0xff,0x2e,0x24,0x68,0xff,0x22,0x1b,0x5d,0xff,
    0x16,0x10,0x4c,0xff,0x10,0x06,0x3f,0xff,0x11,0x08,0x3d,0xff,0x0a,0x0a,0x1e,0xff,
    0x0f,0x0a,0x1c,0xff,0x18,0x09,0x19,0xff,0x2b,0x1e,0x16,0xff,0x4c,0x39,0x2a,0xff,
    0x5f,0x44,0x3a,0xff,0x61,0x45,0x3b,0xff,0x69,0x50,0x43,0xff,0x4c,0x37,0x2a,0xff,
    0x48,0x42,0x3d,0xff,0x81,0x6c,0x5b,0xff,0x56,0x2d,0x0d,0xff,0x00,0x00,0x00,0x00,
    0x00,0x00,0x00,0x00,0x00,0x00,0x00,0x00,0x00,0x00,0x00,0x00,0x00,0x00,0x00,0x00,
    0x00,0x00,0x00,0x00,0x00,0x00,0x00,0x00,0x00,0x00,0x00,0x00,0x00,0x00,0x00,0x00,
    0x00,0x00,0x00,0x00,0x00,0x00,0x00,0x00,0x00,0x00,0x00,0x00,0x00,0x00,0x00,0x00,
    0x00,0x00,0x00,0x00,0x00,0x00,0x00,0x00,0x00,0x00,0x00,0x00,0x00,0x00,0x00,0x00,
    0x00,0x00,0x00,0x00,0x00,0x00,0x00,0x00,0x00,0x00,0x00,0x00,0x00,0x00,0x00,0x00,
    0x00,0x00,0x00,0x00,0x00,0x00,0x00,0x00,0x00,0x00,0x00,0x00,0x00,0x00,0x00,0x00,
    0x00,0x00,0x00,0x00,0x00,0x00,0x00,0x00,0x00,0x00,0x00,0x00,0x00,0x00,0x00,0x00,
    0x00,0x00,0x00,0x00,0x00,0x00,0x00,0x00,0x00,0x00,0x00,0x00,0x00,0x00,0x00,0x00,
    0x00,0x00,0x00,0x00,0x00,0x00,0x00,0x00,0x00,0x00,0x00,0x00,0x73,0x52,0x38,0xff,
    0x6c,0x68,0x60,0xff,0x37,0x2a,0x1f,0xff,0x5e,0x46,0x39,0xff,0x69,0x50,0x43,0xff,
    0x64,0x47,0x38,0xff,0x64,0x49,0x38,0xff,0x59,0x42,0x35,0xff,0x41,0x27,0x23,0xff,
    0x1c,0x0d,0x0e,0xff,0x18,0x0d,0x1c,0xff,0x1b,0x12,0x27,0xff,0x1a,0x12,0x33,0xff,
    0x15,0x0e,0x3b,0xff,0x14,0x0e,0x42,0xff,0x15,0x0f,0x48,0xff,0x19,0x13,0x4e,0xff,
    0x21,0x19,0x59,0xff,0x26,0x1d,0x5d,0xff,0x2d,0x23,0x61,0xff,0x29,0x20,0x5e,0xff,
    0x19,0x10,0x27,0xff,0x21,0x0d,0x00,0xff,0x27,0x0f,0x01,0xff,0x25,0x10,0x02,0xff,
    0x26,0x0f,0x01,0xff,0x26,0x0f,0x01,0xff,0x23,0x10,0x00,0xff,0x23,0x0f,0x00,0xff,
    0x22,0x0f,0x00,0xff,0x23,0x0f,0x00,0xff,0x24,0x0f,0x00,0xff,0x22,0x0f,0x00,0xff,
    0x25,0x0e,0x00,0xff,0x23,0x0e,0x00,0xff,0x22,0x0e,0x00,0xff,0x21,0x0f,0x00,0xff,
    0x24,0x0e,0x00,0xff,0x22,0x0d,0x00,0xff,0x21,0x0d,0x00,0xff,0x20,0x0d,0x01,0xff,
    0x20,0x0d,0x00,0xff,0x1f,0x0d,0x01,0xff,0x21,0x0c,0x01,0xff,0x1f,0x0c,0x01,0xff,
    0x1e,0x0b,0x00,0xff,0x17,0x06,0x00,0xff,0x1f,0x09,0x01,0xff,0x22,0x0b,0x01,0xff,
    0x21,0x0c,0x00,0xff,0x1f,0x0c,0x00,0xff,0x22,0x0c,0x00,0xff,0x25,0x0d,0x00,0xff,
    0x27,0x0c,0x00,0xff,0x23,0x0d,0x00,0xff,0x22,0x0e,0x00,0xff,0x21,0x0d,0x00,0xff,
    0x24,0x0e,0x00,0xff,0x23,0x0e,0x00,0xff,0x23,0x0e,0x01,0xff,0x25,0x0e,0x00,0xff,
    0x21,0x0f,0x00,0xff,0x23,0x0e,0x01,0xff,0x24,0x0d,0x01,0xff,0x26,0x0c,0x01,0xff,
    0x25,0x0d,0x01,0xff,0x20,0x0c,0x01,0xff,0x20,0x0b,0x00,0xff,0x18,0x0a,0x10,0xff,
    0x1d,0x17,0x42,0xff,0x22,0x1d,0x56,0xff,0x22,0x19,0x52,0xff,0x25,0x18,0x4e,0xff,
    0x1e,0x14,0x47,0xff,0x15,0x0f,0x3f,0xff,0x0f,0x0b,0x36,0xff,0x12,0x0b,0x2d,0xff,
    0x13,0x0b,0x28,0xff,0x12,0x0b,0x1f,0xff,0x0a,0x05,0x0f,0xff,0x0f,0x06,0x05,0xff,
    0x28,0x19,0x0e,0xff,0x4b,0x30,0x23,0xff,0x5a,0x3e,0x30,0xff,0x59,0x41,0x30,0xff,
    0x5c,0x44,0x33,0xff,0x68,0x4c,0x3c,0xff,0x46,0x31,0x22,0xff,0x48,0x42,0x3b,0xff,
    0x85,0x76,0x67,0xff,0x5d,0x35,0x16,0xff,0x00,0x00,0x00,0x00,0x00,0x00,0x00,0x00,
    0x00,0x00,0x00,0x00,0x00,0x00,0x00,0x00,0x00,0x00,0x00,0x00,0x00,0x00,0x00,0x00,
    0x00,0x00,0x00,0x00,0x00,0x00,0x00,0x00,0x00,0x00,0x00,0x00,0x00,0x00,0x00,0x00,
    0x00,0x00,0x00,0x00,0x00,0x00,0x00,0x00,0x00,0x00,0x00,0x00,0x00,0x00,0x00,0x00,
    0x00,0x00,0x00,0x00,0x00,0x00,0x00,0x00,0x00,0x00,0x00,0x00,0x00,0x00,0x00,0x00,
    0x00,0x00,0x00,0x00,0x00,0x00,0x00,0x00,0x00,0x00,0x00,0x00,0x00,0x00,0x00,0x00,
    0x00,0x00,0x00,0x00,0x00,0x00,0x00,0x00,0x00,0x00,0x00,0x00,0x00,0x00,0x00,0x00,
    0x00,0x00,0x00,0x00,0x00,0x00,0x00,0x00,0x00,0x00,0x00,0x00,0x00,0x00,0x00,0x00,
    0x00,0x00,0x00,0x00,0x00,0x00,0x00,0x00,0x00,0x00,0x00,0x00,0x00,0x00,0x00,0x00,
    0x00,0x00,0x00,0x00,0x00,0x00,0x00,0x00,0x00,0x00,0x00,0x00,0x00,0x00,0x00,0x00,
    0x7f,0x61,0x49,0xff,0x7e,0x79,0x71,0xff,0x35,0x28,0x1c,0xff,0x4b,0x31,0x21,0xff,
    0x66,0x4c,0x3b,0xff,0x65,0x49,0x38,0xff,0x60,0x44,0x31,0xff,0x63,0x46,0x35,0xff,
    0x50,0x3a,0x2a,0xff,0x2a,0x17,0x09,0xff,0x1d,0x0b,0x00,0xff,0x1b,0x0c,0x00,0xff,
    0x1a,0x0c,0x02,0xff,0x17,0x0b,0x08,0xff,0x1a,0x0b,0x0d,0xff,0x17,0x0c,0x14,0xff,
    0x14,0x0c,0x19,0xff,0x14,0x0d,0x1a,0xff,0x19,0x11,0x18,0xff,0x1c,0x10,0x15,0xff,
    0x19,0x0d,0x0d,0xff,0x17,0x09,0x01,0xff,0x11,0x08,0x01,0xff,0x14,0x08,0x00,0xff,
    0x16,0x07,0x00,0xff,0x14,0x08,0x00,0xff,0x17,0x08,0x00,0xff,0x19,0x08,0x00,0xff,
    0x19,0x08,0x00,0xff,0x18,0x09,0x01,0xff,0x18,0x09,0x00,0xff,0x15,0x0b,0x00,0xff,
    0x1a,0x0a,0x00,0xff,0x1c,0x0a,0x01,0xff,0x1f,0x0b,0x00,0xff,0x1e,0x0c,0x01,0xff,
    0x1f,0x0c,0x01,0xff,0x20,0x0c,0x01,0xff,0x1f,0x0c,0x01,0xff,0x23,0x0c,0x01,0xff,
    0x21,0x0c,0x01,0xff,0x1f,0x0c,0x01,0xff,0x23,0x0c,0x02,0xff,0x1f,0x09,0x00,0xff,
    0x27,0x17,0x0d,0xff,0x5c,0x53,0x4a,0xff,0x1a,0x0f,0x0a,0xff,0x1b,0x0a,0x00,0xff,
    0x21,0x0d,0x01,0xff,0x20,0x0c,0x01,0xff,0x21,0x0c,0x01,0xff,0x1e,0x0c,0x01,0xff,
    0x1f,0x0c,0x01,0xff,0x21,0x0c,0x01,0xff,0x21,0x0c,0x01,0xff,0x1e,0x0c,0x01,0xff,
    0x1f,0x0c,0x01,0xff,0x1d,0x0b,0x00,0xff,0x1d,0x0a,0x01,0xff,0x20,0x08,0x00,0xff,
    0x1a,0x08,0x00,0xff,0x1a,0x07,0x00,0xff,0x17,0x07,0x00,0xff,0x17,0x06,0x00,0xff,
    0x15,0x06,0x00,0xff,0x17,0x06,0x00,0xff,0x19,0x06,0x00,0xff,0x19,0x09,0x06,0xff,
    0x19,0x0d,0x14,0xff,0x15,0x0b,0x17,0xff,0x10,0x09,0x18,0xff,0x0f,0x08,0x15,0xff,
    0x12,0x08,0x12,0xff,0x13,0x0a,0x0f,0xff,0x12,0x0a,0x0c,0xff,0x12,0x08,0x05,0xff,
    0x10,0x06,0x01,0xff,0x12,0x06,0x00,0xff,0x23,0x10,0x07,0xff,0x45,0x2a,0x1e,0xff,
    0x56,0x3d,0x29,0xff,0x5b,0x3f,0x27,0xff,0x59,0x3c,0x2b,0xff,0x60,0x45,0x34,0xff,
    0x5c,0x46,0x2f,0xff,0x39,0x29,0x19,0xff,0x5a,0x53,0x4b,0xff,0x84,0x6d,0x5a,0xff,
    0x5b,0x34,0x14,0xff,0x00,0x00,0x00,0x00,0x00,0x00,0x00,0x00,0x00,0x00,0x00,0x00,
    0x00,0x00,0x00,0x00,0x00,0x00,0x00,0x00,0x00,0x00,0x00,0x00,0x00,0x00,0x00,0x00,
    0x00,0x00,0x00,0x00,0x00,0x00,0x00,0x00,0x00,0x00,0x00,0x00,0x00,0x00,0x00,0x00,
    0x00,0x00,0x00,0x00,0x00,0x00,0x00,0x00,0x00,0x00,0x00,0x00,0x00,0x00,0x00,0x00,
    0x00,0x00,0x00,0x00,0x00,0x00,0x00,0x00,0x00,0x00,0x00,0x00,0x00,0x00,0x00,0x00,
    0x00,0x00,0x00,0x00,0x00,0x00,0x00,0x00,0x00,0x00,0x00,0x00,0x00,0x00,0x00,0x00,
    0x00,0x00,0x00,0x00,0x00,0x00,0x00,0x00,0x00,0x00,0x00,0x00,0x00,0x00,0x00,0x00,
    0x00,0x00,0x00,0x00,0x00,0x00,0x00,0x00,0x00,0x00,0x00,0x00,0x00,0x00,0x00,0x00,
    0x00,0x00,0x00,0x00,0x00,0x00,0x00,0x00,0x00,0x00,0x00,0x00,0x00,0x00,0x00,0x00,
    0x00,0x00,0x00,0x00,0x00,0x00,0x00,0x00,0x00,0x00,0x00,0x00,0x00,0x00,0x00,0x00,
    0x00,0x00,0x00,0x00,0x78,0x58,0x3e,0xff,0x8d,0x8c,0x84,0xff,0x56,0x51,0x4a,0xff,
    0x3b,0x2a,0x1d,0xff,0x54,0x39,0x26,0xff,0x64,0x48,0x32,0xff,0x62,0x45,0x2d,0xff,
    0x5f,0x44,0x2d,0xff,0x59,0x40,0x2e,0xff,0x46,0x2a,0x1b,0xff,0x2b,0x13,0x08,0xff,
    0x1f,0x0a,0x00,0xff,0x1a,0x0a,0x00,0xff,0x1c,0x09,0x00,0xff,0x1c,0x0a,0x00,0xff,
    0x1b,0x09,0x00,0xff,0x1c,0x09,0x00,0xff,0x1d,0x0a,0x02,0xff,0x1e,0x0e,0x00,0xff,
    0x1d,0x0d,0x00,0xff,0x1e,0x0c,0x01,0xff,0x1c,0x0c,0x02,0xff,0x1c,0x0d,0x01,0xff,
    0x22,0x0d,0x00,0xff,0x21,0x0d,0x01,0xff,0x20,0x0d,0x02,0xff,0x1e,0x0c,0x02,0xff,
    0x1c,0x0b,0x01,0xff,0x1d,0x09,0x00,0xff,0x1c,0x07,0x00,0xff,0x16,0x06,0x00,0xff,
    0x17,0x05,0x00,0xff,0x13,0x05,0x00,0xff,0x13,0x05,0x00,0xff,0x15,0x06,0x00,0xff,
    0x18,0x07,0x00,0xff,0x1a,0x07,0x00,0xff,0x17,0x08,0x00,0xff,0x19,0x08,0x00,0xff,
    0x18,0x09,0x01,0xff,0x18,0x08,0x00,0xff,0x17,0x09,0x01,0xff,0x15,0x07,0x00,0xff,
    0x16,0x0b,0x04,0xff,0x37,0x2e,0x26,0xff,0x17,0x0a,0x08,0xff,0x13,0x06,0x01,0xff,
    0x14,0x07,0x00,0xff,0x16,0x06,0x00,0xff,0x17,0x06,0x00,0xff,0x19,0x07,0x00,0xff,
    0x17,0x06,0x00,0xff,0x15,0x07,0x00,0xff,0x14,0x07,0x00,0xff,0x16,0x06,0x00,0xff,
    0x18,0x06,0x00,0xff,0x14,0x07,0x00,0xff,0x15,0x07,0x00,0xff,0x18,0x07,0x00,0xff,
    0x18,0x08,0x00,0xff,0x1a,0x0a,0x00,0xff,0x1c,0x0c,0x00,0xff,0x22,0x0c,0x01,0xff,
    0x1e,0x0d,0x00,0xff,0x21,0x0e,0x00,0xff,0x20,0x0d,0x01,0xff,0x22,0x0e,0x00,0xff,
    0x21,0x0b,0x00,0xff,0x1c,0x08,0x00,0xff,0x17,0x07,0x00,0xff,0x18,0x08,0x00,0xff,
    0x19,0x07,0x00,0xff,0x17,0x07,0x00,0xff,0x19,0x07,0x00,0xff,0x1b,0x08,0x00,0xff,
    0x24,0x0f,0x06,0xff,0x37,0x23,0x16,0xff,0x53,0x37,0x27,0xff,0x60,0x3d,0x2a,0xff,
    0x5b,0x3c,0x24,0xff,0x5b,0x41,0x27,0xff,0x63,0x45,0x2f,0xff,0x49,0x2f,0x1e,0xff,
    0x35,0x25,0x1d,0xff,0x6a,0x60,0x58,0xff,0x7f,0x62,0x4b,0xff,0x00,0x00,0x00,0x00,
    0x00,0x00,0x00,0x00,0x00,0x00,0x00,0x00,0x00,0x00,0x00,0x00,0x00,0x00,0x00,0x00,
    0x00,0x00,0x00,0x00,0x00,0x00,0x00,0x00,0x00,0x00,0x00,0x00,0x00,0x00,0x00,0x00,
    0x00,0x00,0x00,0x00,0x00,0x00,0x00,0x00,0x00,0x00,0x00,0x00,0x00,0x00,0x00,0x00,
    0x00,0x00,0x00,0x00,0x00,0x00,0x00,0x00,0x00,0x00,0x00,0x00,0x00,0x00,0x00,0x00,
    0x00,0x00,0x00,0x00,0x00,0x00,0x00,0x00,0x00,0x00,0x00,0x00,0x00,0x00,0x00,0x00,
    0x00,0x00,0x00,0x00,0x00,0x00,0x00,0x00,0x00,0x00,0x00,0x00,0x00,0x00,0x00,0x00,
    0x00,0x00,0x00,0x00,0x00,0x00,0x00,0x00,0x00,0x00,0x00,0x00,0x00,0x00,0x00,0x00,
    0x00,0x00,0x00,0x00,0x00,0x00,0x00,0x00,0x00,0x00,0x00,0x00,0x00,0x00,0x00,0x00,
    0x00,0x00,0x00,0x00,0x00,0x00,0x00,0x00,0x00,0x00,0x00,0x00,0x00,0x00,0x00,0x00,
    0x00,0x00,0x00,0x00,0x00,0x00,0x00,0x00,0x00,0x00,0x00,0x00,0x00,0x00,0x00,0x00,
    0x00,0x00,0x00,0x00,0x00,0x00,0x00,0x00,0x69,0x46,0x2a,0xff,0x8f,0x78,0x64,0xff,
    0x79,0x70,0x67,0xff,0x35,0x28,0x1d,0xff,0x34,0x1e,0x0f,0xff,0x4e,0x34,0x21,0xff,
    0x5d,0x41,0x2c,0xff,0x5e,0x42,0x2d,0xff,0x63,0x43,0x2f,0xff,0x57,0x3b,0x29,0xff,
    0x44,0x2a,0x1b,0xff,0x32,0x17,0x0c,0xff,0x21,0x0d,0x02,0xff,0x1c,0x0a,0x00,0xff,
    0x1c,0x09,0x00,0xff,0x1d,0x0a,0x01,0xff,0x1b,0x0a,0x01,0xff,0x1c,0x0c,0x02,0xff,
    0x20,0x0e,0x02,0xff,0x26,0x0f,0x01,0xff,0x29,0x14,0x05,0xff,0x2f,0x18,0x07,0xff,
    0x36,0x1b,0x06,0xff,0x37,0x1d,0x08,0xff,0x39,0x1e,0x0a,0xff,0x39,0x1e,0x09,0xff,
    0x35,0x1c,0x09,0xff,0x35,0x1a,0x08,0xff,0x35,0x18,0x07,0xff,0x2e,0x17,0x06,0xff,
    0x2f,0x14,0x05,0xff,0x2a,0x12,0x04,0xff,0x27,0x12,0x04,0xff,0x23,0x11,0x03,0xff,
    0x24,0x10,0x02,0xff,0x24,0x0f,0x02,0xff,0x24,0x0d,0x01,0xff,0x1e,0x0e,0x01,0xff,
    0x1e,0x0c,0x01,0xff,0x1d,0x0b,0x01,0xff,0x1a,0x0b,0x01,0xff,0x1b,0x0a,0x01,0xff,
    0x1a,0x0b,0x02,0xff,0x1c,0x0d,0x01,0xff,0x1f,0x0b,0x02,0xff,0x1b,0x0b,0x02,0xff,
    0x1b,0x0c,0x01,0xff,0x21,0x0d,0x02,0xff,0x20,0x0e,0x02,0xff,0x23,0x10,0x03,0xff,
    0x26,0x0f,0x04,0xff,0x23,0x11,0x03,0xff,0x24,0x11,0x03,0xff,0x25,0x12,0x04,0xff,
    0x28,0x13,0x04,0xff,0x2b,0x13,0x04,0xff,0x2d,0x15,0x05,0xff,0x2c,0x17,0x05,0xff,
    0x30,0x18,0x06,0xff,0x2f,0x18,0x07,0xff,0x2f,0x19,0x06,0xff,0x32,0x17,0x05,0xff,
    0x2c,0x15,0x03,0xff,0x2a,0x13,0x02,0xff,0x24,0x0f,0x01,0xff,0x1e,0x0c,0x01,0xff,
    0x1d,0x07,0x01,0xff,0x1c,0x06,0x00,0xff,0x18,0x06,0x00,0xff,0x19,0x05,0x00,0xff,
    0x19,0x07,0x00,0xff,0x1e,0x09,0x01,0xff,0x2b,0x14,0x07,0xff,0x3e,0x25,0x14,0xff,
    0x51,0x34,0x23,0xff,0x5c,0x3c,0x26,0xff,0x58,0x3c,0x22,0xff,0x60,0x3d,0x24,0xff,
    0x63,0x40,0x28,0xff,0x48,0x31,0x1f,0xff,0x23,0x10,0x06,0xff,0x41,0x36,0x30,0xff,
    0x84,0x76,0x6a,0xff,0x73,0x51,0x36,0xff,0x53,0x2b,0x0b,0xff,0x00,0x00,0x00,0x00,
    0x00,0x00,0x00,0x00,0x00,0x00,0x00,0x00,0x00,0x00,0x00,0x00,0x00,0x00,0x00,0x00,
    0x00,0x00,0x00,0x00,0x00,0x00,0x00,0x00,0x00,0x00,0x00,0x00,0x00,0x00,0x00,0x00,
    0x00,0x00,0x00,0x00,0x00,0x00,0x00,0x00,0x00,0x00,0x00,0x00,0x00,0x00,0x00,0x00,
    0x00,0x00,0x00,0x00,0x00,0x00,0x00,0x00,0x00,0x00,0x00,0x00,0x00,0x00,0x00,0x00,
    0x00,0x00,0x00,0x00,0x00,0x00,0x00,0x00,0x00,0x00,0x00,0x00,0x00,0x00,0x00,0x00,
    0x00,0x00,0x00,0x00,0x00,0x00,0x00,0x00,0x00,0x00,0x00,0x00,0x00,0x00,0x00,0x00,
    0x00,0x00,0x00,0x00,0x00,0x00,0x00,0x00,0x00,0x00,0x00,0x00,0x00,0x00,0x00,0x00,
    0x00,0x00,0x00,0x00,0x00,0x00,0x00,0x00,0x00,0x00,0x00,0x00,0x00,0x00,0x00,0x00,
    0x00,0x00,0x00,0x00,0x00,0x00,0x00,0x00,0x00,0x00,0x00,0x00,0x00,0x00,0x00,0x00,
    0x00,0x00,0x00,0x00,0x00,0x00,0x00,0x00,0x00,0x00,0x00,0x00,0x00,0x00,0x00,0x00,
    0x00,0x00,0x00,0x00,0x00,0x00,0x00,0x00,0x00,0x00,0x00,0x00,0x00,0x00,0x00,0x00,
    0x6e,0x4b,0x2f,0xff,0x87,0x77,0x6a,0xff,0x60,0x58,0x51,0xff,0x34,0x29,0x1e,0xff,
    0x32,0x1c,0x0d,0xff,0x49,0x2e,0x1d,0xff,0x55,0x3b,0x26,0xff,0x5c,0x3e,0x2a,0xff,
    0x5d,0x3f,0x2c,0xff,0x59,0x3c,0x29,0xff,0x4e,0x32,0x1e,0xff,0x3e,0x27,0x13,0xff,
    0x33,0x1d,0x0c,0xff,0x2a,0x14,0x04,0xff,0x23,0x0f,0x01,0xff,0x22,0x0b,0x00,0xff,
    0x1f,0x09,0x00,0xff,0x1b,0x0b,0x00,0xff,0x1d,0x0b,0x00,0xff,0x1d,0x0b,0x01,0xff,
    0x22,0x0e,0x02,0xff,0x26,0x10,0x03,0xff,0x2c,0x13,0x05,0xff,0x30,0x16,0x07,0xff,
    0x33,0x18,0x07,0xff,0x34,0x1c,0x08,0xff,0x39,0x1e,0x0a,0xff,0x39,0x1f,0x0c,0xff,
    0x3c,0x21,0x0d,0xff,0x41,0x22,0x0c,0xff,0x41,0x23,0x0e,0xff,0x41,0x23,0x0e,0xff,
    0x3f,0x24,0x0e,0xff,0x3e,0x24,0x0e,0xff,0x41,0x25,0x0f,0xff,0x43,0x26,0x11,0xff,
    0x42,0x25,0x11,0xff,0x42,0x26,0x11,0xff,0x45,0x25,0x11,0xff,0x41,0x26,0x10,0xff,
    0x46,0x27,0x12,0xff,0x44,0x28,0x11,0xff,0x41,0x28,0x11,0xff,0x43,0x28,0x13,0xff,
    0x40,0x27,0x12,0xff,0x41,0x27,0x11,0xff,0x42,0x28,0x12,0xff,0x42,0x27,0x12,0xff,
    0x42,0x27,0x12,0xff,0x42,0x26,0x11,0xff,0x43,0x24,0x0f,0xff,0x3e,0x23,0x0e,0xff,
    0x3a,0x21,0x0d,0xff,0x39,0x1f,0x0a,0xff,0x37,0x1b,0x08,0xff,0x35,0x19,0x06,0xff,
    0x30,0x17,0x05,0xff,0x2e,0x13,0x05,0xff,0x25,0x10,0x03,0xff,0x23,0x0d,0x02,0xff,
    0x21,0x0a,0x01,0xff,0x1d,0x07,0x00,0xff,0x1b,0x06,0x00,0xff,0x1c,0x05,0x00,0xff,
    0x19,0x07,0x00,0xff,0x1e,0x0a,0x00,0xff,0x25,0x0d,0x03,0xff,0x2e,0x14,0x08,0xff,
    0x3b,0x1f,0x0d,0xff,0x47,0x2b,0x17,0xff,0x55,0x36,0x1f,0xff,0x56,0x3a,0x21,0xff,
    0x59,0x38,0x21,0xff,0x5c,0x3a,0x21,0xff,0x5a,0x3c,0x22,0xff,0x48,0x2e,0x1b,0xff,
    0x27,0x11,0x08,0xff,0x1a,0x12,0x10,0xff,0x59,0x55,0x51,0xff,0x80,0x67,0x53,0xff,
    0x5f,0x37,0x18,0xff,0x00,0x00,0x00,0x00,0x00,0x00,0x00,0x00,0x00,0x00,0x00,0x00,
    0x00,0x00,0x00,0x00,0x00,0x00,0x00,0x00,0x00,0x00,0x00,0x00,0x00,0x00,0x00,0x00,
    0x00,0x00,0x00,0x00,0x00,0x00,0x00,0x00,0x00,0x00,0x00,0x00,0x00,0x00,0x00,0x00,
    0x00,0x00,0x00,0x00,0x00,0x00,0x00,0x00,0x00,0x00,0x00,0x00,0x00,0x00,0x00,0x00,
    0x00,0x00,0x00,0x00,0x00,0x00,0x00,0x00,0x00,0x00,0x00,0x00,0x00,0x00,0x00,0x00,
    0x00,0x00,0x00,0x00,0x00,0x00,0x00,0x00,0x00,0x00,0x00,0x00,0x00,0x00,0x00,0x00,
    0x00,0x00,0x00,0x00,0x00,0x00,0x00,0x00,0x00,0x00,0x00,0x00,0x00,0x00,0x00,0x00,
    0x00,0x00,0x00,0x00,0x00,0x00,0x00,0x00,0x00,0x00,0x00,0x00,0x00,0x00,0x00,0x00,
    0x00,0x00,0x00,0x00,0x00,0x00,0x00,0x00,0x00,0x00,0x00,0x00,0x00,0x00,0x00,0x00,
    0x00,0x00,0x00,0x00,0x00,0x00,0x00,0x00,0x00,0x00,0x00,0x00,0x00,0x00,0x00,0x00,
    0x00,0x00,0x00,0x00,0x00,0x00,0x00,0x00,0x00,0x00,0x00,0x00,0x00,0x00,0x00,0x00,
    0x00,0x00,0x00,0x00,0x00,0x00,0x00,0x00,0x00,0x00,0x00,0x00,0x00,0x00,0x00,0x00,
    0x00,0x00,0x00,0x00,0x5d,0x36,0x18,0xff,0x7e,0x61,0x49,0xff,0x81,0x6f,0x5e,0xff,
    0x6b,0x64,0x5a,0xff,0x39,0x2c,0x21,0xff,0x31,0x1f,0x10,0xff,0x3f,0x28,0x18,0xff,
    0x4e,0x34,0x21,0xff,0x52,0x37,0x21,0xff,0x54,0x38,0x21,0xff,0x54,0x38,0x20,0xff,
    0x55,0x35,0x21,0xff,0x52,0x32,0x1d,0xff,0x49,0x2f,0x19,0xff,0x3b,0x26,0x12,0xff,
    0x34,0x1b,0x0a,0xff,0x29,0x16,0x05,0xff,0x26,0x12,0x03,0xff,0x24,0x0e,0x02,0xff,
    0x1d,0x0b,0x00,0xff,0x1c,0x09,0x00,0xff,0x1b,0x08,0x00,0xff,0x18,0x08,0x00,0xff,
    0x1b,0x07,0x00,0xff,0x1c,0x08,0x00,0xff,0x1b,0x08,0x00,0xff,0x1e,0x0b,0x01,0xff,
    0x24,0x0b,0x02,0xff,0x25,0x0c,0x03,0xff,0x23,0x10,0x04,0xff,0x26,0x11,0x04,0xff,
    0x29,0x13,0x05,0xff,0x2d,0x14,0x07,0xff,0x2e,0x15,0x08,0xff,0x2e,0x16,0x08,0xff,
    0x2f,0x18,0x09,0xff,0x2e,0x19,0x0a,0xff,0x33,0x19,0x0a,0xff,0x32,0x1a,0x0a,0xff,
    0x32,0x1b,0x0b,0xff,0x35,0x1b,0x0a,0xff,0x33,0x1b,0x0a,0xff,0x33,0x1b,0x0c,0xff,
    0x33,0x18,0x0a,0xff,0x2f,0x18,0x09,0xff,0x2d,0x16,0x08,0xff,0x2f,0x15,0x08,0xff,
    0x2b,0x14,0x07,0xff,0x26,0x12,0x05,0xff,0x24,0x10,0x04,0xff,0x22,0x0e,0x03,0xff,
    0x21,0x0a,0x02,0xff,0x1d,0x09,0x01,0xff,0x19,0x08,0x00,0xff,0x1a,0x05,0x00,0xff,
    0x15,0x07,0x00,0xff,0x1a,0x06,0x00,0xff,0x20,0x07,0x00,0xff,0x1f,0x0a,0x00,0xff,
    0x22,0x0b,0x01,0xff,0x25,0x0f,0x03,0xff,0x28,0x16,0x05,0xff,0x37,0x1a,0x09,0xff,
    0x3f,0x1f,0x0c,0xff,0x42,0x25,0x0e,0xff,0x47,0x2a,0x12,0xff,0x4d,0x2e,0x15,0xff,
    0x51,0x32,0x18,0xff,0x53,0x33,0x1b,0xff,0x59,0x35,0x1c,0xff,0x57,0x35,0x1c,0xff,
    0x4e,0x2e,0x18,0xff,0x39,0x1f,0x0e,0xff,0x24,0x10,0x05,0xff,0x29,0x1b,0x17,0xff,
    0x52,0x4b,0x45,0xff,0x80,0x71,0x65,0xff,0x79,0x5a,0x41,0xff,0x55,0x2d,0x0d,0xff,
    0x00,0x00,0x00,0x00,0x00,0x00,0x00,0x00,0x00,0x00,0x00,0x00,0x00,0x00,0x00,0x00,
    0x00,0x00,0x00,0x00,0x00,0x00,0x00,0x00,0x00,0x00,0x00,0x00,0x00,0x00,0x00,0x00,
    0x00,0x00,0x00,0x00,0x00,0x00,0x00,0x00,0x00,0x00,0x00,0x00,0x00,0x00,0x00,0x00,
    0x00,0x00,0x00,0x00,0x00,0x00,0x00,0x00,0x00,0x00,0x00,0x00,0x00,0x00,0x00,0x00,
    0x00,0x00,0x00,0x00,0x00,0x00,0x00,0x00,0x00,0x00,0x00,0x00,0x00,0x00,0x00,0x00,
    0x00,0x00,0x00,0x00,0x00,0x00,0x00,0x00,0x00,0x00,0x00,0x00,0x00,0x00,0x00,0x00,
    0x00,0x00,0x00,0x00,0x00,0x00,0x00,0x00,0x00,0x00,0x00,0x00,0x00,0x00,0x00,0x00,
    0x00,0x00,0x00,0x00,0x00,0x00,0x00,0x00,0x00,0x00,0x00,0x00,0x00,0x00,0x00,0x00,
    0x00,0x00,0x00,0x00,0x00,0x00,0x00,0x00,0x00,0x00,0x00,0x00,0x00,0x00,0x00,0x00,
    0x00,0x00,0x00,0x00,0x00,0x00,0x00,0x00,0x00,0x00,0x00,0x00,0x00,0x00,0x00,0x00,
    0x00,0x00,0x00,0x00,0x00,0x00,0x00,0x00,0x00,0x00,0x00,0x00,0x00,0x00,0x00,0x00,
    0x00,0x00,0x00,0x00,0x00,0x00,0x00,0x00,0x00,0x00,0x00,0x00,0x00,0x00,0x00,0x00,
    0x00,0x00,0x00,0x00,0x00,0x00,0x00,0x00,0x00,0x00,0x00,0x00,0x00,0x00,0x00,0x00,
    0x7a,0x5d,0x45,0xff,0x7c,0x6c,0x5b,0xff,0x6c,0x60,0x57,0xff,0x3e,0x3b,0x33,0xff,
    0x26,0x1d,0x12,0xff,0x31,0x1d,0x0e,0xff,0x3f,0x26,0x15,0xff,0x4b,0x31,0x1b,0xff,
    0x50,0x36,0x1d,0xff,0x55,0x35,0x1e,0xff,0x52,0x34,0x1b,0xff,0x51,0x33,0x1a,0xff,
    0x4f,0x31,0x18,0xff,0x4a,0x30,0x16,0xff,0x47,0x2c,0x15,0xff,0x45,0x29,0x14,0xff,
    0x3f,0x27,0x11,0xff,0x3d,0x23,0x0f,0xff,0x38,0x1f,0x0e,0xff,0x2f,0x1c,0x0c,0xff,
    0x2f,0x18,0x0a,0xff,0x29,0x14,0x08,0xff,0x27,0x11,0x06,0xff,0x20,0x0f,0x05,0xff,
    0x22,0x0d,0x04,0xff,0x1f,0x0b,0x02,0xff,0x1e,0x0a,0x02,0xff,0x1b,0x0a,0x00,0xff,
    0x1b,0x09,0x01,0xff,0x19,0x07,0x00,0xff,0x1b,0x07,0x00,0xff,0x18,0x07,0x00,0xff,
    0x18,0x06,0x00,0xff,0x18,0x06,0x00,0xff,0x17,0x06,0x00,0xff,0x16,0x05,0x00,0xff,
    0x17,0x04,0x00,0xff,0x16,0x03,0x00,0xff,0x14,0x03,0x00,0xff,0x15,0x03,0x00,0xff,
    0x16,0x03,0x00,0xff,0x15,0x03,0x00,0xff,0x18,0x04,0x00,0xff,0x18,0x05,0x00,0xff,
    0x1a,0x05,0x00,0xff,0x1b,0x06,0x00,0xff,0x1c,0x07,0x00,0xff,0x1c,0x09,0x01,0xff,
    0x22,0x0b,0x02,0xff,0x23,0x0e,0x04,0xff,0x28,0x12,0x04,0xff,0x2d,0x14,0x06,0xff,
    0x2e,0x18,0x06,0xff,0x37,0x1b,0x08,0xff,0x3c,0x1e,0x0a,0xff,0x3d,0x22,0x0b,0xff,
    0x44,0x24,0x0d,0xff,0x45,0x26,0x0e,0xff,0x45,0x2a,0x0d,0xff,0x49,0x2b,0x0e,0xff,
    0x4a,0x2b,0x11,0xff,0x4e,0x2c,0x13,0xff,0x4b,0x2f,0x14,0xff,0x51,0x2f,0x17,0xff,
    0x4d,0x30,0x18,0xff,0x48,0x2a,0x15,0xff,0x33,0x1c,0x0b,0xff,0x21,0x0f,0x01,0xff,
    0x22,0x16,0x0e,0xff,0x37,0x2e,0x29,0xff,0x5c,0x55,0x4d,0xff,0x88,0x79,0x6b,0xff,
    0x7e,0x5f,0x47,0xff,0x5c,0x33,0x14,0xff,0x00,0x00,0x00,0x00,0x00,0x00,0x00,0x00,
    0x00,0x00,0x00,0x00,0x00,0x00,0x00,0x00,0x00,0x00,0x00,0x00,0x00,0x00,0x00,0x00,
    0x00,0x00,0x00,0x00,0x00,0x00,0x00,0x00,0x00,0x00,0x00,0x00,0x00,0x00,0x00,0x00,
    0x00,0x00,0x00,0x00,0x00,0x00,0x00,0x00,0x00,0x00,0x00,0x00,0x00,0x00,0x00,0x00,
    0x00,0x00,0x00,0x00,0x00,0x00,0x00,0x00,0x00,0x00,0x00,0x00,0x00,0x00,0x00,0x00,
    0x00,0x00,0x00,0x00,0x00,0x00,0x00,0x00,0x00,0x00,0x00,0x00,0x00,0x00,0x00,0x00,
    0x00,0x00,0x00,0x00,0x00,0x00,0x00,0x00,0x00,0x00,0x00,0x00,0x00,0x00,0x00,0x00,
    0x00,0x00,0x00,0x00,0x00,0x00,0x00,0x00,0x00,0x00,0x00,0x00,0x00,0x00,0x00,0x00,
    0x00,0x00,0x00,0x00,0x00,0x00,0x00,0x00,0x00,0x00,0x00,0x00,0x00,0x00,0x00,0x00,
    0x00,0x00,0x00,0x00,0x00,0x00,0x00,0x00,0x00,0x00,0x00,0x00,0x00,0x00,0x00,0x00,
    0x00,0x00,0x00,0x00,0x00,0x00,0x00,0x00,0x00,0x00,0x00,0x00,0x00,0x00,0x00,0x00,
    0x00,0x00,0x00,0x00,0x00,0x00,0x00,0x00,0x00,0x00,0x00,0x00,0x00,0x00,0x00,0x00,
    0x00,0x00,0x00,0x00,0x00,0x00,0x00,0x00,0x00,0x00,0x00,0x00,0x00,0x00,0x00,0x00,
    0x00,0x00,0x00,0x00,0x00,0x00,0x00,0x00,0x00,0x00,0x00,0x00,0x00,0x00,0x00,0x00,
    0x00,0x00,0x00,0x00,0x00,0x00,0x00,0x00,0x00,0x00,0x00,0x00,0x81,0x6e,0x5c,0xff,
    0x7c,0x77,0x70,0xff,0x5a,0x59,0x55,0xff,0x2f,0x2b,0x28,0xff,0x1d,0x14,0x0d,0xff,
    0x22,0x15,0x09,0xff,0x32,0x20,0x0e,0xff,0x41,0x2a,0x16,0xff,0x4c,0x30,0x1a,0xff,
    0x52,0x33,0x1e,0xff,0x50,0x33,0x1b,0xff,0x4f,0x31,0x18,0xff,0x4f,0x2f,0x18,0xff,
    0x4c,0x30,0x17,0xff,0x4f,0x2f,0x17,0xff,0x4d,0x2d,0x16,0xff,0x48,0x2c,0x16,0xff,
    0x47,0x2b,0x15,0xff,0x44,0x2a,0x14,0xff,0x43,0x29,0x14,0xff,0x42,0x28,0x14,0xff,
    0x40,0x28,0x14,0xff,0x3f,0x28,0x13,0xff,0x40,0x25,0x13,0xff,0x3d,0x26,0x12,0xff,
    0x3c,0x25,0x12,0xff,0x3b,0x25,0x12,0xff,0x3b,0x24,0x12,0xff,0x3a,0x23,0x12,0xff,
    0x38,0x23,0x10,0xff,0x37,0x22,0x0f,0xff,0x36,0x21,0x0f,0xff,0x36,0x21,0x0f,0xff,
    0x38,0x20,0x10,0xff,0x39,0x20,0x10,0xff,0x3b,0x22,0x10,0xff,0x3b,0x22,0x10,0xff,
    0x3d,0x23,0x10,0xff,0x3b,0x23,0x10,0xff,0x3f,0x23,0x0f,0xff,0x3e,0x24,0x0f,0xff,
    0x3f,0x24,0x0f,0xff,0x42,0x25,0x0f,0xff,0x43,0x26,0x10,0xff,0x43,0x27,0x0e,0xff,
    0x45,0x26,0x0d,0xff,0x45,0x27,0x0d,0xff,0x48,0x27,0x0d,0xff,0x4c,0x27,0x0e,0xff,
    0x49,0x29,0x0e,0xff,0x4a,0x28,0x0f,0xff,0x4c,0x29,0x0e,0xff,0x4b,0x2b,0x11,0xff,
    0x4f,0x2a,0x11,0xff,0x4e,0x2a,0x11,0xff,0x4b,0x2c,0x11,0xff,0x47,0x2c,0x12,0xff,
    0x40,0x28,0x10,0xff,0x37,0x1d,0x09,0xff,0x29,0x17,0x05,0xff,0x23,0x15,0x07,0xff,
    0x1d,0x11,0x07,0xff,0x1c,0x11,0x09,0xff,0x38,0x33,0x30,0xff,0x69,0x62,0x5a,0xff,
    0x79,0x6a,0x5c,0xff,0x7e,0x65,0x51,0xff,0x76,0x55,0x3a,0xff,0x00,0x00,0x00,0x00,
    0x00,0x00,0x00,0x00,0x00,0x00,0x00,0x00,0x00,0x00,0x00,0x00,0x00,0x00,0x00,0x00,
    0x00,0x00,0x00,0x00,0x00,0x00,0x00,0x00,0x00,0x00,0x00,0x00,0x00,0x00,0x00,0x00,
    0x00,0x00,0x00,0x00,0x00,0x00,0x00,0x00,0x00,0x00,0x00,0x00,0x00,0x00,0x00,0x00,
    0x00,0x00,0x00,0x00,0x00,0x00,0x00,0x00,0x00,0x00,0x00,0x00,0x00,0x00,0x00,0x00,
    0x00,0x00,0x00,0x00,0x00,0x00,0x00,0x00,0x00,0x00,0x00,0x00,0x00,0x00,0x00,0x00,
    0x00,0x00,0x00,0x00,0x00,0x00,0x00,0x00,0x00,0x00,0x00,0x00,0x00,0x00,0x00,0x00,
    0x00,0x00,0x00,0x00,0x00,0x00,0x00,0x00,0x00,0x00,0x00,0x00,0x00,0x00,0x00,0x00,
    0x00,0x00,0x00,0x00,0x00,0x00,0x00,0x00,0x00,0x00,0x00,0x00,0x00,0x00,0x00,0x00,
    0x00,0x00,0x00,0x00,0x00,0x00,0x00,0x00,0x00,0x00,0x00,0x00,0x00,0x00,0x00,0x00,
    0x00,0x00,0x00,0x00,0x00,0x00,0x00,0x00,0x00,0x00,0x00,0x00,0x00,0x00,0x00,0x00,
    0x00,0x00,0x00,0x00,0x00,0x00,0x00,0x00,0x00,0x00,0x00,0x00,0x00,0x00,0x00,0x00,
    0x00,0x00,0x00,0x00,0x00,0x00,0x00,0x00,0x00,0x00,0x00,0x00,0x00,0x00,0x00,0x00,
    0x00,0x00,0x00,0x00,0x00,0x00,0x00,0x00,0x00,0x00,0x00,0x00,0x00,0x00,0x00,0x00,
    0x00,0x00,0x00,0x00,0x00,0x00,0x00,0x00,0x00,0x00,0x00,0x00,0x00,0x00,0x00,0x00,
    0x00,0x00,0x00,0x00,0x00,0x00,0x00,0x00,0x00,0x00,0x00,0x00,0x00,0x00,0x00,0x00,
    0x67,0x41,0x24,0xff,0x86,0x6e,0x59,0xff,0x89,0x7d,0x70,0xff,0x68,0x60,0x57,0xff,
    0x5c,0x56,0x53,0xff,0x48,0x46,0x42,0xff,0x2f,0x2d,0x28,0xff,0x23,0x1d,0x16,0xff,
    0x21,0x17,0x0d,0xff,0x27,0x18,0x0b,0xff,0x2e,0x1c,0x0d,0xff,0x36,0x20,0x10,0xff,
    0x37,0x26,0x12,0xff,0x3f,0x27,0x14,0xff,0x41,0x2a,0x15,0xff,0x41,0x2c,0x16,0xff,
    0x45,0x29,0x16,0xff,0x44,0x2a,0x15,0xff,0x40,0x2a,0x14,0xff,0x45,0x2b,0x15,0xff,
    0x46,0x2a,0x15,0xff,0x43,0x2b,0x15,0xff,0x43,0x2c,0x16,0xff,0x45,0x2c,0x15,0xff,
    0x45,0x2c,0x15,0xff,0x46,0x2c,0x15,0xff,0x45,0x2d,0x15,0xff,0x44,0x2d,0x16,0xff,
    0x47,0x2d,0x15,0xff,0x4a,0x2d,0x15,0xff,0x48,0x2d,0x15,0xff,0x47,0x2e,0x14,0xff,
    0x49,0x2e,0x15,0xff,0x4b,0x2f,0x15,0xff,0x4b,0x2f,0x16,0xff,0x4e,0x2f,0x15,0xff,
    0x4e,0x2f,0x15,0xff,0x4a,0x30,0x15,0xff,0x4a,0x30,0x15,0xff,0x4f,0x2e,0x14,0xff,
    0x4f,0x2e,0x15,0xff,0x4a,0x2e,0x14,0xff,0x4a,0x2d,0x13,0xff,0x4b,0x2c,0x13,0xff,
    0x49,0x2c,0x11,0xff,0x47,0x2b,0x10,0xff,0x46,0x2b,0x12,0xff,0x47,0x2a,0x13,0xff,
    0x48,0x2a,0x13,0xff,0x46,0x2a,0x14,0xff,0x44,0x29,0x13,0xff,0x3a,0x25,0x11,0xff,
    0x37,0x1f,0x0d,0xff,0x2d,0x1a,0x08,0xff,0x25,0x14,0x04,0xff,0x21,0x0f,0x03,0xff,
    0x23,0x17,0x0e,0xff,0x37,0x33,0x2f,0xff,0x4b,0x48,0x45,0xff,0x55,0x50,0x4d,0xff,
    0x57,0x52,0x4d,0xff,0x67,0x60,0x57,0xff,0x87,0x78,0x69,0xff,0x78,0x57,0x3d,0xff,
    0x00,0x00,0x00,0x00,0x00,0x00,0x00,0x00,0x00,0x00,0x00,0x00,0x00,0x00,0x00,0x00,
    0x00,0x00,0x00,0x00,0x00,0x00,0x00,0x00,0x00,0x00,0x00,0x00,0x00,0x00,0x00,0x00,
    0x00,0x00,0x00,0x00,0x00,0x00,0x00,0x00,0x00,0x00,0x00,0x00,0x00,0x00,0x00,0x00,
    0x00,0x00,0x00,0x00,0x00,0x00,0x00,0x00,0x00,0x00,0x00,0x00,0x00,0x00,0x00,0x00,
    0x00,0x00,0x00,0x00,0x00,0x00,0x00,0x00,0x00,0x00,0x00,0x00,0x00,0x00,0x00,0x00,
    0x00,0x00,0x00,0x00,0x00,0x00,0x00,0x00,0x00,0x00,0x00,0x00,0x00,0x00,0x00,0x00,
    0x00,0x00,0x00,0x00,0x00,0x00,0x00,0x00,0x00,0x00,0x00,0x00,0x00,0x00,0x00,0x00,
    0x00,0x00,0x00,0x00,0x00,0x00,0x00,0x00,0x00,0x00,0x00,0x00,0x00,0x00,0x00,0x00,
    0x00,0x00,0x00,0x00,0x00,0x00,0x00,0x00,0x00,0x00,0x00,0x00,0x00,0x00,0x00,0x00,
    0x00,0x00,0x00,0x00,0x00,0x00,0x00,0x00,0x00,0x00,0x00,0x00,0x00,0x00,0x00,0x00,
    0x00,0x00,0x00,0x00,0x00,0x00,0x00,0x00,0x00,0x00,0x00,0x00,0x00,0x00,0x00,0x00,
    0x00,0x00,0x00,0x00,0x00,0x00,0x00,0x00,0x00,0x00,0x00,0x00,0x00,0x00,0x00,0x00,
    0x00,0x00,0x00,0x00,0x00,0x00,0x00,0x00,0x00,0x00,0x00,0x00,0x00,0x00,0x00,0x00,
    0x00,0x00,0x00,0x00,0x00,0x00,0x00,0x00,0x00,0x00,0x00,0x00,0x00,0x00,0x00,0x00,
    0x00,0x00,0x00,0x00,0x00,0x00,0x00,0x00,0x00,0x00,0x00,0x00,0x00,0x00,0x00,0x00,
    0x00,0x00,0x00,0x00,0x00,0x00,0x00,0x00,0x00,0x00,0x00,0x00,0x00,0x00,0x00,0x00,
    0x00,0x00,0x00,0x00,0x00,0x00,0x00,0x00,0x00,0x00,0x00,0x00,0x00,0x00,0x00,0x00,
    0x71,0x4f,0x33,0xff,0x7a,0x60,0x49,0xff,0x7f,0x6d,0x5d,0xff,0x7b,0x6f,0x66,0xff,
    0x68,0x61,0x5b,0xff,0x4e,0x49,0x44,0xff,0x45,0x3f,0x3a,0xff,0x44,0x39,0x37,0xff,
    0x37,0x2f,0x2a,0xff,0x34,0x26,0x1e,0xff,0x2d,0x1e,0x14,0xff,0x27,0x1b,0x10,0xff,
    0x2a,0x19,0x0f,0xff,0x29,0x19,0x0e,0xff,0x29,0x18,0x0b,0xff,0x2c,0x1b,0x0d,0xff,
    0x2e,0x1e,0x0f,0xff,0x31,0x20,0x0f,0xff,0x32,0x22,0x14,0xff,0x37,0x24,0x13,0xff,
    0x37,0x24,0x11,0xff,0x39,0x26,0x12,0xff,0x3d,0x27,0x13,0xff,0x3e,0x29,0x15,0xff,
    0x3c,0x29,0x15,0xff,0x40,0x2a,0x15,0xff,0x41,0x2c,0x16,0xff,0x44,0x2c,0x16,0xff,
    0x47,0x2e,0x17,0xff,0x49,0x30,0x18,0xff,0x48,0x31,0x19,0xff,0x48,0x30,0x18,0xff,
    0x47,0x2f,0x17,0xff,0x48,0x30,0x19,0xff,0x47,0x2f,0x19,0xff,0x44,0x2e,0x18,0xff,
    0x46,0x2b,0x17,0xff,0x3c,0x27,0x12,0xff,0x38,0x22,0x10,0xff,0x36,0x1f,0x0e,0xff,
    0x31,0x1c,0x0c,0xff,0x2f,0x1a,0x09,0xff,0x2c,0x17,0x08,0xff,0x25,0x13,0x05,0xff,
    0x21,0x11,0x04,0xff,0x1e,0x10,0x04,0xff,0x20,0x12,0x07,0xff,0x26,0x1c,0x14,0xff,
    0x34,0x29,0x24,0xff,0x3e,0x35,0x30,0xff,0x4a,0x45,0x3f,0xff,0x5d,0x54,0x4f,0xff,
    0x7b,0x74,0x6d,0xff,0x92,0x83,0x77,0xff,0x91,0x7e,0x6e,0xff,0x7b,0x5e,0x48,0xff,
    0x71,0x4f,0x34,0xff,0x65,0x3f,0x20,0xff,0x00,0x00,0x00,0x00,0x00,0x00,0x00,0x00,
    0x00,0x00,0x00,0x00,0x00,0x00,0x00,0x00,0x00,0x00,0x00,0x00,0x00,0x00,0x00,0x00,
    0x00,0x00,0x00,0x00,0x00,0x00,0x00,0x00,0x00,0x00,0x00,0x00,0x00,0x00,0x00,0x00,
    0x00,0x00,0x00,0x00,0x00,0x00,0x00,0x00,0x00,0x00,0x00,0x00,0x00,0x00,0x00,0x00,
    0x00,0x00,0x00,0x00,0x00,0x00,0x00,0x00,0x00,0x00,0x00,0x00,0x00,0x00,0x00,0x00,
    0x00,0x00,0x00,0x00,0x00,0x00,0x00,0x00,0x00,0x00,0x00,0x00,0x00,0x00,0x00,0x00,
    0x00,0x00,0x00,0x00,0x00,0x00,0x00,0x00,0x00,0x00,0x00,0x00,0x00,0x00,0x00,0x00,
    0x00,0x00,0x00,0x00,0x00,0x00,0x00,0x00,0x00,0x00,0x00,0x00,0x00,0x00,0x00,0x00,
    0x00,0x00,0x00,0x00,0x00,0x00,0x00,0x00,0x00,0x00,0x00,0x00,0x00,0x00,0x00,0x00,
    0x00,0x00,0x00,0x00,0x00,0x00,0x00,0x00,0x00,0x00,0x00,0x00,0x00,0x00,0x00,0x00,
    0x00,0x00,0x00,0x00,0x00,0x00,0x00,0x00,0x00,0x00,0x00,0x00,0x00,0x00,0x00,0x00,
    0x00,0x00,0x00,0x00,0x00,0x00,0x00,0x00,0x00,0x00,0x00,0x00,0x00,0x00,0x00,0x00,
    0x00,0x00,0x00,0x00,0x00,0x00,0x00,0x00,0x00,0x00,0x00,0x00,0x00,0x00,0x00,0x00,
    0x00,0x00,0x00,0x00,0x00,0x00,0x00,0x00,0x00,0x00,0x00,0x00,0x00,0x00,0x00,0x00,
    0x00,0x00,0x00,0x00,0x00,0x00,0x00,0x00,0x00,0x00,0x00,0x00,0x00,0x00,0x00,0x00,
    0x00,0x00,0x00,0x00,0x00,0x00,0x00,0x00,0x00,0x00,0x00,0x00,0x00,0x00,0x00,0x00,
    0x00,0x00,0x00,0x00,0x00,0x00,0x00,0x00,0x00,0x00,0x00,0x00,0x00,0x00,0x00,0x00,
    0x00,0x00,0x00,0x00,0x00,0x00,0x00,0x00,0x00,0x00,0x00,0x00,0x00,0x00,0x00,0x00,
    0x00,0x00,0x00,0x00,0x00,0x00,0x00,0x00,0x00,0x00,0x00,0x00,0x62,0x3b,0x1c,0xff,
    0x6e,0x4a,0x2e,0xff,0x6f,0x4f,0x35,0xff,0x7b,0x5f,0x48,0xff,0x83,0x6b,0x59,0xff,
    0x7d,0x69,0x59,0xff,0x77,0x65,0x56,0xff,0x76,0x68,0x5c,0xff,0x66,0x5c,0x51,0xff,
    0x5d,0x52,0x4b,0xff,0x51,0x49,0x46,0xff,0x48,0x42,0x3c,0xff,0x3f,0x36,0x31,0xff,
    0x32,0x2e,0x28,0xff,0x2c,0x27,0x21,0xff,0x23,0x1d,0x17,0xff,0x1e,0x18,0x10,0xff,
    0x19,0x13,0x0a,0xff,0x15,0x0e,0x04,0xff,0x14,0x0e,0x04,0xff,0x18,0x0e,0x06,0xff,
    0x19,0x11,0x06,0xff,0x1c,0x12,0x08,0xff,0x1d,0x14,0x08,0xff,0x20,0x16,0x09,0xff,
    0x20,0x15,0x09,0xff,0x1c,0x13,0x06,0xff,0x1e,0x12,0x05,0xff,0x20,0x13,0x07,0xff,
    0x20,0x14,0x0a,0xff,0x1c,0x14,0x09,0xff,0x1f,0x13,0x09,0xff,0x1b,0x11,0x08,0xff,
    0x1c,0x11,0x0b,0xff,0x24,0x18,0x10,0xff,0x2c,0x22,0x15,0xff,0x2e,0x25,0x1a,0xff,
    0x36,0x2a,0x20,0xff,0x38,0x31,0x28,0xff,0x3e,0x35,0x2d,0xff,0x4b,0x40,0x38,0xff,
    0x50,0x49,0x40,0xff,0x5e,0x55,0x4d,0xff,0x6d,0x60,0x58,0xff,0x77,0x67,0x59,0xff,
    0x7f,0x6b,0x58,0xff,0x86,0x6d,0x5a,0xff,0x7f,0x63,0x4d,0xff,0x76,0x55,0x3c,0xff,
    0x6b,0x46,0x2a,0xff,0x58,0x30,0x11,0xff,0x00,0x00,0x00,0x00,0x00,0x00,0x00,0x00,
    0x00,0x00,0x00,0x00,0x00,0x00,0x00,0x00,0x00,0x00,0x00,0x00,0x00,0x00,0x00,0x00,
    0x00,0x00,0x00,0x00,0x00,0x00,0x00,0x00,0x00,0x00,0x00,0x00,0x00,0x00,0x00,0x00,
    0x00,0x00,0x00,0x00,0x00,0x00,0x00,0x00,0x00,0x00,0x00,0x00,0x00,0x00,0x00,0x00,
    0x00,0x00,0x00,0x00,0x00,0x00,0x00,0x00,0x00,0x00,0x00,0x00,0x00,0x00,0x00,0x00,
    0x00,0x00,0x00,0x00,0x00,0x00,0x00,0x00,0x00,0x00,0x00,0x00,0x00,0x00,0x00,0x00,
    0x00,0x00,0x00,0x00,0x00,0x00,0x00,0x00,0x00,0x00,0x00,0x00,0x00,0x00,0x00,0x00,
    0x00,0x00,0x00,0x00,0x00,0x00,0x00,0x00,0x00,0x00,0x00,0x00,0x00,0x00,0x00,0x00,
    0x00,0x00,0x00,0x00,0x00,0x00,0x00,0x00,0x00,0x00,0x00,0x00,0x00,0x00,0x00,0x00,
    0x00,0x00,0x00,0x00,0x00,0x00,0x00,0x00,0x00,0x00,0x00,0x00,0x00,0x00,0x00,0x00,
    0x00,0x00,0x00,0x00,0x00,0x00,0x00,0x00,0x00,0x00,0x00,0x00,0x00,0x00,0x00,0x00,
    0x00,0x00,0x00,0x00,0x00,0x00,0x00,0x00,0x00,0x00,0x00,0x00,0x00,0x00,0x00,0x00,
    0x00,0x00,0x00,0x00,0x00,0x00,0x00,0x00,0x00,0x00,0x00,0x00,0x00,0x00,0x00,0x00,
    0x00,0x00,0x00,0x00,0x00,0x00,0x00,0x00,0x00,0x00,0x00,0x00,0x00,0x00,0x00,0x00,
    0x00,0x00,0x00,0x00,0x00,0x00,0x00,0x00,0x00,0x00,0x00,0x00,0x00,0x00,0x00,0x00,
    0x00,0x00,0x00,0x00,0x00,0x00,0x00,0x00,0x00,0x00,0x00,0x00,0x00,0x00,0x00,0x00,
    0x00,0x00,0x00,0x00,0x00,0x00,0x00,0x00,0x00,0x00,0x00,0x00,0x00,0x00,0x00,0x00,
    0x00,0x00,0x00,0x00,0x00,0x00,0x00,0x00,0x00,0x00,0x00,0x00,0x00,0x00,0x00,0x00,
    0x00,0x00,0x00,0x00,0x00,0x00,0x00,0x00,0x00,0x00,0x00,0x00,0x00,0x00,0x00,0x00,
    0x00,0x00,0x00,0x00,0x00,0x00,0x00,0x00,0x00,0x00,0x00,0x00,0x00,0x00,0x00,0x00,
    0x00,0x00,0x00,0x00,0x00,0x00,0x00,0x00,0x00,0x00,0x00,0x00,0x00,0x00,0x00,0x00,
    0x00,0x00,0x00,0x00,0x00,0x00,0x00,0x00,0x65,0x3f,0x21,0xff,0x69,0x44,0x27,0xff,
    0x6e,0x4b,0x2f,0xff,0x73,0x55,0x3c,0xff,0x7e,0x66,0x50,0xff,0x7a,0x60,0x4b,0xff,
    0x7b,0x64,0x53,0xff,0x71,0x5d,0x4d,0xff,0x78,0x67,0x58,0xff,0x78,0x6c,0x5f,0xff,
    0x65,0x5a,0x4d,0xff,0x73,0x6d,0x64,0xff,0x68,0x65,0x5d,0xff,0x61,0x5a,0x52,0xff,
    0x5a,0x54,0x4b,0xff,0x53,0x4f,0x46,0xff,0x52,0x4b,0x43,0xff,0x4e,0x47,0x3e,0xff,
    0x51,0x4d,0x45,0xff,0x5b,0x5b,0x53,0xff,0x63,0x60,0x58,0xff,0x5b,0x53,0x4a,0xff,
    0x51,0x49,0x3f,0xff,0x57,0x51,0x47,0xff,0x5f,0x57,0x4c,0xff,0x68,0x61,0x57,0xff,
    0x68,0x60,0x56,0xff,0x68,0x59,0x4b,0xff,0x84,0x75,0x67,0xff,0x80,0x71,0x60,0xff,
    0x74,0x5e,0x4a,0xff,0x81,0x6f,0x5d,0xff,0x7a,0x65,0x4f,0xff,0x85,0x6a,0x55,0xff,
    0x7d,0x61,0x49,0xff,0x76,0x56,0x3d,0xff,0x6e,0x4b,0x30,0xff,0x61,0x3a,0x1c,0xff,
    0x00,0x00,0x00,0x00,0x00,0x00,0x00,0x00,0x00,0x00,0x00,0x00,0x00,0x00,0x00,0x00,
    0x00,0x00,0x00,0x00,0x00,0x00,0x00,0x00,0x00,0x00,0x00,0x00,0x00,0x00,0x00,0x00,
    0x00,0x00,0x00,0x00,0x00,0x00,0x00,0x00,0x00,0x00,0x00,0x00,0x00,0x00,0x00,0x00,
    0x00,0x00,0x00,0x00,0x00,0x00,0x00,0x00,0x00,0x00,0x00,0x00,0x00,0x00,0x00,0x00,
    0x00,0x00,0x00,0x00,0x00,0x00,0x00,0x00,0x00,0x00,0x00,0x00,0x00,0x00,0x00,0x00,
    0x00,0x00,0x00,0x00,0x00,0x00,0x00,0x00,0x00,0x00,0x00,0x00,0x00,0x00,0x00,0x00,
    0x00,0x00,0x00,0x00,0x00,0x00,0x00,0x00,0x00,0x00,0x00,0x00,0x00,0x00,0x00,0x00,
    0x00,0x00,0x00,0x00,0x00,0x00,0x00,0x00,0x00,0x00,0x00,0x00,0x00,0x00,0x00,0x00,
    0x00,0x00,0x00,0x00,0x00,0x00,0x00,0x00,0x00,0x00,0x00,0x00,0x00,0x00,0x00,0x00,
    0x00,0x00,0x00,0x00,0x00,0x00,0x00,0x00,0x00,0x00,0x00,0x00,0x00,0x00,0x00,0x00,
    0x00,0x00,0x00,0x00,0x00,0x00,0x00,0x00,0x00,0x00,0x00,0x00,0x00,0x00,0x00,0x00,
};

const lv_image_dsc_t s2_nav_car_img = {
    .header = {
        .magic = LV_IMAGE_HEADER_MAGIC,
        .cf = LV_COLOR_FORMAT_ARGB8888,
        .flags = 0,
        .w = 128,
        .h = 266,
        .stride = 512,
        .reserved_2 = 0,
    },
    .data_size = sizeof(s2_nav_car_img_map),
    .data = s2_nav_car_img_map,
    .reserved = NULL,
};
